scenario,flowId,txPackets,rxPackets,lostPackets,delaySum,jitterSum,throughput,zone_label
Urban,1,0,0,0,0.0,0.0,0.0,1
Urban,2,0,0,0,0.0,0.0,0.0,1
Urban,3,0,0,0,0.0,0.0,0.0,1
Urban,4,0,0,0,0.0,0.0,0.0,1
Urban,5,0,0,0,0.0,0.0,0.0,1
Urban,6,0,0,0,0.0,0.0,0.0,1
Urban,7,0,0,0,0.0,0.0,0.0,1
Urban,8,0,0,0,0.0,0.0,0.0,1
Urban,9,0,0,0,0.0,0.0,0.0,1
Urban,10,0,0,0,0.0,0.0,0.0,1
Urban,11,0,0,0,0.0,0.0,0.0,1
Urban,12,0,0,0,0.0,0.0,0.0,1
Urban,13,0,0,0,0.0,0.0,0.0,1
Urban,14,0,0,0,0.0,0.0,0.0,1
Urban,15,0,0,0,0.0,0.0,0.0,1
Urban,16,0,0,0,0.0,0.0,0.0,1
Urban,17,0,0,0,0.0,0.0,0.0,1
Urban,18,0,0,0,0.0,0.0,0.0,1
Urban,19,0,0,0,0.0,0.0,0.0,1
Urban,20,0,0,0,0.0,0.0,0.0,1
Urban,21,0,0,0,0.0,0.0,0.0,1
Urban,22,0,0,0,0.0,0.0,0.0,1
Urban,23,0,0,0,0.0,0.0,0.0,1
Urban,24,0,0,0,0.0,0.0,0.0,1
Urban,25,0,0,0,0.0,0.0,0.0,1
Urban,26,0,0,0,0.0,0.0,0.0,1
Urban,27,0,0,0,0.0,0.0,0.0,1
Urban,28,0,0,0,0.0,0.0,0.0,1
Urban,29,0,0,0,0.0,0.0,0.0,1
Urban,30,0,0,0,0.0,0.0,0.0,1
Urban,31,0,0,0,0.0,0.0,0.0,1
Urban,32,0,0,0,0.0,0.0,0.0,1
Urban,33,0,0,0,0.0,0.0,0.0,1
Urban,34,0,0,0,0.0,0.0,0.0,1
Urban,35,0,0,0,0.0,0.0,0.0,1
Urban,36,0,0,0,0.0,0.0,0.0,1
Urban,37,0,0,0,0.0,0.0,0.0,1
Urban,38,0,0,0,0.0,0.0,0.0,1
Urban,39,0,0,0,0.0,0.0,0.0,1
Urban,40,0,0,0,0.0,0.0,0.0,1
Urban,41,0,0,0,0.0,0.0,0.0,1
Urban,42,0,0,0,0.0,0.0,0.0,1
Urban,43,0,0,0,0.0,0.0,0.0,1
Urban,44,0,0,0,0.0,0.0,0.0,1
Urban,45,0,0,0,0.0,0.0,0.0,1
Urban,46,0,0,0,0.0,0.0,0.0,1
Urban,47,0,0,0,0.0,0.0,0.0,1
Urban,48,0,0,0,0.0,0.0,0.0,1
Urban,49,0,0,0,0.0,0.0,0.0,1
Urban,50,0,0,0,0.0,0.0,0.0,1
Urban,51,0,0,0,0.0,0.0,0.0,1
Urban,52,0,0,0,0.0,0.0,0.0,1
Urban,53,0,0,0,0.0,0.0,0.0,1
Urban,54,0,0,0,0.0,0.0,0.0,1
Urban,55,0,0,0,0.0,0.0,0.0,1
Urban,56,0,0,0,0.0,0.0,0.0,1
Urban,57,0,0,0,0.0,0.0,0.0,1
Urban,58,0,0,0,0.0,0.0,0.0,1
Urban,59,0,0,0,0.0,0.0,0.0,1
Urban,60,0,0,0,0.0,0.0,0.0,1
Urban,61,0,0,0,0.0,0.0,0.0,1
Urban,62,0,0,0,0.0,0.0,0.0,1
Urban,63,0,0,0,0.0,0.0,0.0,1
Urban,64,0,0,0,0.0,0.0,0.0,1
Urban,65,0,0,0,0.0,0.0,0.0,1
Urban,66,0,0,0,0.0,0.0,0.0,1
Urban,67,0,0,0,0.0,0.0,0.0,1
Urban,68,0,0,0,0.0,0.0,0.0,1
Urban,69,0,0,0,0.0,0.0,0.0,1
Urban,70,0,0,0,0.0,0.0,0.0,1
Urban,71,0,0,0,0.0,0.0,0.0,1
Urban,72,0,0,0,0.0,0.0,0.0,1
Urban,73,0,0,0,0.0,0.0,0.0,1
Urban,74,0,0,0,0.0,0.0,0.0,1
Urban,75,0,0,0,0.0,0.0,0.0,1
Urban,76,0,0,0,0.0,0.0,0.0,1
Urban,77,0,0,0,0.0,0.0,0.0,1
Urban,78,0,0,0,0.0,0.0,0.0,1
Urban,79,0,0,0,0.0,0.0,0.0,1
Urban,80,0,0,0,0.0,0.0,0.0,1
Urban,81,0,0,0,0.0,0.0,0.0,1
Urban,82,0,0,0,0.0,0.0,0.0,1
Urban,83,0,0,0,0.0,0.0,0.0,1
Urban,84,0,0,0,0.0,0.0,0.0,1
Urban,85,0,0,0,0.0,0.0,0.0,1
Urban,86,0,0,0,0.0,0.0,0.0,1
Urban,87,0,0,0,0.0,0.0,0.0,1
Urban,88,0,0,0,0.0,0.0,0.0,1
Urban,89,0,0,0,0.0,0.0,0.0,1
Urban,90,0,0,0,0.0,0.0,0.0,1
Urban,91,0,0,0,0.0,0.0,0.0,1
Urban,92,0,0,0,0.0,0.0,0.0,1
Urban,93,0,0,0,0.0,0.0,0.0,1
Urban,94,0,0,0,0.0,0.0,0.0,1
Urban,95,0,0,0,0.0,0.0,0.0,1
Urban,96,0,0,0,0.0,0.0,0.0,1
Urban,97,0,0,0,0.0,0.0,0.0,1
Urban,98,0,0,0,0.0,0.0,0.0,1
Urban,99,0,0,0,0.0,0.0,0.0,1
Urban,100,0,0,0,0.0,0.0,0.0,1
Urban,101,0,0,0,0.0,0.0,0.0,1
Urban,102,0,0,0,0.0,0.0,0.0,1
Urban,103,0,0,0,0.0,0.0,0.0,1
Urban,104,0,0,0,0.0,0.0,0.0,1
Urban,105,0,0,0,0.0,0.0,0.0,1
Urban,106,0,0,0,0.0,0.0,0.0,1
Urban,107,0,0,0,0.0,0.0,0.0,1
Urban,108,0,0,0,0.0,0.0,0.0,1
Urban,109,0,0,0,0.0,0.0,0.0,1
Urban,110,0,0,0,0.0,0.0,0.0,1
Urban,111,0,0,0,0.0,0.0,0.0,1
Urban,112,0,0,0,0.0,0.0,0.0,1
Urban,113,0,0,0,0.0,0.0,0.0,1
Urban,114,0,0,0,0.0,0.0,0.0,1
Urban,115,0,0,0,0.0,0.0,0.0,1
Urban,116,0,0,0,0.0,0.0,0.0,1
Urban,117,0,0,0,0.0,0.0,0.0,1
Urban,118,0,0,0,0.0,0.0,0.0,1
Urban,119,0,0,0,0.0,0.0,0.0,1
Urban,120,0,0,0,0.0,0.0,0.0,1
Urban,121,0,0,0,0.0,0.0,0.0,1
Urban,122,0,0,0,0.0,0.0,0.0,1
Urban,123,0,0,0,0.0,0.0,0.0,1
Urban,124,0,0,0,0.0,0.0,0.0,1
Urban,125,0,0,0,0.0,0.0,0.0,1
Urban,126,0,0,0,0.0,0.0,0.0,1
Urban,127,0,0,0,0.0,0.0,0.0,1
Urban,128,0,0,0,0.0,0.0,0.0,1
Urban,129,0,0,0,0.0,0.0,0.0,1
Urban,130,0,0,0,0.0,0.0,0.0,1
Urban,131,0,0,0,0.0,0.0,0.0,1
Urban,132,0,0,0,0.0,0.0,0.0,1
Urban,133,0,0,0,0.0,0.0,0.0,1
Urban,134,0,0,0,0.0,0.0,0.0,1
Urban,135,0,0,0,0.0,0.0,0.0,1
Urban,136,0,0,0,0.0,0.0,0.0,1
Urban,137,0,0,0,0.0,0.0,0.0,1
Urban,138,0,0,0,0.0,0.0,0.0,1
Urban,139,0,0,0,0.0,0.0,0.0,1
Urban,140,0,0,0,0.0,0.0,0.0,1
Urban,141,0,0,0,0.0,0.0,0.0,1
Urban,142,0,0,0,0.0,0.0,0.0,1
Urban,143,0,0,0,0.0,0.0,0.0,1
Urban,144,0,0,0,0.0,0.0,0.0,1
Urban,145,0,0,0,0.0,0.0,0.0,1
Urban,146,0,0,0,0.0,0.0,0.0,1
Urban,147,0,0,0,0.0,0.0,0.0,1
Urban,148,0,0,0,0.0,0.0,0.0,1
Urban,149,0,0,0,0.0,0.0,0.0,1
Urban,150,0,0,0,0.0,0.0,0.0,1
Urban,151,0,0,0,0.0,0.0,0.0,1
Urban,152,0,0,0,0.0,0.0,0.0,1
Urban,153,0,0,0,0.0,0.0,0.0,1
Urban,154,0,0,0,0.0,0.0,0.0,1
Urban,155,0,0,0,0.0,0.0,0.0,1
Urban,156,0,0,0,0.0,0.0,0.0,1
Urban,157,0,0,0,0.0,0.0,0.0,1
Urban,158,0,0,0,0.0,0.0,0.0,1
Urban,159,0,0,0,0.0,0.0,0.0,1
Urban,160,0,0,0,0.0,0.0,0.0,1
Urban,161,0,0,0,0.0,0.0,0.0,1
Urban,162,0,0,0,0.0,0.0,0.0,1
Urban,163,0,0,0,0.0,0.0,0.0,1
Urban,164,0,0,0,0.0,0.0,0.0,1
Urban,165,0,0,0,0.0,0.0,0.0,1
Urban,166,0,0,0,0.0,0.0,0.0,1
Urban,167,0,0,0,0.0,0.0,0.0,1
Urban,168,0,0,0,0.0,0.0,0.0,1
Urban,169,0,0,0,0.0,0.0,0.0,1
Urban,170,0,0,0,0.0,0.0,0.0,1
Urban,171,0,0,0,0.0,0.0,0.0,1
Urban,172,0,0,0,0.0,0.0,0.0,1
Urban,173,0,0,0,0.0,0.0,0.0,1
Urban,174,0,0,0,0.0,0.0,0.0,1
Urban,175,0,0,0,0.0,0.0,0.0,1
Urban,176,0,0,0,0.0,0.0,0.0,1
Urban,177,0,0,0,0.0,0.0,0.0,1
Urban,178,0,0,0,0.0,0.0,0.0,1
Urban,179,0,0,0,0.0,0.0,0.0,1
Urban,180,0,0,0,0.0,0.0,0.0,1
Urban,181,0,0,0,0.0,0.0,0.0,1
Urban,182,0,0,0,0.0,0.0,0.0,1
Urban,183,0,0,0,0.0,0.0,0.0,1
Urban,184,0,0,0,0.0,0.0,0.0,1
Urban,185,0,0,0,0.0,0.0,0.0,1
Urban,186,0,0,0,0.0,0.0,0.0,1
Urban,187,0,0,0,0.0,0.0,0.0,1
Urban,188,0,0,0,0.0,0.0,0.0,1
Urban,189,0,0,0,0.0,0.0,0.0,1
Urban,190,0,0,0,0.0,0.0,0.0,1
Urban,191,0,0,0,0.0,0.0,0.0,1
Urban,192,0,0,0,0.0,0.0,0.0,1
Urban,193,0,0,0,0.0,0.0,0.0,1
Urban,194,0,0,0,0.0,0.0,0.0,1
Urban,195,0,0,0,0.0,0.0,0.0,1
Urban,196,0,0,0,0.0,0.0,0.0,1
Urban,197,0,0,0,0.0,0.0,0.0,1
Urban,198,0,0,0,0.0,0.0,0.0,1
Urban,199,0,0,0,0.0,0.0,0.0,1
Urban,200,0,0,0,0.0,0.0,0.0,1
Urban,201,0,0,0,0.0,0.0,0.0,1
Urban,202,0,0,0,0.0,0.0,0.0,1
Urban,203,0,0,0,0.0,0.0,0.0,1
Urban,204,0,0,0,0.0,0.0,0.0,1
Urban,205,0,0,0,0.0,0.0,0.0,1
Urban,206,0,0,0,0.0,0.0,0.0,1
Urban,207,0,0,0,0.0,0.0,0.0,1
Urban,208,0,0,0,0.0,0.0,0.0,1
Urban,209,0,0,0,0.0,0.0,0.0,1
Urban,210,0,0,0,0.0,0.0,0.0,1
Urban,211,0,0,0,0.0,0.0,0.0,1
Urban,212,0,0,0,0.0,0.0,0.0,1
Urban,213,0,0,0,0.0,0.0,0.0,1
Urban,214,0,0,0,0.0,0.0,0.0,1
Urban,215,0,0,0,0.0,0.0,0.0,1
Urban,216,0,0,0,0.0,0.0,0.0,1
Urban,217,0,0,0,0.0,0.0,0.0,1
Urban,218,0,0,0,0.0,0.0,0.0,1
Urban,219,0,0,0,0.0,0.0,0.0,1
Urban,220,0,0,0,0.0,0.0,0.0,1
Urban,221,0,0,0,0.0,0.0,0.0,1
Urban,222,0,0,0,0.0,0.0,0.0,1
Urban,223,0,0,0,0.0,0.0,0.0,1
Urban,224,0,0,0,0.0,0.0,0.0,1
Urban,225,0,0,0,0.0,0.0,0.0,1
Urban,226,0,0,0,0.0,0.0,0.0,1
Urban,227,0,0,0,0.0,0.0,0.0,1
Urban,228,0,0,0,0.0,0.0,0.0,1
Urban,229,0,0,0,0.0,0.0,0.0,1
Urban,230,0,0,0,0.0,0.0,0.0,1
Urban,231,0,0,0,0.0,0.0,0.0,1
Urban,232,0,0,0,0.0,0.0,0.0,1
Urban,233,0,0,0,0.0,0.0,0.0,1
Urban,234,0,0,0,0.0,0.0,0.0,1
Urban,235,0,0,0,0.0,0.0,0.0,1
Urban,236,0,0,0,0.0,0.0,0.0,1
Urban,237,0,0,0,0.0,0.0,0.0,1
Urban,238,0,0,0,0.0,0.0,0.0,1
Urban,239,0,0,0,0.0,0.0,0.0,1
Urban,240,0,0,0,0.0,0.0,0.0,1
Urban,241,0,0,0,0.0,0.0,0.0,1
Urban,242,0,0,0,0.0,0.0,0.0,1
Urban,243,0,0,0,0.0,0.0,0.0,1
Urban,244,0,0,0,0.0,0.0,0.0,1
Urban,245,0,0,0,0.0,0.0,0.0,1
Urban,246,0,0,0,0.0,0.0,0.0,1
Urban,247,0,0,0,0.0,0.0,0.0,1
Urban,248,0,0,0,0.0,0.0,0.0,1
Urban,249,0,0,0,0.0,0.0,0.0,1
Urban,250,0,0,0,0.0,0.0,0.0,1
Urban,251,0,0,0,0.0,0.0,0.0,1
Urban,252,0,0,0,0.0,0.0,0.0,1
Urban,253,0,0,0,0.0,0.0,0.0,1
Urban,254,0,0,0,0.0,0.0,0.0,1
Urban,255,0,0,0,0.0,0.0,0.0,1
Urban,256,0,0,0,0.0,0.0,0.0,1
Urban,257,0,0,0,0.0,0.0,0.0,1
Urban,258,0,0,0,0.0,0.0,0.0,1
Urban,259,0,0,0,0.0,0.0,0.0,1
Urban,260,0,0,0,0.0,0.0,0.0,1
Urban,261,0,0,0,0.0,0.0,0.0,1
Urban,262,0,0,0,0.0,0.0,0.0,1
Urban,263,0,0,0,0.0,0.0,0.0,1
Urban,264,0,0,0,0.0,0.0,0.0,1
Urban,265,0,0,0,0.0,0.0,0.0,1
Urban,266,0,0,0,0.0,0.0,0.0,1
Urban,267,0,0,0,0.0,0.0,0.0,1
Urban,268,0,0,0,0.0,0.0,0.0,1
Urban,269,0,0,0,0.0,0.0,0.0,1
Urban,270,0,0,0,0.0,0.0,0.0,1
Urban,271,0,0,0,0.0,0.0,0.0,1
Urban,272,0,0,0,0.0,0.0,0.0,1
Urban,273,0,0,0,0.0,0.0,0.0,1
Urban,274,0,0,0,0.0,0.0,0.0,1
Urban,275,0,0,0,0.0,0.0,0.0,1
Urban,276,0,0,0,0.0,0.0,0.0,1
Urban,277,0,0,0,0.0,0.0,0.0,1
Urban,278,0,0,0,0.0,0.0,0.0,1
Urban,279,0,0,0,0.0,0.0,0.0,1
Urban,280,0,0,0,0.0,0.0,0.0,1
Urban,281,0,0,0,0.0,0.0,0.0,1
Urban,282,0,0,0,0.0,0.0,0.0,1
Urban,283,0,0,0,0.0,0.0,0.0,1
Urban,284,0,0,0,0.0,0.0,0.0,1
Urban,285,0,0,0,0.0,0.0,0.0,1
Urban,286,0,0,0,0.0,0.0,0.0,1
Urban,287,0,0,0,0.0,0.0,0.0,1
Urban,288,0,0,0,0.0,0.0,0.0,1
Urban,289,0,0,0,0.0,0.0,0.0,1
Urban,290,0,0,0,0.0,0.0,0.0,1
Urban,291,0,0,0,0.0,0.0,0.0,1
Urban,292,0,0,0,0.0,0.0,0.0,1
Urban,293,0,0,0,0.0,0.0,0.0,1
Urban,294,0,0,0,0.0,0.0,0.0,1
Urban,295,0,0,0,0.0,0.0,0.0,1
Urban,296,0,0,0,0.0,0.0,0.0,1
Urban,297,0,0,0,0.0,0.0,0.0,1
Urban,298,0,0,0,0.0,0.0,0.0,1
Urban,299,0,0,0,0.0,0.0,0.0,1
Urban,300,0,0,0,0.0,0.0,0.0,1
Urban,301,0,0,0,0.0,0.0,0.0,1
Urban,302,0,0,0,0.0,0.0,0.0,1
Urban,303,0,0,0,0.0,0.0,0.0,1
Urban,304,0,0,0,0.0,0.0,0.0,1
Urban,305,0,0,0,0.0,0.0,0.0,1
Urban,306,0,0,0,0.0,0.0,0.0,1
Urban,307,0,0,0,0.0,0.0,0.0,1
Urban,308,0,0,0,0.0,0.0,0.0,1
Urban,309,0,0,0,0.0,0.0,0.0,1
Urban,310,0,0,0,0.0,0.0,0.0,1
Urban,311,0,0,0,0.0,0.0,0.0,1
Urban,312,0,0,0,0.0,0.0,0.0,1
Urban,313,0,0,0,0.0,0.0,0.0,1
Urban,314,0,0,0,0.0,0.0,0.0,1
Urban,315,0,0,0,0.0,0.0,0.0,1
Urban,316,0,0,0,0.0,0.0,0.0,1
Urban,317,0,0,0,0.0,0.0,0.0,1
Urban,318,0,0,0,0.0,0.0,0.0,1
Urban,319,0,0,0,0.0,0.0,0.0,1
Urban,320,0,0,0,0.0,0.0,0.0,1
Urban,321,0,0,0,0.0,0.0,0.0,1
Urban,322,0,0,0,0.0,0.0,0.0,1
Urban,323,0,0,0,0.0,0.0,0.0,1
Urban,324,0,0,0,0.0,0.0,0.0,1
Urban,325,0,0,0,0.0,0.0,0.0,1
Urban,326,0,0,0,0.0,0.0,0.0,1
Urban,327,0,0,0,0.0,0.0,0.0,1
Urban,328,0,0,0,0.0,0.0,0.0,1
Urban,329,0,0,0,0.0,0.0,0.0,1
Urban,330,0,0,0,0.0,0.0,0.0,1
Urban,331,0,0,0,0.0,0.0,0.0,1
Urban,332,0,0,0,0.0,0.0,0.0,1
Urban,333,0,0,0,0.0,0.0,0.0,1
Urban,334,0,0,0,0.0,0.0,0.0,1
Urban,335,0,0,0,0.0,0.0,0.0,1
Urban,336,0,0,0,0.0,0.0,0.0,1
Urban,337,0,0,0,0.0,0.0,0.0,1
Urban,338,0,0,0,0.0,0.0,0.0,1
Urban,339,0,0,0,0.0,0.0,0.0,1
Urban,340,0,0,0,0.0,0.0,0.0,1
Urban,341,0,0,0,0.0,0.0,0.0,1
Urban,342,0,0,0,0.0,0.0,0.0,1
Urban,343,0,0,0,0.0,0.0,0.0,1
Urban,344,0,0,0,0.0,0.0,0.0,1
Urban,345,0,0,0,0.0,0.0,0.0,1
Urban,346,0,0,0,0.0,0.0,0.0,1
Urban,347,0,0,0,0.0,0.0,0.0,1
Urban,348,0,0,0,0.0,0.0,0.0,1
Urban,349,0,0,0,0.0,0.0,0.0,1
Urban,350,0,0,0,0.0,0.0,0.0,1
Urban,351,0,0,0,0.0,0.0,0.0,1
Urban,352,0,0,0,0.0,0.0,0.0,1
Urban,353,0,0,0,0.0,0.0,0.0,1
Urban,354,0,0,0,0.0,0.0,0.0,1
Urban,355,0,0,0,0.0,0.0,0.0,1
Urban,356,0,0,0,0.0,0.0,0.0,1
Urban,357,0,0,0,0.0,0.0,0.0,1
Urban,358,0,0,0,0.0,0.0,0.0,1
Urban,359,0,0,0,0.0,0.0,0.0,1
Urban,360,0,0,0,0.0,0.0,0.0,1
Urban,361,0,0,0,0.0,0.0,0.0,1
Urban,362,0,0,0,0.0,0.0,0.0,1
Urban,363,0,0,0,0.0,0.0,0.0,1
Urban,364,0,0,0,0.0,0.0,0.0,1
Urban,365,0,0,0,0.0,0.0,0.0,1
Urban,366,0,0,0,0.0,0.0,0.0,1
Urban,367,0,0,0,0.0,0.0,0.0,1
Urban,368,0,0,0,0.0,0.0,0.0,1
Urban,369,0,0,0,0.0,0.0,0.0,1
Urban,370,0,0,0,0.0,0.0,0.0,1
Urban,371,0,0,0,0.0,0.0,0.0,1
Urban,372,0,0,0,0.0,0.0,0.0,1
Urban,373,0,0,0,0.0,0.0,0.0,1
Urban,374,0,0,0,0.0,0.0,0.0,1
Urban,375,0,0,0,0.0,0.0,0.0,1
Urban,376,0,0,0,0.0,0.0,0.0,1
Urban,377,0,0,0,0.0,0.0,0.0,1
Urban,378,0,0,0,0.0,0.0,0.0,1
Urban,379,0,0,0,0.0,0.0,0.0,1
Urban,380,0,0,0,0.0,0.0,0.0,1
Urban,381,0,0,0,0.0,0.0,0.0,1
Urban,382,0,0,0,0.0,0.0,0.0,1
Urban,383,0,0,0,0.0,0.0,0.0,1
Urban,384,0,0,0,0.0,0.0,0.0,1
Urban,385,0,0,0,0.0,0.0,0.0,1
Urban,386,0,0,0,0.0,0.0,0.0,1
Urban,387,0,0,0,0.0,0.0,0.0,1
Urban,388,0,0,0,0.0,0.0,0.0,1
Urban,389,0,0,0,0.0,0.0,0.0,1
Urban,390,0,0,0,0.0,0.0,0.0,1
Urban,391,0,0,0,0.0,0.0,0.0,1
Urban,392,0,0,0,0.0,0.0,0.0,1
Urban,393,0,0,0,0.0,0.0,0.0,1
Urban,394,0,0,0,0.0,0.0,0.0,1
Urban,395,0,0,0,0.0,0.0,0.0,1
Urban,396,0,0,0,0.0,0.0,0.0,1
Urban,397,0,0,0,0.0,0.0,0.0,1
Urban,398,0,0,0,0.0,0.0,0.0,1
Urban,399,0,0,0,0.0,0.0,0.0,1
Urban,400,0,0,0,0.0,0.0,0.0,1
Urban,401,0,0,0,0.0,0.0,0.0,1
Urban,402,0,0,0,0.0,0.0,0.0,1
Urban,403,0,0,0,0.0,0.0,0.0,1
Urban,404,0,0,0,0.0,0.0,0.0,1
Urban,405,0,0,0,0.0,0.0,0.0,1
Urban,406,0,0,0,0.0,0.0,0.0,1
Urban,407,0,0,0,0.0,0.0,0.0,1
Urban,408,0,0,0,0.0,0.0,0.0,1
Urban,409,0,0,0,0.0,0.0,0.0,1
Urban,410,0,0,0,0.0,0.0,0.0,1
Urban,411,0,0,0,0.0,0.0,0.0,1
Urban,412,0,0,0,0.0,0.0,0.0,1
Urban,413,0,0,0,0.0,0.0,0.0,1
Urban,414,0,0,0,0.0,0.0,0.0,1
Urban,415,0,0,0,0.0,0.0,0.0,1
Urban,416,0,0,0,0.0,0.0,0.0,1
Urban,417,0,0,0,0.0,0.0,0.0,1
Urban,418,0,0,0,0.0,0.0,0.0,1
Urban,419,0,0,0,0.0,0.0,0.0,1
Urban,420,0,0,0,0.0,0.0,0.0,1
Urban,421,0,0,0,0.0,0.0,0.0,1
Urban,422,0,0,0,0.0,0.0,0.0,1
Urban,423,0,0,0,0.0,0.0,0.0,1
Urban,424,0,0,0,0.0,0.0,0.0,1
Urban,425,0,0,0,0.0,0.0,0.0,1
Urban,426,0,0,0,0.0,0.0,0.0,1
Urban,427,0,0,0,0.0,0.0,0.0,1
Urban,428,0,0,0,0.0,0.0,0.0,1
Urban,429,0,0,0,0.0,0.0,0.0,1
Urban,430,0,0,0,0.0,0.0,0.0,1
Urban,431,0,0,0,0.0,0.0,0.0,1
Urban,432,0,0,0,0.0,0.0,0.0,1
Urban,433,0,0,0,0.0,0.0,0.0,1
Urban,434,0,0,0,0.0,0.0,0.0,1
Urban,435,0,0,0,0.0,0.0,0.0,1
Urban,436,0,0,0,0.0,0.0,0.0,1
Urban,437,0,0,0,0.0,0.0,0.0,1
Urban,438,0,0,0,0.0,0.0,0.0,1
Urban,439,0,0,0,0.0,0.0,0.0,1
Urban,440,0,0,0,0.0,0.0,0.0,1
Urban,441,0,0,0,0.0,0.0,0.0,1
Urban,442,0,0,0,0.0,0.0,0.0,1
Urban,443,0,0,0,0.0,0.0,0.0,1
Urban,444,0,0,0,0.0,0.0,0.0,1
Urban,445,0,0,0,0.0,0.0,0.0,1
Urban,446,0,0,0,0.0,0.0,0.0,1
Urban,447,0,0,0,0.0,0.0,0.0,1
Urban,448,0,0,0,0.0,0.0,0.0,1
Urban,449,0,0,0,0.0,0.0,0.0,1
Urban,450,0,0,0,0.0,0.0,0.0,1
Urban,451,0,0,0,0.0,0.0,0.0,1
Urban,452,0,0,0,0.0,0.0,0.0,1
Urban,453,0,0,0,0.0,0.0,0.0,1
Urban,454,0,0,0,0.0,0.0,0.0,1
Urban,455,0,0,0,0.0,0.0,0.0,1
Urban,456,0,0,0,0.0,0.0,0.0,1
Urban,457,0,0,0,0.0,0.0,0.0,1
Urban,458,0,0,0,0.0,0.0,0.0,1
Urban,459,0,0,0,0.0,0.0,0.0,1
Urban,460,0,0,0,0.0,0.0,0.0,1
Urban,461,0,0,0,0.0,0.0,0.0,1
Urban,462,0,0,0,0.0,0.0,0.0,1
Urban,463,0,0,0,0.0,0.0,0.0,1
Urban,464,0,0,0,0.0,0.0,0.0,1
Urban,465,0,0,0,0.0,0.0,0.0,1
Urban,466,0,0,0,0.0,0.0,0.0,1
Urban,467,0,0,0,0.0,0.0,0.0,1
Urban,468,0,0,0,0.0,0.0,0.0,1
Urban,469,0,0,0,0.0,0.0,0.0,1
Urban,470,0,0,0,0.0,0.0,0.0,1
Urban,471,0,0,0,0.0,0.0,0.0,1
Urban,472,0,0,0,0.0,0.0,0.0,1
Urban,473,0,0,0,0.0,0.0,0.0,1
Urban,474,0,0,0,0.0,0.0,0.0,1
Urban,475,0,0,0,0.0,0.0,0.0,1
Urban,476,0,0,0,0.0,0.0,0.0,1
Urban,477,0,0,0,0.0,0.0,0.0,1
Urban,478,0,0,0,0.0,0.0,0.0,1
Urban,479,0,0,0,0.0,0.0,0.0,1
Urban,480,0,0,0,0.0,0.0,0.0,1
Urban,481,0,0,0,0.0,0.0,0.0,1
Urban,482,0,0,0,0.0,0.0,0.0,1
Urban,483,0,0,0,0.0,0.0,0.0,1
Urban,484,0,0,0,0.0,0.0,0.0,1
Urban,485,0,0,0,0.0,0.0,0.0,1
Urban,486,0,0,0,0.0,0.0,0.0,1
Urban,487,0,0,0,0.0,0.0,0.0,1
Urban,488,0,0,0,0.0,0.0,0.0,1
Urban,489,0,0,0,0.0,0.0,0.0,1
Urban,490,0,0,0,0.0,0.0,0.0,1
Urban,491,0,0,0,0.0,0.0,0.0,1
Urban,492,0,0,0,0.0,0.0,0.0,1
Urban,493,0,0,0,0.0,0.0,0.0,1
Urban,494,0,0,0,0.0,0.0,0.0,1
Urban,495,0,0,0,0.0,0.0,0.0,1
Urban,496,0,0,0,0.0,0.0,0.0,1
Urban,497,0,0,0,0.0,0.0,0.0,1
Urban,498,0,0,0,0.0,0.0,0.0,1
Urban,499,0,0,0,0.0,0.0,0.0,1
Urban,500,0,0,0,0.0,0.0,0.0,1
Urban,501,0,0,0,0.0,0.0,0.0,1
Urban,502,0,0,0,0.0,0.0,0.0,1
Urban,503,0,0,0,0.0,0.0,0.0,1
Urban,504,0,0,0,0.0,0.0,0.0,1
Urban,505,0,0,0,0.0,0.0,0.0,1
Urban,506,0,0,0,0.0,0.0,0.0,1
Urban,507,0,0,0,0.0,0.0,0.0,1
Urban,508,0,0,0,0.0,0.0,0.0,1
Urban,509,0,0,0,0.0,0.0,0.0,1
Urban,510,0,0,0,0.0,0.0,0.0,1
Urban,511,0,0,0,0.0,0.0,0.0,1
Urban,512,0,0,0,0.0,0.0,0.0,1
Urban,513,0,0,0,0.0,0.0,0.0,1
Urban,514,0,0,0,0.0,0.0,0.0,1
Urban,515,0,0,0,0.0,0.0,0.0,1
Urban,516,0,0,0,0.0,0.0,0.0,1
Urban,517,0,0,0,0.0,0.0,0.0,1
Urban,518,0,0,0,0.0,0.0,0.0,1
Urban,519,0,0,0,0.0,0.0,0.0,1
Urban,520,0,0,0,0.0,0.0,0.0,1
Urban,521,0,0,0,0.0,0.0,0.0,1
Urban,522,0,0,0,0.0,0.0,0.0,1
Urban,523,0,0,0,0.0,0.0,0.0,1
Urban,524,0,0,0,0.0,0.0,0.0,1
Urban,525,0,0,0,0.0,0.0,0.0,1
Urban,526,0,0,0,0.0,0.0,0.0,1
Urban,527,0,0,0,0.0,0.0,0.0,1
Urban,528,0,0,0,0.0,0.0,0.0,1
Urban,529,0,0,0,0.0,0.0,0.0,1
Urban,530,0,0,0,0.0,0.0,0.0,1
Urban,531,0,0,0,0.0,0.0,0.0,1
Urban,532,0,0,0,0.0,0.0,0.0,1
Urban,533,0,0,0,0.0,0.0,0.0,1
Urban,534,0,0,0,0.0,0.0,0.0,1
Urban,535,0,0,0,0.0,0.0,0.0,1
Urban,536,0,0,0,0.0,0.0,0.0,1
Urban,537,0,0,0,0.0,0.0,0.0,1
Urban,538,0,0,0,0.0,0.0,0.0,1
Urban,539,0,0,0,0.0,0.0,0.0,1
Urban,540,0,0,0,0.0,0.0,0.0,1
Urban,541,0,0,0,0.0,0.0,0.0,1
Urban,542,0,0,0,0.0,0.0,0.0,1
Urban,543,0,0,0,0.0,0.0,0.0,1
Urban,544,0,0,0,0.0,0.0,0.0,1
Urban,545,0,0,0,0.0,0.0,0.0,1
Urban,546,0,0,0,0.0,0.0,0.0,1
Urban,547,0,0,0,0.0,0.0,0.0,1
Urban,548,0,0,0,0.0,0.0,0.0,1
Urban,549,0,0,0,0.0,0.0,0.0,1
Urban,550,0,0,0,0.0,0.0,0.0,1
Urban,551,0,0,0,0.0,0.0,0.0,1
Urban,552,0,0,0,0.0,0.0,0.0,1
Urban,553,0,0,0,0.0,0.0,0.0,1
Urban,554,0,0,0,0.0,0.0,0.0,1
Urban,555,0,0,0,0.0,0.0,0.0,1
Urban,556,0,0,0,0.0,0.0,0.0,1
Urban,557,0,0,0,0.0,0.0,0.0,1
Urban,558,0,0,0,0.0,0.0,0.0,1
Urban,559,0,0,0,0.0,0.0,0.0,1
Urban,560,0,0,0,0.0,0.0,0.0,1
Urban,561,0,0,0,0.0,0.0,0.0,1
Urban,562,0,0,0,0.0,0.0,0.0,1
Urban,563,0,0,0,0.0,0.0,0.0,1
Urban,564,0,0,0,0.0,0.0,0.0,1
Urban,565,0,0,0,0.0,0.0,0.0,1
Urban,566,0,0,0,0.0,0.0,0.0,1
Urban,567,0,0,0,0.0,0.0,0.0,1
Urban,568,0,0,0,0.0,0.0,0.0,1
Urban,569,0,0,0,0.0,0.0,0.0,1
Urban,570,0,0,0,0.0,0.0,0.0,1
Urban,571,0,0,0,0.0,0.0,0.0,1
Urban,572,0,0,0,0.0,0.0,0.0,1
Urban,573,0,0,0,0.0,0.0,0.0,1
Urban,574,0,0,0,0.0,0.0,0.0,1
Urban,575,0,0,0,0.0,0.0,0.0,1
Urban,576,0,0,0,0.0,0.0,0.0,1
Urban,577,0,0,0,0.0,0.0,0.0,1
Urban,578,0,0,0,0.0,0.0,0.0,1
Urban,579,0,0,0,0.0,0.0,0.0,1
Urban,580,0,0,0,0.0,0.0,0.0,1
Urban,581,0,0,0,0.0,0.0,0.0,1
Urban,582,0,0,0,0.0,0.0,0.0,1
Urban,583,0,0,0,0.0,0.0,0.0,1
Urban,584,0,0,0,0.0,0.0,0.0,1
Urban,585,0,0,0,0.0,0.0,0.0,1
Urban,586,0,0,0,0.0,0.0,0.0,1
Urban,587,0,0,0,0.0,0.0,0.0,1
Urban,588,0,0,0,0.0,0.0,0.0,1
Urban,589,0,0,0,0.0,0.0,0.0,1
Urban,590,0,0,0,0.0,0.0,0.0,1
Urban,591,0,0,0,0.0,0.0,0.0,1
Urban,592,0,0,0,0.0,0.0,0.0,1
Urban,593,0,0,0,0.0,0.0,0.0,1
Urban,594,0,0,0,0.0,0.0,0.0,1
Urban,595,0,0,0,0.0,0.0,0.0,1
Urban,596,0,0,0,0.0,0.0,0.0,1
Urban,597,0,0,0,0.0,0.0,0.0,1
Urban,598,0,0,0,0.0,0.0,0.0,1
Urban,599,0,0,0,0.0,0.0,0.0,1
Urban,600,0,0,0,0.0,0.0,0.0,1
Urban,601,0,0,0,0.0,0.0,0.0,1
Urban,602,0,0,0,0.0,0.0,0.0,1
Urban,603,0,0,0,0.0,0.0,0.0,1
Urban,604,0,0,0,0.0,0.0,0.0,1
Urban,605,0,0,0,0.0,0.0,0.0,1
Urban,606,0,0,0,0.0,0.0,0.0,1
Urban,607,0,0,0,0.0,0.0,0.0,1
Urban,608,0,0,0,0.0,0.0,0.0,1
Urban,609,0,0,0,0.0,0.0,0.0,1
Urban,610,0,0,0,0.0,0.0,0.0,1
Urban,611,0,0,0,0.0,0.0,0.0,1
Urban,612,0,0,0,0.0,0.0,0.0,1
Urban,613,0,0,0,0.0,0.0,0.0,1
Urban,614,0,0,0,0.0,0.0,0.0,1
Urban,615,0,0,0,0.0,0.0,0.0,1
Urban,616,0,0,0,0.0,0.0,0.0,1
Urban,617,0,0,0,0.0,0.0,0.0,1
Urban,618,0,0,0,0.0,0.0,0.0,1
Urban,619,0,0,0,0.0,0.0,0.0,1
Urban,620,0,0,0,0.0,0.0,0.0,1
Urban,621,0,0,0,0.0,0.0,0.0,1
Urban,622,0,0,0,0.0,0.0,0.0,1
Urban,623,0,0,0,0.0,0.0,0.0,1
Urban,624,0,0,0,0.0,0.0,0.0,1
Urban,625,0,0,0,0.0,0.0,0.0,1
Urban,626,0,0,0,0.0,0.0,0.0,1
Urban,627,0,0,0,0.0,0.0,0.0,1
Urban,628,0,0,0,0.0,0.0,0.0,1
Urban,629,0,0,0,0.0,0.0,0.0,1
Urban,630,0,0,0,0.0,0.0,0.0,1
Urban,631,0,0,0,0.0,0.0,0.0,1
Urban,632,0,0,0,0.0,0.0,0.0,1
Urban,633,0,0,0,0.0,0.0,0.0,1
Urban,634,0,0,0,0.0,0.0,0.0,1
Urban,635,0,0,0,0.0,0.0,0.0,1
Urban,636,0,0,0,0.0,0.0,0.0,1
Urban,637,0,0,0,0.0,0.0,0.0,1
Urban,638,0,0,0,0.0,0.0,0.0,1
Urban,639,0,0,0,0.0,0.0,0.0,1
Urban,640,0,0,0,0.0,0.0,0.0,1
Urban,641,0,0,0,0.0,0.0,0.0,1
Urban,642,0,0,0,0.0,0.0,0.0,1
Urban,643,0,0,0,0.0,0.0,0.0,1
Urban,644,0,0,0,0.0,0.0,0.0,1
Urban,645,0,0,0,0.0,0.0,0.0,1
Urban,646,0,0,0,0.0,0.0,0.0,1
Urban,647,0,0,0,0.0,0.0,0.0,1
Urban,648,0,0,0,0.0,0.0,0.0,1
Urban,649,0,0,0,0.0,0.0,0.0,1
Urban,650,0,0,0,0.0,0.0,0.0,1
Urban,651,0,0,0,0.0,0.0,0.0,1
Urban,652,0,0,0,0.0,0.0,0.0,1
Urban,653,0,0,0,0.0,0.0,0.0,1
Urban,654,0,0,0,0.0,0.0,0.0,1
Urban,655,0,0,0,0.0,0.0,0.0,1
Urban,656,0,0,0,0.0,0.0,0.0,1
Urban,657,0,0,0,0.0,0.0,0.0,1
Urban,658,0,0,0,0.0,0.0,0.0,1
Urban,659,0,0,0,0.0,0.0,0.0,1
Urban,660,0,0,0,0.0,0.0,0.0,1
Urban,661,0,0,0,0.0,0.0,0.0,1
Urban,662,0,0,0,0.0,0.0,0.0,1
Urban,663,0,0,0,0.0,0.0,0.0,1
Urban,664,0,0,0,0.0,0.0,0.0,1
Urban,665,0,0,0,0.0,0.0,0.0,1
Urban,666,0,0,0,0.0,0.0,0.0,1
Urban,667,0,0,0,0.0,0.0,0.0,1
Urban,668,0,0,0,0.0,0.0,0.0,1
Urban,669,0,0,0,0.0,0.0,0.0,1
Urban,670,0,0,0,0.0,0.0,0.0,1
Urban,671,0,0,0,0.0,0.0,0.0,1
Urban,672,0,0,0,0.0,0.0,0.0,1
Urban,673,0,0,0,0.0,0.0,0.0,1
Urban,674,0,0,0,0.0,0.0,0.0,1
Urban,675,0,0,0,0.0,0.0,0.0,1
Urban,676,0,0,0,0.0,0.0,0.0,1
Urban,677,0,0,0,0.0,0.0,0.0,1
Urban,678,0,0,0,0.0,0.0,0.0,1
Urban,679,0,0,0,0.0,0.0,0.0,1
Urban,680,0,0,0,0.0,0.0,0.0,1
Urban,681,0,0,0,0.0,0.0,0.0,1
Urban,682,0,0,0,0.0,0.0,0.0,1
Urban,683,0,0,0,0.0,0.0,0.0,1
Urban,684,0,0,0,0.0,0.0,0.0,1
Urban,685,0,0,0,0.0,0.0,0.0,1
Urban,686,0,0,0,0.0,0.0,0.0,1
Urban,687,0,0,0,0.0,0.0,0.0,1
Urban,688,0,0,0,0.0,0.0,0.0,1
Urban,689,0,0,0,0.0,0.0,0.0,1
Urban,690,0,0,0,0.0,0.0,0.0,1
Urban,691,0,0,0,0.0,0.0,0.0,1
Urban,692,0,0,0,0.0,0.0,0.0,1
Urban,693,0,0,0,0.0,0.0,0.0,1
Urban,694,0,0,0,0.0,0.0,0.0,1
Urban,695,0,0,0,0.0,0.0,0.0,1
Urban,696,0,0,0,0.0,0.0,0.0,1
Urban,697,0,0,0,0.0,0.0,0.0,1
Urban,698,0,0,0,0.0,0.0,0.0,1
Urban,699,0,0,0,0.0,0.0,0.0,1
Urban,700,0,0,0,0.0,0.0,0.0,1
Urban,701,0,0,0,0.0,0.0,0.0,1
Urban,702,0,0,0,0.0,0.0,0.0,1
Urban,703,0,0,0,0.0,0.0,0.0,1
Urban,704,0,0,0,0.0,0.0,0.0,1
Urban,705,0,0,0,0.0,0.0,0.0,1
Urban,706,0,0,0,0.0,0.0,0.0,1
Urban,707,0,0,0,0.0,0.0,0.0,1
Urban,708,0,0,0,0.0,0.0,0.0,1
Urban,709,0,0,0,0.0,0.0,0.0,1
Urban,710,0,0,0,0.0,0.0,0.0,1
Urban,711,0,0,0,0.0,0.0,0.0,1
Urban,712,0,0,0,0.0,0.0,0.0,1
Urban,713,0,0,0,0.0,0.0,0.0,1
Urban,714,0,0,0,0.0,0.0,0.0,1
Urban,715,0,0,0,0.0,0.0,0.0,1
Urban,716,0,0,0,0.0,0.0,0.0,1
Urban,717,0,0,0,0.0,0.0,0.0,1
Urban,718,0,0,0,0.0,0.0,0.0,1
Urban,719,0,0,0,0.0,0.0,0.0,1
Urban,720,0,0,0,0.0,0.0,0.0,1
Urban,721,0,0,0,0.0,0.0,0.0,1
Urban,722,0,0,0,0.0,0.0,0.0,1
Urban,723,0,0,0,0.0,0.0,0.0,1
Urban,724,0,0,0,0.0,0.0,0.0,1
Urban,725,0,0,0,0.0,0.0,0.0,1
Urban,726,0,0,0,0.0,0.0,0.0,1
Urban,727,0,0,0,0.0,0.0,0.0,1
Urban,728,0,0,0,0.0,0.0,0.0,1
Urban,729,0,0,0,0.0,0.0,0.0,1
Urban,730,0,0,0,0.0,0.0,0.0,1
Urban,731,0,0,0,0.0,0.0,0.0,1
Urban,732,0,0,0,0.0,0.0,0.0,1
Urban,733,0,0,0,0.0,0.0,0.0,1
Urban,734,0,0,0,0.0,0.0,0.0,1
Urban,735,0,0,0,0.0,0.0,0.0,1
Urban,736,0,0,0,0.0,0.0,0.0,1
Urban,737,0,0,0,0.0,0.0,0.0,1
Urban,738,0,0,0,0.0,0.0,0.0,1
Urban,739,0,0,0,0.0,0.0,0.0,1
Urban,740,0,0,0,0.0,0.0,0.0,1
Urban,741,0,0,0,0.0,0.0,0.0,1
Urban,742,0,0,0,0.0,0.0,0.0,1
Urban,743,0,0,0,0.0,0.0,0.0,1
Urban,744,0,0,0,0.0,0.0,0.0,1
Urban,745,0,0,0,0.0,0.0,0.0,1
Urban,746,0,0,0,0.0,0.0,0.0,1
Urban,747,0,0,0,0.0,0.0,0.0,1
Urban,748,0,0,0,0.0,0.0,0.0,1
Urban,749,0,0,0,0.0,0.0,0.0,1
Urban,750,0,0,0,0.0,0.0,0.0,1
Urban,751,0,0,0,0.0,0.0,0.0,1
Urban,752,0,0,0,0.0,0.0,0.0,1
Urban,753,0,0,0,0.0,0.0,0.0,1
Urban,754,0,0,0,0.0,0.0,0.0,1
Urban,755,0,0,0,0.0,0.0,0.0,1
Urban,756,0,0,0,0.0,0.0,0.0,1
Urban,757,0,0,0,0.0,0.0,0.0,1
Urban,758,0,0,0,0.0,0.0,0.0,1
Urban,759,0,0,0,0.0,0.0,0.0,1
Urban,760,0,0,0,0.0,0.0,0.0,1
Urban,761,0,0,0,0.0,0.0,0.0,1
Urban,762,0,0,0,0.0,0.0,0.0,1
Urban,763,0,0,0,0.0,0.0,0.0,1
Urban,764,0,0,0,0.0,0.0,0.0,1
Urban,765,0,0,0,0.0,0.0,0.0,1
Urban,766,0,0,0,0.0,0.0,0.0,1
Urban,767,0,0,0,0.0,0.0,0.0,1
Urban,768,0,0,0,0.0,0.0,0.0,1
Urban,769,0,0,0,0.0,0.0,0.0,1
Urban,770,0,0,0,0.0,0.0,0.0,1
Urban,771,0,0,0,0.0,0.0,0.0,1
Urban,772,0,0,0,0.0,0.0,0.0,1
Urban,773,0,0,0,0.0,0.0,0.0,1
Urban,774,0,0,0,0.0,0.0,0.0,1
Urban,775,0,0,0,0.0,0.0,0.0,1
Urban,776,0,0,0,0.0,0.0,0.0,1
Urban,777,0,0,0,0.0,0.0,0.0,1
Urban,778,0,0,0,0.0,0.0,0.0,1
Urban,779,0,0,0,0.0,0.0,0.0,1
Urban,780,0,0,0,0.0,0.0,0.0,1
Urban,781,0,0,0,0.0,0.0,0.0,1
Urban,782,0,0,0,0.0,0.0,0.0,1
Urban,783,0,0,0,0.0,0.0,0.0,1
Urban,784,0,0,0,0.0,0.0,0.0,1
Urban,785,0,0,0,0.0,0.0,0.0,1
Urban,786,0,0,0,0.0,0.0,0.0,1
Urban,787,0,0,0,0.0,0.0,0.0,1
Urban,788,0,0,0,0.0,0.0,0.0,1
Urban,789,0,0,0,0.0,0.0,0.0,1
Urban,790,0,0,0,0.0,0.0,0.0,1
Urban,791,0,0,0,0.0,0.0,0.0,1
Urban,792,0,0,0,0.0,0.0,0.0,1
Urban,793,0,0,0,0.0,0.0,0.0,1
Urban,794,0,0,0,0.0,0.0,0.0,1
Urban,795,0,0,0,0.0,0.0,0.0,1
Urban,796,0,0,0,0.0,0.0,0.0,1
Urban,797,0,0,0,0.0,0.0,0.0,1
Urban,798,0,0,0,0.0,0.0,0.0,1
Urban,799,0,0,0,0.0,0.0,0.0,1
Urban,800,0,0,0,0.0,0.0,0.0,1
Urban,801,0,0,0,0.0,0.0,0.0,1
Urban,802,0,0,0,0.0,0.0,0.0,1
Urban,803,0,0,0,0.0,0.0,0.0,1
Urban,804,0,0,0,0.0,0.0,0.0,1
Urban,805,0,0,0,0.0,0.0,0.0,1
Urban,806,0,0,0,0.0,0.0,0.0,1
Urban,807,0,0,0,0.0,0.0,0.0,1
Urban,808,0,0,0,0.0,0.0,0.0,1
Urban,809,0,0,0,0.0,0.0,0.0,1
Urban,810,0,0,0,0.0,0.0,0.0,1
Urban,811,0,0,0,0.0,0.0,0.0,1
Urban,812,0,0,0,0.0,0.0,0.0,1
Urban,813,0,0,0,0.0,0.0,0.0,1
Urban,814,0,0,0,0.0,0.0,0.0,1
Urban,815,0,0,0,0.0,0.0,0.0,1
Urban,816,0,0,0,0.0,0.0,0.0,1
Urban,817,0,0,0,0.0,0.0,0.0,1
Urban,818,0,0,0,0.0,0.0,0.0,1
Urban,819,0,0,0,0.0,0.0,0.0,1
Urban,820,0,0,0,0.0,0.0,0.0,1
Urban,821,0,0,0,0.0,0.0,0.0,1
Urban,822,0,0,0,0.0,0.0,0.0,1
Urban,823,0,0,0,0.0,0.0,0.0,1
Urban,824,0,0,0,0.0,0.0,0.0,1
Urban,825,0,0,0,0.0,0.0,0.0,1
Urban,826,0,0,0,0.0,0.0,0.0,1
Urban,827,0,0,0,0.0,0.0,0.0,1
Urban,828,0,0,0,0.0,0.0,0.0,1
Urban,829,0,0,0,0.0,0.0,0.0,1
Urban,830,0,0,0,0.0,0.0,0.0,1
Urban,831,0,0,0,0.0,0.0,0.0,1
Urban,832,0,0,0,0.0,0.0,0.0,1
Urban,833,0,0,0,0.0,0.0,0.0,1
Urban,834,0,0,0,0.0,0.0,0.0,1
Urban,835,0,0,0,0.0,0.0,0.0,1
Urban,836,0,0,0,0.0,0.0,0.0,1
Urban,837,0,0,0,0.0,0.0,0.0,1
Urban,838,0,0,0,0.0,0.0,0.0,1
Urban,839,0,0,0,0.0,0.0,0.0,1
Urban,840,0,0,0,0.0,0.0,0.0,1
Urban,841,0,0,0,0.0,0.0,0.0,1
Urban,842,0,0,0,0.0,0.0,0.0,1
Urban,843,0,0,0,0.0,0.0,0.0,1
Urban,844,0,0,0,0.0,0.0,0.0,1
Urban,845,0,0,0,0.0,0.0,0.0,1
Urban,846,0,0,0,0.0,0.0,0.0,1
Urban,847,0,0,0,0.0,0.0,0.0,1
Urban,848,0,0,0,0.0,0.0,0.0,1
Urban,849,0,0,0,0.0,0.0,0.0,1
Urban,850,0,0,0,0.0,0.0,0.0,1
Urban,851,0,0,0,0.0,0.0,0.0,1
Urban,852,0,0,0,0.0,0.0,0.0,1
Urban,853,0,0,0,0.0,0.0,0.0,1
Urban,854,0,0,0,0.0,0.0,0.0,1
Urban,855,0,0,0,0.0,0.0,0.0,1
Urban,856,0,0,0,0.0,0.0,0.0,1
Urban,857,0,0,0,0.0,0.0,0.0,1
Urban,858,0,0,0,0.0,0.0,0.0,1
Urban,859,0,0,0,0.0,0.0,0.0,1
Urban,860,0,0,0,0.0,0.0,0.0,1
Urban,861,0,0,0,0.0,0.0,0.0,1
Urban,862,0,0,0,0.0,0.0,0.0,1
Urban,863,0,0,0,0.0,0.0,0.0,1
Urban,864,0,0,0,0.0,0.0,0.0,1
Urban,865,0,0,0,0.0,0.0,0.0,1
Urban,866,0,0,0,0.0,0.0,0.0,1
Urban,867,0,0,0,0.0,0.0,0.0,1
Urban,868,0,0,0,0.0,0.0,0.0,1
Urban,869,0,0,0,0.0,0.0,0.0,1
Urban,870,0,0,0,0.0,0.0,0.0,1
Urban,871,0,0,0,0.0,0.0,0.0,1
Urban,872,0,0,0,0.0,0.0,0.0,1
Urban,873,0,0,0,0.0,0.0,0.0,1
Urban,874,0,0,0,0.0,0.0,0.0,1
Urban,875,0,0,0,0.0,0.0,0.0,1
Urban,876,0,0,0,0.0,0.0,0.0,1
Urban,877,0,0,0,0.0,0.0,0.0,1
Urban,878,0,0,0,0.0,0.0,0.0,1
Urban,879,0,0,0,0.0,0.0,0.0,1
Urban,880,0,0,0,0.0,0.0,0.0,1
Urban,881,0,0,0,0.0,0.0,0.0,1
Urban,882,0,0,0,0.0,0.0,0.0,1
Urban,883,0,0,0,0.0,0.0,0.0,1
Urban,884,0,0,0,0.0,0.0,0.0,1
Urban,885,0,0,0,0.0,0.0,0.0,1
Urban,886,0,0,0,0.0,0.0,0.0,1
Urban,887,0,0,0,0.0,0.0,0.0,1
Urban,888,0,0,0,0.0,0.0,0.0,1
Urban,889,0,0,0,0.0,0.0,0.0,1
Urban,890,0,0,0,0.0,0.0,0.0,1
Urban,891,0,0,0,0.0,0.0,0.0,1
Urban,892,0,0,0,0.0,0.0,0.0,1
Urban,893,0,0,0,0.0,0.0,0.0,1
Urban,894,0,0,0,0.0,0.0,0.0,1
Urban,895,0,0,0,0.0,0.0,0.0,1
Urban,896,0,0,0,0.0,0.0,0.0,1
Urban,897,0,0,0,0.0,0.0,0.0,1
Urban,898,0,0,0,0.0,0.0,0.0,1
Urban,899,0,0,0,0.0,0.0,0.0,1
Urban,900,0,0,0,0.0,0.0,0.0,1
Urban,901,0,0,0,0.0,0.0,0.0,1
Urban,902,0,0,0,0.0,0.0,0.0,1
Urban,903,0,0,0,0.0,0.0,0.0,1
Urban,904,0,0,0,0.0,0.0,0.0,1
Urban,905,0,0,0,0.0,0.0,0.0,1
Urban,906,0,0,0,0.0,0.0,0.0,1
Urban,907,0,0,0,0.0,0.0,0.0,1
Urban,908,0,0,0,0.0,0.0,0.0,1
Urban,909,0,0,0,0.0,0.0,0.0,1
Urban,910,0,0,0,0.0,0.0,0.0,1
Urban,911,0,0,0,0.0,0.0,0.0,1
Urban,912,0,0,0,0.0,0.0,0.0,1
Urban,913,0,0,0,0.0,0.0,0.0,1
Urban,914,0,0,0,0.0,0.0,0.0,1
Urban,915,0,0,0,0.0,0.0,0.0,1
Urban,916,0,0,0,0.0,0.0,0.0,1
Urban,917,0,0,0,0.0,0.0,0.0,1
Urban,918,0,0,0,0.0,0.0,0.0,1
Urban,919,0,0,0,0.0,0.0,0.0,1
Urban,920,0,0,0,0.0,0.0,0.0,1
Urban,921,0,0,0,0.0,0.0,0.0,1
Urban,922,0,0,0,0.0,0.0,0.0,1
Urban,923,0,0,0,0.0,0.0,0.0,1
Urban,924,0,0,0,0.0,0.0,0.0,1
Urban,925,0,0,0,0.0,0.0,0.0,1
Urban,926,0,0,0,0.0,0.0,0.0,1
Urban,927,0,0,0,0.0,0.0,0.0,1
Urban,928,0,0,0,0.0,0.0,0.0,1
Urban,929,0,0,0,0.0,0.0,0.0,1
Urban,930,0,0,0,0.0,0.0,0.0,1
Urban,931,0,0,0,0.0,0.0,0.0,1
Urban,932,0,0,0,0.0,0.0,0.0,1
Urban,933,0,0,0,0.0,0.0,0.0,1
Urban,934,0,0,0,0.0,0.0,0.0,1
Urban,935,0,0,0,0.0,0.0,0.0,1
Urban,936,0,0,0,0.0,0.0,0.0,1
Urban,937,0,0,0,0.0,0.0,0.0,1
Urban,938,0,0,0,0.0,0.0,0.0,1
Urban,939,0,0,0,0.0,0.0,0.0,1
Urban,940,0,0,0,0.0,0.0,0.0,1
Urban,941,0,0,0,0.0,0.0,0.0,1
Urban,942,0,0,0,0.0,0.0,0.0,1
Urban,943,0,0,0,0.0,0.0,0.0,1
Urban,944,0,0,0,0.0,0.0,0.0,1
Urban,945,0,0,0,0.0,0.0,0.0,1
Urban,946,0,0,0,0.0,0.0,0.0,1
Urban,947,0,0,0,0.0,0.0,0.0,1
Urban,948,0,0,0,0.0,0.0,0.0,1
Urban,949,0,0,0,0.0,0.0,0.0,1
Urban,950,0,0,0,0.0,0.0,0.0,1
Urban,951,0,0,0,0.0,0.0,0.0,1
Urban,952,0,0,0,0.0,0.0,0.0,1
Urban,953,0,0,0,0.0,0.0,0.0,1
Urban,954,0,0,0,0.0,0.0,0.0,1
Urban,955,0,0,0,0.0,0.0,0.0,1
Urban,956,0,0,0,0.0,0.0,0.0,1
Urban,957,0,0,0,0.0,0.0,0.0,1
Urban,958,0,0,0,0.0,0.0,0.0,1
Urban,959,0,0,0,0.0,0.0,0.0,1
Urban,960,0,0,0,0.0,0.0,0.0,1
Urban,961,0,0,0,0.0,0.0,0.0,1
Urban,962,0,0,0,0.0,0.0,0.0,1
Urban,963,0,0,0,0.0,0.0,0.0,1
Urban,964,0,0,0,0.0,0.0,0.0,1
Urban,965,0,0,0,0.0,0.0,0.0,1
Urban,966,0,0,0,0.0,0.0,0.0,1
Urban,967,0,0,0,0.0,0.0,0.0,1
Urban,968,0,0,0,0.0,0.0,0.0,1
Urban,969,0,0,0,0.0,0.0,0.0,1
Urban,970,0,0,0,0.0,0.0,0.0,1
Urban,971,0,0,0,0.0,0.0,0.0,1
Urban,972,0,0,0,0.0,0.0,0.0,1
Urban,973,0,0,0,0.0,0.0,0.0,1
Urban,974,0,0,0,0.0,0.0,0.0,1
Urban,975,0,0,0,0.0,0.0,0.0,1
Urban,976,0,0,0,0.0,0.0,0.0,1
Urban,977,0,0,0,0.0,0.0,0.0,1
Urban,978,0,0,0,0.0,0.0,0.0,1
Urban,979,0,0,0,0.0,0.0,0.0,1
Urban,980,0,0,0,0.0,0.0,0.0,1
Urban,981,0,0,0,0.0,0.0,0.0,1
Urban,982,0,0,0,0.0,0.0,0.0,1
Urban,983,0,0,0,0.0,0.0,0.0,1
Urban,984,0,0,0,0.0,0.0,0.0,1
Urban,985,0,0,0,0.0,0.0,0.0,1
Urban,986,0,0,0,0.0,0.0,0.0,1
Urban,987,0,0,0,0.0,0.0,0.0,1
Urban,988,0,0,0,0.0,0.0,0.0,1
Urban,989,0,0,0,0.0,0.0,0.0,1
Urban,990,0,0,0,0.0,0.0,0.0,1
Urban,991,0,0,0,0.0,0.0,0.0,1
Urban,992,0,0,0,0.0,0.0,0.0,1
Urban,993,0,0,0,0.0,0.0,0.0,1
Urban,994,0,0,0,0.0,0.0,0.0,1
Urban,995,0,0,0,0.0,0.0,0.0,1
Urban,996,0,0,0,0.0,0.0,0.0,1
Urban,997,0,0,0,0.0,0.0,0.0,1
Urban,998,0,0,0,0.0,0.0,0.0,1
Urban,999,0,0,0,0.0,0.0,0.0,1
Urban,1000,0,0,0,0.0,0.0,0.0,1
Urban,1001,0,0,0,0.0,0.0,0.0,1
Urban,1002,0,0,0,0.0,0.0,0.0,1
Urban,1003,0,0,0,0.0,0.0,0.0,1
Urban,1004,0,0,0,0.0,0.0,0.0,1
Urban,1005,0,0,0,0.0,0.0,0.0,1
Urban,1006,0,0,0,0.0,0.0,0.0,1
Urban,1007,0,0,0,0.0,0.0,0.0,1
Urban,1008,0,0,0,0.0,0.0,0.0,1
Urban,1009,0,0,0,0.0,0.0,0.0,1
Urban,1010,0,0,0,0.0,0.0,0.0,1
Urban,1011,0,0,0,0.0,0.0,0.0,1
Urban,1012,0,0,0,0.0,0.0,0.0,1
Urban,1013,0,0,0,0.0,0.0,0.0,1
Urban,1014,0,0,0,0.0,0.0,0.0,1
Urban,1015,0,0,0,0.0,0.0,0.0,1
Urban,1016,0,0,0,0.0,0.0,0.0,1
Urban,1017,0,0,0,0.0,0.0,0.0,1
Urban,1018,0,0,0,0.0,0.0,0.0,1
Urban,1019,0,0,0,0.0,0.0,0.0,1
Urban,1020,0,0,0,0.0,0.0,0.0,1
Urban,1021,0,0,0,0.0,0.0,0.0,1
Urban,1022,0,0,0,0.0,0.0,0.0,1
Urban,1023,0,0,0,0.0,0.0,0.0,1
Urban,1024,0,0,0,0.0,0.0,0.0,1
Urban,1025,0,0,0,0.0,0.0,0.0,1
Urban,1026,0,0,0,0.0,0.0,0.0,1
Urban,1027,0,0,0,0.0,0.0,0.0,1
Urban,1028,0,0,0,0.0,0.0,0.0,1
Urban,1029,0,0,0,0.0,0.0,0.0,1
Urban,1030,0,0,0,0.0,0.0,0.0,1
Urban,1031,0,0,0,0.0,0.0,0.0,1
Urban,1032,0,0,0,0.0,0.0,0.0,1
Urban,1033,0,0,0,0.0,0.0,0.0,1
Urban,1034,0,0,0,0.0,0.0,0.0,1
Urban,1035,0,0,0,0.0,0.0,0.0,1
Urban,1036,0,0,0,0.0,0.0,0.0,1
Urban,1037,0,0,0,0.0,0.0,0.0,1
Urban,1038,0,0,0,0.0,0.0,0.0,1
Urban,1039,0,0,0,0.0,0.0,0.0,1
Urban,1040,0,0,0,0.0,0.0,0.0,1
Urban,1041,0,0,0,0.0,0.0,0.0,1
Urban,1042,0,0,0,0.0,0.0,0.0,1
Urban,1043,0,0,0,0.0,0.0,0.0,1
Urban,1044,0,0,0,0.0,0.0,0.0,1
Urban,1045,0,0,0,0.0,0.0,0.0,1
Urban,1046,0,0,0,0.0,0.0,0.0,1
Urban,1047,0,0,0,0.0,0.0,0.0,1
Urban,1048,0,0,0,0.0,0.0,0.0,1
Urban,1049,0,0,0,0.0,0.0,0.0,1
Urban,1050,0,0,0,0.0,0.0,0.0,1
Urban,1051,0,0,0,0.0,0.0,0.0,1
Urban,1052,0,0,0,0.0,0.0,0.0,1
Urban,1053,0,0,0,0.0,0.0,0.0,1
Urban,1054,0,0,0,0.0,0.0,0.0,1
Urban,1055,0,0,0,0.0,0.0,0.0,1
Urban,1056,0,0,0,0.0,0.0,0.0,1
Urban,1057,0,0,0,0.0,0.0,0.0,1
Urban,1058,0,0,0,0.0,0.0,0.0,1
Urban,1059,0,0,0,0.0,0.0,0.0,1
Urban,1060,0,0,0,0.0,0.0,0.0,1
Urban,1061,0,0,0,0.0,0.0,0.0,1
Urban,1062,0,0,0,0.0,0.0,0.0,1
Urban,1063,0,0,0,0.0,0.0,0.0,1
Urban,1064,0,0,0,0.0,0.0,0.0,1
Urban,1065,0,0,0,0.0,0.0,0.0,1
Urban,1066,0,0,0,0.0,0.0,0.0,1
Urban,1067,0,0,0,0.0,0.0,0.0,1
Urban,1068,0,0,0,0.0,0.0,0.0,1
Urban,1069,0,0,0,0.0,0.0,0.0,1
Urban,1070,0,0,0,0.0,0.0,0.0,1
Urban,1071,0,0,0,0.0,0.0,0.0,1
Urban,1072,0,0,0,0.0,0.0,0.0,1
Urban,1073,0,0,0,0.0,0.0,0.0,1
Urban,1074,0,0,0,0.0,0.0,0.0,1
Urban,1075,0,0,0,0.0,0.0,0.0,1
Urban,1076,0,0,0,0.0,0.0,0.0,1
Urban,1077,0,0,0,0.0,0.0,0.0,1
Urban,1078,0,0,0,0.0,0.0,0.0,1
Urban,1079,0,0,0,0.0,0.0,0.0,1
Urban,1080,0,0,0,0.0,0.0,0.0,1
Urban,1081,0,0,0,0.0,0.0,0.0,1
Urban,1082,0,0,0,0.0,0.0,0.0,1
Urban,1083,0,0,0,0.0,0.0,0.0,1
Urban,1084,0,0,0,0.0,0.0,0.0,1
Urban,1085,0,0,0,0.0,0.0,0.0,1
Urban,1086,0,0,0,0.0,0.0,0.0,1
Urban,1087,0,0,0,0.0,0.0,0.0,1
Urban,1088,0,0,0,0.0,0.0,0.0,1
Urban,1089,0,0,0,0.0,0.0,0.0,1
Urban,1090,0,0,0,0.0,0.0,0.0,1
Urban,1091,0,0,0,0.0,0.0,0.0,1
Urban,1092,0,0,0,0.0,0.0,0.0,1
Urban,1093,0,0,0,0.0,0.0,0.0,1
Urban,1094,0,0,0,0.0,0.0,0.0,1
Urban,1095,0,0,0,0.0,0.0,0.0,1
Urban,1096,0,0,0,0.0,0.0,0.0,1
Urban,1097,0,0,0,0.0,0.0,0.0,1
Urban,1098,0,0,0,0.0,0.0,0.0,1
Urban,1099,0,0,0,0.0,0.0,0.0,1
Urban,1100,0,0,0,0.0,0.0,0.0,1
Urban,1101,0,0,0,0.0,0.0,0.0,1
Urban,1102,0,0,0,0.0,0.0,0.0,1
Urban,1103,0,0,0,0.0,0.0,0.0,1
Urban,1104,0,0,0,0.0,0.0,0.0,1
Urban,1105,0,0,0,0.0,0.0,0.0,1
Urban,1106,0,0,0,0.0,0.0,0.0,1
Urban,1107,0,0,0,0.0,0.0,0.0,1
Urban,1108,0,0,0,0.0,0.0,0.0,1
Urban,1109,0,0,0,0.0,0.0,0.0,1
Urban,1110,0,0,0,0.0,0.0,0.0,1
Urban,1111,0,0,0,0.0,0.0,0.0,1
Urban,1112,0,0,0,0.0,0.0,0.0,1
Urban,1113,0,0,0,0.0,0.0,0.0,1
Urban,1114,0,0,0,0.0,0.0,0.0,1
Urban,1115,0,0,0,0.0,0.0,0.0,1
Urban,1116,0,0,0,0.0,0.0,0.0,1
Urban,1117,0,0,0,0.0,0.0,0.0,1
Urban,1118,0,0,0,0.0,0.0,0.0,1
Urban,1119,0,0,0,0.0,0.0,0.0,1
Urban,1120,0,0,0,0.0,0.0,0.0,1
Urban,1121,0,0,0,0.0,0.0,0.0,1
Urban,1122,0,0,0,0.0,0.0,0.0,1
Urban,1123,0,0,0,0.0,0.0,0.0,1
Urban,1124,0,0,0,0.0,0.0,0.0,1
Urban,1125,0,0,0,0.0,0.0,0.0,1
Urban,1126,0,0,0,0.0,0.0,0.0,1
Urban,1127,0,0,0,0.0,0.0,0.0,1
Urban,1128,0,0,0,0.0,0.0,0.0,1
Urban,1129,0,0,0,0.0,0.0,0.0,1
Urban,1130,0,0,0,0.0,0.0,0.0,1
Urban,1131,0,0,0,0.0,0.0,0.0,1
Urban,1132,0,0,0,0.0,0.0,0.0,1
Urban,1133,0,0,0,0.0,0.0,0.0,1
Urban,1134,0,0,0,0.0,0.0,0.0,1
Urban,1135,0,0,0,0.0,0.0,0.0,1
Urban,1136,0,0,0,0.0,0.0,0.0,1
Urban,1137,0,0,0,0.0,0.0,0.0,1
Urban,1138,0,0,0,0.0,0.0,0.0,1
Urban,1139,0,0,0,0.0,0.0,0.0,1
Urban,1140,0,0,0,0.0,0.0,0.0,1
Urban,1141,0,0,0,0.0,0.0,0.0,1
Urban,1142,0,0,0,0.0,0.0,0.0,1
Urban,1143,0,0,0,0.0,0.0,0.0,1
Urban,1144,0,0,0,0.0,0.0,0.0,1
Urban,1145,0,0,0,0.0,0.0,0.0,1
Urban,1146,0,0,0,0.0,0.0,0.0,1
Urban,1147,0,0,0,0.0,0.0,0.0,1
Urban,1148,0,0,0,0.0,0.0,0.0,1
Urban,1149,0,0,0,0.0,0.0,0.0,1
Urban,1150,0,0,0,0.0,0.0,0.0,1
Urban,1151,0,0,0,0.0,0.0,0.0,1
Urban,1152,0,0,0,0.0,0.0,0.0,1
Urban,1153,0,0,0,0.0,0.0,0.0,1
Urban,1154,0,0,0,0.0,0.0,0.0,1
Urban,1155,0,0,0,0.0,0.0,0.0,1
Urban,1156,0,0,0,0.0,0.0,0.0,1
Urban,1157,0,0,0,0.0,0.0,0.0,1
Urban,1158,0,0,0,0.0,0.0,0.0,1
Urban,1159,0,0,0,0.0,0.0,0.0,1
Urban,1160,0,0,0,0.0,0.0,0.0,1
Urban,1161,0,0,0,0.0,0.0,0.0,1
Urban,1162,0,0,0,0.0,0.0,0.0,1
Urban,1163,0,0,0,0.0,0.0,0.0,1
Urban,1164,0,0,0,0.0,0.0,0.0,1
Urban,1165,0,0,0,0.0,0.0,0.0,1
Urban,1166,0,0,0,0.0,0.0,0.0,1
Urban,1167,0,0,0,0.0,0.0,0.0,1
Urban,1168,0,0,0,0.0,0.0,0.0,1
Urban,1169,0,0,0,0.0,0.0,0.0,1
Urban,1170,0,0,0,0.0,0.0,0.0,1
Urban,1171,0,0,0,0.0,0.0,0.0,1
Urban,1172,0,0,0,0.0,0.0,0.0,1
Urban,1173,0,0,0,0.0,0.0,0.0,1
Urban,1174,0,0,0,0.0,0.0,0.0,1
Urban,1175,0,0,0,0.0,0.0,0.0,1
Urban,1176,0,0,0,0.0,0.0,0.0,1
Urban,1177,0,0,0,0.0,0.0,0.0,1
Urban,1178,0,0,0,0.0,0.0,0.0,1
Urban,1179,0,0,0,0.0,0.0,0.0,1
Urban,1180,0,0,0,0.0,0.0,0.0,1
Urban,1181,0,0,0,0.0,0.0,0.0,1
Urban,1182,0,0,0,0.0,0.0,0.0,1
Urban,1183,0,0,0,0.0,0.0,0.0,1
Urban,1184,0,0,0,0.0,0.0,0.0,1
Urban,1185,0,0,0,0.0,0.0,0.0,1
Urban,1186,0,0,0,0.0,0.0,0.0,1
Urban,1187,0,0,0,0.0,0.0,0.0,1
Urban,1188,0,0,0,0.0,0.0,0.0,1
Urban,1189,0,0,0,0.0,0.0,0.0,1
Urban,1190,0,0,0,0.0,0.0,0.0,1
Urban,1191,0,0,0,0.0,0.0,0.0,1
Urban,1192,0,0,0,0.0,0.0,0.0,1
Urban,1193,0,0,0,0.0,0.0,0.0,1
Urban,1194,0,0,0,0.0,0.0,0.0,1
Urban,1195,0,0,0,0.0,0.0,0.0,1
Urban,1196,0,0,0,0.0,0.0,0.0,1
Urban,1197,0,0,0,0.0,0.0,0.0,1
Urban,1198,0,0,0,0.0,0.0,0.0,1
Urban,1199,0,0,0,0.0,0.0,0.0,1
Urban,1200,0,0,0,0.0,0.0,0.0,1
Urban,1201,0,0,0,0.0,0.0,0.0,1
Urban,1202,0,0,0,0.0,0.0,0.0,1
Urban,1203,0,0,0,0.0,0.0,0.0,1
Urban,1204,0,0,0,0.0,0.0,0.0,1
Urban,1205,0,0,0,0.0,0.0,0.0,1
Urban,1206,0,0,0,0.0,0.0,0.0,1
Urban,1207,0,0,0,0.0,0.0,0.0,1
Urban,1208,0,0,0,0.0,0.0,0.0,1
Urban,1209,0,0,0,0.0,0.0,0.0,1
Urban,1210,0,0,0,0.0,0.0,0.0,1
Urban,1211,0,0,0,0.0,0.0,0.0,1
Urban,1212,0,0,0,0.0,0.0,0.0,1
Urban,1213,0,0,0,0.0,0.0,0.0,1
Urban,1214,0,0,0,0.0,0.0,0.0,1
Urban,1215,0,0,0,0.0,0.0,0.0,1
Urban,1216,0,0,0,0.0,0.0,0.0,1
Urban,1217,0,0,0,0.0,0.0,0.0,1
Urban,1218,0,0,0,0.0,0.0,0.0,1
Urban,1219,0,0,0,0.0,0.0,0.0,1
Urban,1220,0,0,0,0.0,0.0,0.0,1
Urban,1221,0,0,0,0.0,0.0,0.0,1
Urban,1222,0,0,0,0.0,0.0,0.0,1
Urban,1223,0,0,0,0.0,0.0,0.0,1
Urban,1224,0,0,0,0.0,0.0,0.0,1
Urban,1225,0,0,0,0.0,0.0,0.0,1
Urban,1226,0,0,0,0.0,0.0,0.0,1
Urban,1227,0,0,0,0.0,0.0,0.0,1
Urban,1228,0,0,0,0.0,0.0,0.0,1
Urban,1229,0,0,0,0.0,0.0,0.0,1
Urban,1230,0,0,0,0.0,0.0,0.0,1
Urban,1231,0,0,0,0.0,0.0,0.0,1
Urban,1232,0,0,0,0.0,0.0,0.0,1
Urban,1233,0,0,0,0.0,0.0,0.0,1
Urban,1234,0,0,0,0.0,0.0,0.0,1
Urban,1235,0,0,0,0.0,0.0,0.0,1
Urban,1236,0,0,0,0.0,0.0,0.0,1
Urban,1237,0,0,0,0.0,0.0,0.0,1
Urban,1238,0,0,0,0.0,0.0,0.0,1
Urban,1239,0,0,0,0.0,0.0,0.0,1
Urban,1240,0,0,0,0.0,0.0,0.0,1
Urban,1241,0,0,0,0.0,0.0,0.0,1
Urban,1242,0,0,0,0.0,0.0,0.0,1
Urban,1243,0,0,0,0.0,0.0,0.0,1
Urban,1244,0,0,0,0.0,0.0,0.0,1
Urban,1245,0,0,0,0.0,0.0,0.0,1
Urban,1246,0,0,0,0.0,0.0,0.0,1
Urban,1247,0,0,0,0.0,0.0,0.0,1
Urban,1248,0,0,0,0.0,0.0,0.0,1
Urban,1249,0,0,0,0.0,0.0,0.0,1
Urban,1250,0,0,0,0.0,0.0,0.0,1
Urban,1251,0,0,0,0.0,0.0,0.0,1
Urban,1252,0,0,0,0.0,0.0,0.0,1
Urban,1253,0,0,0,0.0,0.0,0.0,1
Urban,1254,0,0,0,0.0,0.0,0.0,1
Urban,1255,0,0,0,0.0,0.0,0.0,1
Urban,1256,0,0,0,0.0,0.0,0.0,1
Urban,1257,0,0,0,0.0,0.0,0.0,1
Urban,1258,0,0,0,0.0,0.0,0.0,1
Urban,1259,0,0,0,0.0,0.0,0.0,1
Urban,1260,0,0,0,0.0,0.0,0.0,1
Urban,1261,0,0,0,0.0,0.0,0.0,1
Urban,1262,0,0,0,0.0,0.0,0.0,1
Urban,1263,0,0,0,0.0,0.0,0.0,1
Urban,1264,0,0,0,0.0,0.0,0.0,1
Urban,1265,0,0,0,0.0,0.0,0.0,1
Urban,1266,0,0,0,0.0,0.0,0.0,1
Urban,1267,0,0,0,0.0,0.0,0.0,1
Urban,1268,0,0,0,0.0,0.0,0.0,1
Urban,1269,0,0,0,0.0,0.0,0.0,1
Urban,1270,0,0,0,0.0,0.0,0.0,1
Urban,1271,0,0,0,0.0,0.0,0.0,1
Urban,1272,0,0,0,0.0,0.0,0.0,1
Urban,1273,0,0,0,0.0,0.0,0.0,1
Urban,1274,0,0,0,0.0,0.0,0.0,1
Urban,1275,0,0,0,0.0,0.0,0.0,1
Urban,1276,0,0,0,0.0,0.0,0.0,1
Urban,1277,0,0,0,0.0,0.0,0.0,1
Urban,1278,0,0,0,0.0,0.0,0.0,1
Urban,1279,0,0,0,0.0,0.0,0.0,1
Urban,1280,0,0,0,0.0,0.0,0.0,1
Urban,1281,0,0,0,0.0,0.0,0.0,1
Urban,1282,0,0,0,0.0,0.0,0.0,1
Urban,1283,0,0,0,0.0,0.0,0.0,1
Urban,1284,0,0,0,0.0,0.0,0.0,1
Urban,1285,0,0,0,0.0,0.0,0.0,1
Urban,1286,0,0,0,0.0,0.0,0.0,1
Urban,1287,0,0,0,0.0,0.0,0.0,1
Urban,1288,0,0,0,0.0,0.0,0.0,1
Urban,1289,0,0,0,0.0,0.0,0.0,1
Urban,1290,0,0,0,0.0,0.0,0.0,1
Urban,1291,0,0,0,0.0,0.0,0.0,1
Urban,1292,0,0,0,0.0,0.0,0.0,1
Urban,1293,0,0,0,0.0,0.0,0.0,1
Urban,1294,0,0,0,0.0,0.0,0.0,1
Urban,1295,0,0,0,0.0,0.0,0.0,1
Urban,1296,0,0,0,0.0,0.0,0.0,1
Urban,1297,0,0,0,0.0,0.0,0.0,1
Urban,1298,0,0,0,0.0,0.0,0.0,1
Urban,1299,0,0,0,0.0,0.0,0.0,1
Urban,1300,0,0,0,0.0,0.0,0.0,1
Urban,1301,0,0,0,0.0,0.0,0.0,1
Urban,1302,0,0,0,0.0,0.0,0.0,1
Urban,1303,0,0,0,0.0,0.0,0.0,1
Urban,1304,0,0,0,0.0,0.0,0.0,1
Urban,1305,0,0,0,0.0,0.0,0.0,1
Urban,1306,0,0,0,0.0,0.0,0.0,1
Urban,1307,0,0,0,0.0,0.0,0.0,1
Urban,1308,0,0,0,0.0,0.0,0.0,1
Urban,1309,0,0,0,0.0,0.0,0.0,1
Urban,1310,0,0,0,0.0,0.0,0.0,1
Urban,1311,0,0,0,0.0,0.0,0.0,1
Urban,1312,0,0,0,0.0,0.0,0.0,1
Urban,1313,0,0,0,0.0,0.0,0.0,1
Urban,1314,0,0,0,0.0,0.0,0.0,1
Urban,1315,0,0,0,0.0,0.0,0.0,1
Urban,1316,0,0,0,0.0,0.0,0.0,1
Urban,1317,0,0,0,0.0,0.0,0.0,1
Urban,1318,0,0,0,0.0,0.0,0.0,1
Urban,1319,0,0,0,0.0,0.0,0.0,1
Urban,1320,0,0,0,0.0,0.0,0.0,1
Urban,1321,0,0,0,0.0,0.0,0.0,1
Urban,1322,0,0,0,0.0,0.0,0.0,1
Urban,1323,0,0,0,0.0,0.0,0.0,1
Urban,1324,0,0,0,0.0,0.0,0.0,1
Urban,1325,0,0,0,0.0,0.0,0.0,1
Urban,1326,0,0,0,0.0,0.0,0.0,1
Urban,1327,0,0,0,0.0,0.0,0.0,1
Urban,1328,0,0,0,0.0,0.0,0.0,1
Urban,1329,0,0,0,0.0,0.0,0.0,1
Urban,1330,0,0,0,0.0,0.0,0.0,1
Urban,1331,0,0,0,0.0,0.0,0.0,1
Urban,1332,0,0,0,0.0,0.0,0.0,1
Urban,1333,0,0,0,0.0,0.0,0.0,1
Urban,1334,0,0,0,0.0,0.0,0.0,1
Urban,1335,0,0,0,0.0,0.0,0.0,1
Urban,1336,0,0,0,0.0,0.0,0.0,1
Urban,1337,0,0,0,0.0,0.0,0.0,1
Urban,1338,0,0,0,0.0,0.0,0.0,1
Urban,1339,0,0,0,0.0,0.0,0.0,1
Urban,1340,0,0,0,0.0,0.0,0.0,1
Urban,1341,0,0,0,0.0,0.0,0.0,1
Urban,1342,0,0,0,0.0,0.0,0.0,1
Urban,1343,0,0,0,0.0,0.0,0.0,1
Urban,1344,0,0,0,0.0,0.0,0.0,1
Urban,1345,0,0,0,0.0,0.0,0.0,1
Urban,1346,0,0,0,0.0,0.0,0.0,1
Urban,1347,0,0,0,0.0,0.0,0.0,1
Urban,1348,0,0,0,0.0,0.0,0.0,1
Urban,1349,0,0,0,0.0,0.0,0.0,1
Urban,1350,0,0,0,0.0,0.0,0.0,1
Urban,1351,0,0,0,0.0,0.0,0.0,1
Urban,1352,0,0,0,0.0,0.0,0.0,1
Urban,1353,0,0,0,0.0,0.0,0.0,1
Urban,1354,0,0,0,0.0,0.0,0.0,1
Urban,1355,0,0,0,0.0,0.0,0.0,1
Urban,1356,0,0,0,0.0,0.0,0.0,1
Urban,1357,0,0,0,0.0,0.0,0.0,1
Urban,1358,0,0,0,0.0,0.0,0.0,1
Urban,1359,0,0,0,0.0,0.0,0.0,1
Urban,1360,0,0,0,0.0,0.0,0.0,1
Urban,1361,0,0,0,0.0,0.0,0.0,1
Urban,1362,0,0,0,0.0,0.0,0.0,1
Urban,1363,0,0,0,0.0,0.0,0.0,1
Urban,1364,0,0,0,0.0,0.0,0.0,1
Urban,1365,0,0,0,0.0,0.0,0.0,1
Urban,1366,0,0,0,0.0,0.0,0.0,1
Urban,1367,0,0,0,0.0,0.0,0.0,1
Urban,1368,0,0,0,0.0,0.0,0.0,1
Urban,1369,0,0,0,0.0,0.0,0.0,1
Urban,1370,0,0,0,0.0,0.0,0.0,1
Urban,1371,0,0,0,0.0,0.0,0.0,1
Urban,1372,0,0,0,0.0,0.0,0.0,1
Urban,1373,0,0,0,0.0,0.0,0.0,1
Urban,1374,0,0,0,0.0,0.0,0.0,1
Urban,1375,0,0,0,0.0,0.0,0.0,1
Urban,1376,0,0,0,0.0,0.0,0.0,1
Urban,1377,0,0,0,0.0,0.0,0.0,1
Urban,1378,0,0,0,0.0,0.0,0.0,1
Urban,1379,0,0,0,0.0,0.0,0.0,1
Urban,1380,0,0,0,0.0,0.0,0.0,1
Urban,1381,0,0,0,0.0,0.0,0.0,1
Urban,1382,0,0,0,0.0,0.0,0.0,1
Urban,1383,0,0,0,0.0,0.0,0.0,1
Urban,1384,0,0,0,0.0,0.0,0.0,1
Urban,1385,0,0,0,0.0,0.0,0.0,1
Urban,1386,0,0,0,0.0,0.0,0.0,1
Urban,1387,0,0,0,0.0,0.0,0.0,1
Urban,1388,0,0,0,0.0,0.0,0.0,1
Urban,1389,0,0,0,0.0,0.0,0.0,1
Urban,1390,0,0,0,0.0,0.0,0.0,1
Urban,1391,0,0,0,0.0,0.0,0.0,1
Urban,1392,0,0,0,0.0,0.0,0.0,1
Urban,1393,0,0,0,0.0,0.0,0.0,1
Urban,1394,0,0,0,0.0,0.0,0.0,1
Urban,1395,0,0,0,0.0,0.0,0.0,1
Urban,1396,0,0,0,0.0,0.0,0.0,1
Urban,1397,0,0,0,0.0,0.0,0.0,1
Urban,1398,0,0,0,0.0,0.0,0.0,1
Urban,1399,0,0,0,0.0,0.0,0.0,1
Urban,1400,0,0,0,0.0,0.0,0.0,1
Urban,1401,0,0,0,0.0,0.0,0.0,1
Urban,1402,0,0,0,0.0,0.0,0.0,1
Urban,1403,0,0,0,0.0,0.0,0.0,1
Urban,1404,0,0,0,0.0,0.0,0.0,1
Urban,1405,0,0,0,0.0,0.0,0.0,1
Urban,1406,0,0,0,0.0,0.0,0.0,1
Urban,1407,0,0,0,0.0,0.0,0.0,1
Urban,1408,0,0,0,0.0,0.0,0.0,1
Urban,1409,0,0,0,0.0,0.0,0.0,1
Urban,1410,0,0,0,0.0,0.0,0.0,1
Urban,1411,0,0,0,0.0,0.0,0.0,1
Urban,1412,0,0,0,0.0,0.0,0.0,1
Urban,1413,0,0,0,0.0,0.0,0.0,1
Urban,1414,0,0,0,0.0,0.0,0.0,1
Urban,1415,0,0,0,0.0,0.0,0.0,1
Urban,1416,0,0,0,0.0,0.0,0.0,1
Urban,1417,0,0,0,0.0,0.0,0.0,1
Urban,1418,0,0,0,0.0,0.0,0.0,1
Urban,1419,0,0,0,0.0,0.0,0.0,1
Urban,1420,0,0,0,0.0,0.0,0.0,1
Urban,1421,0,0,0,0.0,0.0,0.0,1
Urban,1422,0,0,0,0.0,0.0,0.0,1
Urban,1423,0,0,0,0.0,0.0,0.0,1
Urban,1424,0,0,0,0.0,0.0,0.0,1
Urban,1425,0,0,0,0.0,0.0,0.0,1
Urban,1426,0,0,0,0.0,0.0,0.0,1
Urban,1427,0,0,0,0.0,0.0,0.0,1
Urban,1428,0,0,0,0.0,0.0,0.0,1
Urban,1429,0,0,0,0.0,0.0,0.0,1
Urban,1430,0,0,0,0.0,0.0,0.0,1
Urban,1431,0,0,0,0.0,0.0,0.0,1
Urban,1432,0,0,0,0.0,0.0,0.0,1
Urban,1433,0,0,0,0.0,0.0,0.0,1
Urban,1434,0,0,0,0.0,0.0,0.0,1
Urban,1435,0,0,0,0.0,0.0,0.0,1
Urban,1436,0,0,0,0.0,0.0,0.0,1
Urban,1437,0,0,0,0.0,0.0,0.0,1
Urban,1438,0,0,0,0.0,0.0,0.0,1
Urban,1439,0,0,0,0.0,0.0,0.0,1
Urban,1440,0,0,0,0.0,0.0,0.0,1
Urban,1441,0,0,0,0.0,0.0,0.0,1
Urban,1442,0,0,0,0.0,0.0,0.0,1
Urban,1443,0,0,0,0.0,0.0,0.0,1
Urban,1444,0,0,0,0.0,0.0,0.0,1
Urban,1445,0,0,0,0.0,0.0,0.0,1
Urban,1446,0,0,0,0.0,0.0,0.0,1
Urban,1447,0,0,0,0.0,0.0,0.0,1
Urban,1448,0,0,0,0.0,0.0,0.0,1
Urban,1449,0,0,0,0.0,0.0,0.0,1
Urban,1450,0,0,0,0.0,0.0,0.0,1
Urban,1451,0,0,0,0.0,0.0,0.0,1
Urban,1452,0,0,0,0.0,0.0,0.0,1
Urban,1453,0,0,0,0.0,0.0,0.0,1
Urban,1454,0,0,0,0.0,0.0,0.0,1
Urban,1455,0,0,0,0.0,0.0,0.0,1
Urban,1456,0,0,0,0.0,0.0,0.0,1
Urban,1457,0,0,0,0.0,0.0,0.0,1
Urban,1458,0,0,0,0.0,0.0,0.0,1
Urban,1459,0,0,0,0.0,0.0,0.0,1
Urban,1460,0,0,0,0.0,0.0,0.0,1
Urban,1461,0,0,0,0.0,0.0,0.0,1
Urban,1462,0,0,0,0.0,0.0,0.0,1
Urban,1463,0,0,0,0.0,0.0,0.0,1
Urban,1464,0,0,0,0.0,0.0,0.0,1
Urban,1465,0,0,0,0.0,0.0,0.0,1
Urban,1466,0,0,0,0.0,0.0,0.0,1
Urban,1467,0,0,0,0.0,0.0,0.0,1
Urban,1468,0,0,0,0.0,0.0,0.0,1
Urban,1469,0,0,0,0.0,0.0,0.0,1
Urban,1470,0,0,0,0.0,0.0,0.0,1
Urban,1471,0,0,0,0.0,0.0,0.0,1
Urban,1472,0,0,0,0.0,0.0,0.0,1
Urban,1473,0,0,0,0.0,0.0,0.0,1
Urban,1474,0,0,0,0.0,0.0,0.0,1
Urban,1475,0,0,0,0.0,0.0,0.0,1
Urban,1476,0,0,0,0.0,0.0,0.0,1
Urban,1477,0,0,0,0.0,0.0,0.0,1
Urban,1478,0,0,0,0.0,0.0,0.0,1
Urban,1479,0,0,0,0.0,0.0,0.0,1
Urban,1480,0,0,0,0.0,0.0,0.0,1
Urban,1481,0,0,0,0.0,0.0,0.0,1
Urban,1482,0,0,0,0.0,0.0,0.0,1
Urban,1483,0,0,0,0.0,0.0,0.0,1
Urban,1484,0,0,0,0.0,0.0,0.0,1
Urban,1485,0,0,0,0.0,0.0,0.0,1
Urban,1486,0,0,0,0.0,0.0,0.0,1
Urban,1487,0,0,0,0.0,0.0,0.0,1
Urban,1488,0,0,0,0.0,0.0,0.0,1
Urban,1489,0,0,0,0.0,0.0,0.0,1
Urban,1490,0,0,0,0.0,0.0,0.0,1
Urban,1491,0,0,0,0.0,0.0,0.0,1
Urban,1492,0,0,0,0.0,0.0,0.0,1
Urban,1493,0,0,0,0.0,0.0,0.0,1
Urban,1494,0,0,0,0.0,0.0,0.0,1
Urban,1495,0,0,0,0.0,0.0,0.0,1
Urban,1496,0,0,0,0.0,0.0,0.0,1
Urban,1497,0,0,0,0.0,0.0,0.0,1
Urban,1498,0,0,0,0.0,0.0,0.0,1
Urban,1499,0,0,0,0.0,0.0,0.0,1
Urban,1500,0,0,0,0.0,0.0,0.0,1
Urban,1501,0,0,0,0.0,0.0,0.0,1
Urban,1502,0,0,0,0.0,0.0,0.0,1
Urban,1503,0,0,0,0.0,0.0,0.0,1
Urban,1504,0,0,0,0.0,0.0,0.0,1
Urban,1505,0,0,0,0.0,0.0,0.0,1
Urban,1506,0,0,0,0.0,0.0,0.0,1
Urban,1507,0,0,0,0.0,0.0,0.0,1
Urban,1508,0,0,0,0.0,0.0,0.0,1
Urban,1509,0,0,0,0.0,0.0,0.0,1
Urban,1510,0,0,0,0.0,0.0,0.0,1
Urban,1511,0,0,0,0.0,0.0,0.0,1
Urban,1512,0,0,0,0.0,0.0,0.0,1
Urban,1513,0,0,0,0.0,0.0,0.0,1
Urban,1514,0,0,0,0.0,0.0,0.0,1
Urban,1515,0,0,0,0.0,0.0,0.0,1
Urban,1516,0,0,0,0.0,0.0,0.0,1
Urban,1517,0,0,0,0.0,0.0,0.0,1
Urban,1518,0,0,0,0.0,0.0,0.0,1
Urban,1519,0,0,0,0.0,0.0,0.0,1
Urban,1520,0,0,0,0.0,0.0,0.0,1
Urban,1521,0,0,0,0.0,0.0,0.0,1
Urban,1522,0,0,0,0.0,0.0,0.0,1
Urban,1523,0,0,0,0.0,0.0,0.0,1
Urban,1524,0,0,0,0.0,0.0,0.0,1
Urban,1525,0,0,0,0.0,0.0,0.0,1
Urban,1526,0,0,0,0.0,0.0,0.0,1
Urban,1527,0,0,0,0.0,0.0,0.0,1
Urban,1528,0,0,0,0.0,0.0,0.0,1
Urban,1529,0,0,0,0.0,0.0,0.0,1
Urban,1530,0,0,0,0.0,0.0,0.0,1
Urban,1531,0,0,0,0.0,0.0,0.0,1
Urban,1532,0,0,0,0.0,0.0,0.0,1
Urban,1533,0,0,0,0.0,0.0,0.0,1
Urban,1534,0,0,0,0.0,0.0,0.0,1
Urban,1535,0,0,0,0.0,0.0,0.0,1
Urban,1536,0,0,0,0.0,0.0,0.0,1
Urban,1537,0,0,0,0.0,0.0,0.0,1
Urban,1538,0,0,0,0.0,0.0,0.0,1
Urban,1539,0,0,0,0.0,0.0,0.0,1
Urban,1540,0,0,0,0.0,0.0,0.0,1
Urban,1541,0,0,0,0.0,0.0,0.0,1
Urban,1542,0,0,0,0.0,0.0,0.0,1
Urban,1543,0,0,0,0.0,0.0,0.0,1
Urban,1544,0,0,0,0.0,0.0,0.0,1
Urban,1545,0,0,0,0.0,0.0,0.0,1
Urban,1546,0,0,0,0.0,0.0,0.0,1
Urban,1547,0,0,0,0.0,0.0,0.0,1
Urban,1548,0,0,0,0.0,0.0,0.0,1
Urban,1549,0,0,0,0.0,0.0,0.0,1
Urban,1550,0,0,0,0.0,0.0,0.0,1
Urban,1551,0,0,0,0.0,0.0,0.0,1
Urban,1552,0,0,0,0.0,0.0,0.0,1
Urban,1553,0,0,0,0.0,0.0,0.0,1
Urban,1554,0,0,0,0.0,0.0,0.0,1
Urban,1555,0,0,0,0.0,0.0,0.0,1
Urban,1556,0,0,0,0.0,0.0,0.0,1
Urban,1557,0,0,0,0.0,0.0,0.0,1
Urban,1558,0,0,0,0.0,0.0,0.0,1
Urban,1559,0,0,0,0.0,0.0,0.0,1
Urban,1560,0,0,0,0.0,0.0,0.0,1
Urban,1561,0,0,0,0.0,0.0,0.0,1
Urban,1562,0,0,0,0.0,0.0,0.0,1
Urban,1563,0,0,0,0.0,0.0,0.0,1
Urban,1564,0,0,0,0.0,0.0,0.0,1
Urban,1565,0,0,0,0.0,0.0,0.0,1
Urban,1566,0,0,0,0.0,0.0,0.0,1
Urban,1567,0,0,0,0.0,0.0,0.0,1
Urban,1568,0,0,0,0.0,0.0,0.0,1
Urban,1569,0,0,0,0.0,0.0,0.0,1
Urban,1570,0,0,0,0.0,0.0,0.0,1
Urban,1571,0,0,0,0.0,0.0,0.0,1
Urban,1572,0,0,0,0.0,0.0,0.0,1
Urban,1573,0,0,0,0.0,0.0,0.0,1
Urban,1574,0,0,0,0.0,0.0,0.0,1
Urban,1575,0,0,0,0.0,0.0,0.0,1
Urban,1576,0,0,0,0.0,0.0,0.0,1
Urban,1577,0,0,0,0.0,0.0,0.0,1
Urban,1578,0,0,0,0.0,0.0,0.0,1
Urban,1579,0,0,0,0.0,0.0,0.0,1
Urban,1580,0,0,0,0.0,0.0,0.0,1
Urban,1581,0,0,0,0.0,0.0,0.0,1
Urban,1582,0,0,0,0.0,0.0,0.0,1
Urban,1583,0,0,0,0.0,0.0,0.0,1
Urban,1584,0,0,0,0.0,0.0,0.0,1
Urban,1585,0,0,0,0.0,0.0,0.0,1
Urban,1586,0,0,0,0.0,0.0,0.0,1
Urban,1587,0,0,0,0.0,0.0,0.0,1
Urban,1588,0,0,0,0.0,0.0,0.0,1
Urban,1589,0,0,0,0.0,0.0,0.0,1
Urban,1590,0,0,0,0.0,0.0,0.0,1
Urban,1591,0,0,0,0.0,0.0,0.0,1
Urban,1592,0,0,0,0.0,0.0,0.0,1
Urban,1593,0,0,0,0.0,0.0,0.0,1
Urban,1594,0,0,0,0.0,0.0,0.0,1
Urban,1595,0,0,0,0.0,0.0,0.0,1
Urban,1596,0,0,0,0.0,0.0,0.0,1
Urban,1597,0,0,0,0.0,0.0,0.0,1
Urban,1598,0,0,0,0.0,0.0,0.0,1
Urban,1599,0,0,0,0.0,0.0,0.0,1
Urban,1600,0,0,0,0.0,0.0,0.0,1
Urban,1601,0,0,0,0.0,0.0,0.0,1
Urban,1602,0,0,0,0.0,0.0,0.0,1
Urban,1603,0,0,0,0.0,0.0,0.0,1
Urban,1604,0,0,0,0.0,0.0,0.0,1
Urban,1605,0,0,0,0.0,0.0,0.0,1
Urban,1606,0,0,0,0.0,0.0,0.0,1
Urban,1607,0,0,0,0.0,0.0,0.0,1
Urban,1608,0,0,0,0.0,0.0,0.0,1
Urban,1609,0,0,0,0.0,0.0,0.0,1
Urban,1610,0,0,0,0.0,0.0,0.0,1
Urban,1611,0,0,0,0.0,0.0,0.0,1
Urban,1612,0,0,0,0.0,0.0,0.0,1
Urban,1613,0,0,0,0.0,0.0,0.0,1
Urban,1614,0,0,0,0.0,0.0,0.0,1
Urban,1615,0,0,0,0.0,0.0,0.0,1
Urban,1616,0,0,0,0.0,0.0,0.0,1
Urban,1617,0,0,0,0.0,0.0,0.0,1
Urban,1618,0,0,0,0.0,0.0,0.0,1
Urban,1619,0,0,0,0.0,0.0,0.0,1
Urban,1620,0,0,0,0.0,0.0,0.0,1
Urban,1621,0,0,0,0.0,0.0,0.0,1
Urban,1622,0,0,0,0.0,0.0,0.0,1
Urban,1623,0,0,0,0.0,0.0,0.0,1
Urban,1624,0,0,0,0.0,0.0,0.0,1
Urban,1625,0,0,0,0.0,0.0,0.0,1
Urban,1626,0,0,0,0.0,0.0,0.0,1
Urban,1627,0,0,0,0.0,0.0,0.0,1
Urban,1628,0,0,0,0.0,0.0,0.0,1
Urban,1629,0,0,0,0.0,0.0,0.0,1
Urban,1630,0,0,0,0.0,0.0,0.0,1
Urban,1631,0,0,0,0.0,0.0,0.0,1
Urban,1632,0,0,0,0.0,0.0,0.0,1
Urban,1633,0,0,0,0.0,0.0,0.0,1
Urban,1634,0,0,0,0.0,0.0,0.0,1
Urban,1635,0,0,0,0.0,0.0,0.0,1
Urban,1636,0,0,0,0.0,0.0,0.0,1
Urban,1637,0,0,0,0.0,0.0,0.0,1
Urban,1638,0,0,0,0.0,0.0,0.0,1
Urban,1639,0,0,0,0.0,0.0,0.0,1
Urban,1640,0,0,0,0.0,0.0,0.0,1
Urban,1641,0,0,0,0.0,0.0,0.0,1
Urban,1642,0,0,0,0.0,0.0,0.0,1
Urban,1643,0,0,0,0.0,0.0,0.0,1
Urban,1644,0,0,0,0.0,0.0,0.0,1
Urban,1645,0,0,0,0.0,0.0,0.0,1
Urban,1646,0,0,0,0.0,0.0,0.0,1
Urban,1647,0,0,0,0.0,0.0,0.0,1
Urban,1648,0,0,0,0.0,0.0,0.0,1
Urban,1649,0,0,0,0.0,0.0,0.0,1
Urban,1650,0,0,0,0.0,0.0,0.0,1
Urban,1651,0,0,0,0.0,0.0,0.0,1
Urban,1652,0,0,0,0.0,0.0,0.0,1
Urban,1653,0,0,0,0.0,0.0,0.0,1
Urban,1654,0,0,0,0.0,0.0,0.0,1
Urban,1655,0,0,0,0.0,0.0,0.0,1
Urban,1656,0,0,0,0.0,0.0,0.0,1
Urban,1657,0,0,0,0.0,0.0,0.0,1
Urban,1658,0,0,0,0.0,0.0,0.0,1
Urban,1659,0,0,0,0.0,0.0,0.0,1
Urban,1660,0,0,0,0.0,0.0,0.0,1
Urban,1661,0,0,0,0.0,0.0,0.0,1
Urban,1662,0,0,0,0.0,0.0,0.0,1
Urban,1663,0,0,0,0.0,0.0,0.0,1
Urban,1664,0,0,0,0.0,0.0,0.0,1
Urban,1665,0,0,0,0.0,0.0,0.0,1
Urban,1666,0,0,0,0.0,0.0,0.0,1
Urban,1667,0,0,0,0.0,0.0,0.0,1
Urban,1668,0,0,0,0.0,0.0,0.0,1
Urban,1669,0,0,0,0.0,0.0,0.0,1
Urban,1670,0,0,0,0.0,0.0,0.0,1
Urban,1671,0,0,0,0.0,0.0,0.0,1
Urban,1672,0,0,0,0.0,0.0,0.0,1
Urban,1673,0,0,0,0.0,0.0,0.0,1
Urban,1674,0,0,0,0.0,0.0,0.0,1
Urban,1675,0,0,0,0.0,0.0,0.0,1
Urban,1676,0,0,0,0.0,0.0,0.0,1
Urban,1677,0,0,0,0.0,0.0,0.0,1
Urban,1678,0,0,0,0.0,0.0,0.0,1
Urban,1679,0,0,0,0.0,0.0,0.0,1
Urban,1680,0,0,0,0.0,0.0,0.0,1
Urban,1681,0,0,0,0.0,0.0,0.0,1
Urban,1682,0,0,0,0.0,0.0,0.0,1
Urban,1683,0,0,0,0.0,0.0,0.0,1
Urban,1684,0,0,0,0.0,0.0,0.0,1
Urban,1685,0,0,0,0.0,0.0,0.0,1
Urban,1686,0,0,0,0.0,0.0,0.0,1
Urban,1687,0,0,0,0.0,0.0,0.0,1
Urban,1688,0,0,0,0.0,0.0,0.0,1
Urban,1689,0,0,0,0.0,0.0,0.0,1
Urban,1690,0,0,0,0.0,0.0,0.0,1
Urban,1691,0,0,0,0.0,0.0,0.0,1
Urban,1692,0,0,0,0.0,0.0,0.0,1
Urban,1693,0,0,0,0.0,0.0,0.0,1
Urban,1694,0,0,0,0.0,0.0,0.0,1
Urban,1695,0,0,0,0.0,0.0,0.0,1
Urban,1696,0,0,0,0.0,0.0,0.0,1
Urban,1697,0,0,0,0.0,0.0,0.0,1
Urban,1698,0,0,0,0.0,0.0,0.0,1
Urban,1699,0,0,0,0.0,0.0,0.0,1
Urban,1700,0,0,0,0.0,0.0,0.0,1
Urban,1701,0,0,0,0.0,0.0,0.0,1
Urban,1702,0,0,0,0.0,0.0,0.0,1
Urban,1703,0,0,0,0.0,0.0,0.0,1
Urban,1704,0,0,0,0.0,0.0,0.0,1
Urban,1705,0,0,0,0.0,0.0,0.0,1
Urban,1706,0,0,0,0.0,0.0,0.0,1
Urban,1707,0,0,0,0.0,0.0,0.0,1
Urban,1708,0,0,0,0.0,0.0,0.0,1
Urban,1709,0,0,0,0.0,0.0,0.0,1
Urban,1710,0,0,0,0.0,0.0,0.0,1
Urban,1711,0,0,0,0.0,0.0,0.0,1
Urban,1712,0,0,0,0.0,0.0,0.0,1
Urban,1713,0,0,0,0.0,0.0,0.0,1
Urban,1714,0,0,0,0.0,0.0,0.0,1
Urban,1715,0,0,0,0.0,0.0,0.0,1
Urban,1716,0,0,0,0.0,0.0,0.0,1
Urban,1717,0,0,0,0.0,0.0,0.0,1
Urban,1718,0,0,0,0.0,0.0,0.0,1
Urban,1719,0,0,0,0.0,0.0,0.0,1
Urban,1720,0,0,0,0.0,0.0,0.0,1
Urban,1721,0,0,0,0.0,0.0,0.0,1
Urban,1722,0,0,0,0.0,0.0,0.0,1
Urban,1723,0,0,0,0.0,0.0,0.0,1
Urban,1724,0,0,0,0.0,0.0,0.0,1
Urban,1725,0,0,0,0.0,0.0,0.0,1
Urban,1726,0,0,0,0.0,0.0,0.0,1
Urban,1727,0,0,0,0.0,0.0,0.0,1
Urban,1728,0,0,0,0.0,0.0,0.0,1
Urban,1729,0,0,0,0.0,0.0,0.0,1
Urban,1730,0,0,0,0.0,0.0,0.0,1
Urban,1731,0,0,0,0.0,0.0,0.0,1
Urban,1732,0,0,0,0.0,0.0,0.0,1
Urban,1733,0,0,0,0.0,0.0,0.0,1
Urban,1734,0,0,0,0.0,0.0,0.0,1
Urban,1735,0,0,0,0.0,0.0,0.0,1
Urban,1736,0,0,0,0.0,0.0,0.0,1
Urban,1737,0,0,0,0.0,0.0,0.0,1
Urban,1738,0,0,0,0.0,0.0,0.0,1
Urban,1739,0,0,0,0.0,0.0,0.0,1
Urban,1740,0,0,0,0.0,0.0,0.0,1
Urban,1741,0,0,0,0.0,0.0,0.0,1
Urban,1742,0,0,0,0.0,0.0,0.0,1
Urban,1743,0,0,0,0.0,0.0,0.0,1
Urban,1744,0,0,0,0.0,0.0,0.0,1
Urban,1745,0,0,0,0.0,0.0,0.0,1
Urban,1746,0,0,0,0.0,0.0,0.0,1
Urban,1747,0,0,0,0.0,0.0,0.0,1
Urban,1748,0,0,0,0.0,0.0,0.0,1
Urban,1749,0,0,0,0.0,0.0,0.0,1
Urban,1750,0,0,0,0.0,0.0,0.0,1
Urban,1751,0,0,0,0.0,0.0,0.0,1
Urban,1752,0,0,0,0.0,0.0,0.0,1
Urban,1753,0,0,0,0.0,0.0,0.0,1
Urban,1754,0,0,0,0.0,0.0,0.0,1
Urban,1755,0,0,0,0.0,0.0,0.0,1
Urban,1756,0,0,0,0.0,0.0,0.0,1
Urban,1757,0,0,0,0.0,0.0,0.0,1
Urban,1758,0,0,0,0.0,0.0,0.0,1
Urban,1759,0,0,0,0.0,0.0,0.0,1
Urban,1760,0,0,0,0.0,0.0,0.0,1
Urban,1761,0,0,0,0.0,0.0,0.0,1
Urban,1762,0,0,0,0.0,0.0,0.0,1
Urban,1763,0,0,0,0.0,0.0,0.0,1
Urban,1764,0,0,0,0.0,0.0,0.0,1
Urban,1765,0,0,0,0.0,0.0,0.0,1
Urban,1766,0,0,0,0.0,0.0,0.0,1
Urban,1767,0,0,0,0.0,0.0,0.0,1
Urban,1768,0,0,0,0.0,0.0,0.0,1
Urban,1769,0,0,0,0.0,0.0,0.0,1
Urban,1770,0,0,0,0.0,0.0,0.0,1
Urban,1771,0,0,0,0.0,0.0,0.0,1
Urban,1772,0,0,0,0.0,0.0,0.0,1
Urban,1773,0,0,0,0.0,0.0,0.0,1
Urban,1774,0,0,0,0.0,0.0,0.0,1
Urban,1775,0,0,0,0.0,0.0,0.0,1
Urban,1776,0,0,0,0.0,0.0,0.0,1
Urban,1777,0,0,0,0.0,0.0,0.0,1
Urban,1778,0,0,0,0.0,0.0,0.0,1
Urban,1779,0,0,0,0.0,0.0,0.0,1
Urban,1780,0,0,0,0.0,0.0,0.0,1
Urban,1781,0,0,0,0.0,0.0,0.0,1
Urban,1782,0,0,0,0.0,0.0,0.0,1
Urban,1783,0,0,0,0.0,0.0,0.0,1
Urban,1784,0,0,0,0.0,0.0,0.0,1
Urban,1785,0,0,0,0.0,0.0,0.0,1
Urban,1786,0,0,0,0.0,0.0,0.0,1
Urban,1787,0,0,0,0.0,0.0,0.0,1
Urban,1788,0,0,0,0.0,0.0,0.0,1
Urban,1789,0,0,0,0.0,0.0,0.0,1
Urban,1790,0,0,0,0.0,0.0,0.0,1
Urban,1791,0,0,0,0.0,0.0,0.0,1
Urban,1792,0,0,0,0.0,0.0,0.0,1
Urban,1793,0,0,0,0.0,0.0,0.0,1
Urban,1794,0,0,0,0.0,0.0,0.0,1
Urban,1795,0,0,0,0.0,0.0,0.0,1
Urban,1796,0,0,0,0.0,0.0,0.0,1
Urban,1797,0,0,0,0.0,0.0,0.0,1
Urban,1798,0,0,0,0.0,0.0,0.0,1
Urban,1799,0,0,0,0.0,0.0,0.0,1
Urban,1800,0,0,0,0.0,0.0,0.0,1
Urban,1801,0,0,0,0.0,0.0,0.0,1
Urban,1802,0,0,0,0.0,0.0,0.0,1
Urban,1803,0,0,0,0.0,0.0,0.0,1
Urban,1804,0,0,0,0.0,0.0,0.0,1
Urban,1805,0,0,0,0.0,0.0,0.0,1
Urban,1806,0,0,0,0.0,0.0,0.0,1
Urban,1807,0,0,0,0.0,0.0,0.0,1
Urban,1808,0,0,0,0.0,0.0,0.0,1
Urban,1809,0,0,0,0.0,0.0,0.0,1
Urban,1810,0,0,0,0.0,0.0,0.0,1
Urban,1811,0,0,0,0.0,0.0,0.0,1
Urban,1812,0,0,0,0.0,0.0,0.0,1
Urban,1813,0,0,0,0.0,0.0,0.0,1
Urban,1814,0,0,0,0.0,0.0,0.0,1
Urban,1815,0,0,0,0.0,0.0,0.0,1
Urban,1816,0,0,0,0.0,0.0,0.0,1
Urban,1817,0,0,0,0.0,0.0,0.0,1
Urban,1818,0,0,0,0.0,0.0,0.0,1
Urban,1819,0,0,0,0.0,0.0,0.0,1
Urban,1820,0,0,0,0.0,0.0,0.0,1
Urban,1821,0,0,0,0.0,0.0,0.0,1
Urban,1822,0,0,0,0.0,0.0,0.0,1
Urban,1823,0,0,0,0.0,0.0,0.0,1
Urban,1824,0,0,0,0.0,0.0,0.0,1
Urban,1825,0,0,0,0.0,0.0,0.0,1
Urban,1826,0,0,0,0.0,0.0,0.0,1
Urban,1827,0,0,0,0.0,0.0,0.0,1
Urban,1828,0,0,0,0.0,0.0,0.0,1
Urban,1829,0,0,0,0.0,0.0,0.0,1
Urban,1830,0,0,0,0.0,0.0,0.0,1
Urban,1831,0,0,0,0.0,0.0,0.0,1
Urban,1832,0,0,0,0.0,0.0,0.0,1
Urban,1833,0,0,0,0.0,0.0,0.0,1
Urban,1834,0,0,0,0.0,0.0,0.0,1
Urban,1835,0,0,0,0.0,0.0,0.0,1
Urban,1836,0,0,0,0.0,0.0,0.0,1
Urban,1837,0,0,0,0.0,0.0,0.0,1
Urban,1838,0,0,0,0.0,0.0,0.0,1
Urban,1839,0,0,0,0.0,0.0,0.0,1
Urban,1840,0,0,0,0.0,0.0,0.0,1
Urban,1841,0,0,0,0.0,0.0,0.0,1
Urban,1842,0,0,0,0.0,0.0,0.0,1
Urban,1843,0,0,0,0.0,0.0,0.0,1
Urban,1844,0,0,0,0.0,0.0,0.0,1
Urban,1845,0,0,0,0.0,0.0,0.0,1
Urban,1846,0,0,0,0.0,0.0,0.0,1
Urban,1847,0,0,0,0.0,0.0,0.0,1
Urban,1848,0,0,0,0.0,0.0,0.0,1
Urban,1849,0,0,0,0.0,0.0,0.0,1
Urban,1850,0,0,0,0.0,0.0,0.0,1
Urban,1851,0,0,0,0.0,0.0,0.0,1
Urban,1852,0,0,0,0.0,0.0,0.0,1
Urban,1853,0,0,0,0.0,0.0,0.0,1
Urban,1854,0,0,0,0.0,0.0,0.0,1
Urban,1855,0,0,0,0.0,0.0,0.0,1
Urban,1856,0,0,0,0.0,0.0,0.0,1
Urban,1857,0,0,0,0.0,0.0,0.0,1
Urban,1858,0,0,0,0.0,0.0,0.0,1
Urban,1859,0,0,0,0.0,0.0,0.0,1
Urban,1860,0,0,0,0.0,0.0,0.0,1
Urban,1861,0,0,0,0.0,0.0,0.0,1
Urban,1862,0,0,0,0.0,0.0,0.0,1
Urban,1863,0,0,0,0.0,0.0,0.0,1
Urban,1864,0,0,0,0.0,0.0,0.0,1
Urban,1865,0,0,0,0.0,0.0,0.0,1
Urban,1866,0,0,0,0.0,0.0,0.0,1
Urban,1867,0,0,0,0.0,0.0,0.0,1
Urban,1868,0,0,0,0.0,0.0,0.0,1
Urban,1869,0,0,0,0.0,0.0,0.0,1
Urban,1870,0,0,0,0.0,0.0,0.0,1
Urban,1871,0,0,0,0.0,0.0,0.0,1
Urban,1872,0,0,0,0.0,0.0,0.0,1
Urban,1873,0,0,0,0.0,0.0,0.0,1
Urban,1874,0,0,0,0.0,0.0,0.0,1
Urban,1875,0,0,0,0.0,0.0,0.0,1
Urban,1876,0,0,0,0.0,0.0,0.0,1
Urban,1877,0,0,0,0.0,0.0,0.0,1
Urban,1878,0,0,0,0.0,0.0,0.0,1
Urban,1879,0,0,0,0.0,0.0,0.0,1
Urban,1880,0,0,0,0.0,0.0,0.0,1
Urban,1881,0,0,0,0.0,0.0,0.0,1
Urban,1882,0,0,0,0.0,0.0,0.0,1
Urban,1883,0,0,0,0.0,0.0,0.0,1
Urban,1884,0,0,0,0.0,0.0,0.0,1
Urban,1885,0,0,0,0.0,0.0,0.0,1
Urban,1886,0,0,0,0.0,0.0,0.0,1
Urban,1887,0,0,0,0.0,0.0,0.0,1
Urban,1888,0,0,0,0.0,0.0,0.0,1
Urban,1889,0,0,0,0.0,0.0,0.0,1
Urban,1890,0,0,0,0.0,0.0,0.0,1
Urban,1891,0,0,0,0.0,0.0,0.0,1
Urban,1892,0,0,0,0.0,0.0,0.0,1
Urban,1893,0,0,0,0.0,0.0,0.0,1
Urban,1894,0,0,0,0.0,0.0,0.0,1
Urban,1895,0,0,0,0.0,0.0,0.0,1
Urban,1896,0,0,0,0.0,0.0,0.0,1
Urban,1897,0,0,0,0.0,0.0,0.0,1
Urban,1898,0,0,0,0.0,0.0,0.0,1
Urban,1899,0,0,0,0.0,0.0,0.0,1
Urban,1900,0,0,0,0.0,0.0,0.0,1
Urban,1901,0,0,0,0.0,0.0,0.0,1
Urban,1902,0,0,0,0.0,0.0,0.0,1
Urban,1903,0,0,0,0.0,0.0,0.0,1
Urban,1904,0,0,0,0.0,0.0,0.0,1
Urban,1905,0,0,0,0.0,0.0,0.0,1
Urban,1906,0,0,0,0.0,0.0,0.0,1
Urban,1907,0,0,0,0.0,0.0,0.0,1
Urban,1908,0,0,0,0.0,0.0,0.0,1
Urban,1909,0,0,0,0.0,0.0,0.0,1
Urban,1910,0,0,0,0.0,0.0,0.0,1
Urban,1911,0,0,0,0.0,0.0,0.0,1
Urban,1912,0,0,0,0.0,0.0,0.0,1
Urban,1913,0,0,0,0.0,0.0,0.0,1
Urban,1914,0,0,0,0.0,0.0,0.0,1
Urban,1915,0,0,0,0.0,0.0,0.0,1
Urban,1916,0,0,0,0.0,0.0,0.0,1
Urban,1917,0,0,0,0.0,0.0,0.0,1
Urban,1918,0,0,0,0.0,0.0,0.0,1
Urban,1919,0,0,0,0.0,0.0,0.0,1
Urban,1920,0,0,0,0.0,0.0,0.0,1
Urban,1921,0,0,0,0.0,0.0,0.0,1
Urban,1922,0,0,0,0.0,0.0,0.0,1
Urban,1923,0,0,0,0.0,0.0,0.0,1
Urban,1924,0,0,0,0.0,0.0,0.0,1
Urban,1925,0,0,0,0.0,0.0,0.0,1
Urban,1926,0,0,0,0.0,0.0,0.0,1
Urban,1927,0,0,0,0.0,0.0,0.0,1
Urban,1928,0,0,0,0.0,0.0,0.0,1
Urban,1929,0,0,0,0.0,0.0,0.0,1
Urban,1930,0,0,0,0.0,0.0,0.0,1
Urban,1931,0,0,0,0.0,0.0,0.0,1
Urban,1932,0,0,0,0.0,0.0,0.0,1
Urban,1933,0,0,0,0.0,0.0,0.0,1
Urban,1934,0,0,0,0.0,0.0,0.0,1
Urban,1935,0,0,0,0.0,0.0,0.0,1
Urban,1936,0,0,0,0.0,0.0,0.0,1
Urban,1937,0,0,0,0.0,0.0,0.0,1
Urban,1938,0,0,0,0.0,0.0,0.0,1
Urban,1939,0,0,0,0.0,0.0,0.0,1
Urban,1940,0,0,0,0.0,0.0,0.0,1
Urban,1941,0,0,0,0.0,0.0,0.0,1
Urban,1942,0,0,0,0.0,0.0,0.0,1
Urban,1943,0,0,0,0.0,0.0,0.0,1
Urban,1944,0,0,0,0.0,0.0,0.0,1
Urban,1945,0,0,0,0.0,0.0,0.0,1
Urban,1946,0,0,0,0.0,0.0,0.0,1
Urban,1947,0,0,0,0.0,0.0,0.0,1
Urban,1948,0,0,0,0.0,0.0,0.0,1
Urban,1949,0,0,0,0.0,0.0,0.0,1
Urban,1950,0,0,0,0.0,0.0,0.0,1
Urban,1951,0,0,0,0.0,0.0,0.0,1
Urban,1952,0,0,0,0.0,0.0,0.0,1
Urban,1953,0,0,0,0.0,0.0,0.0,1
Urban,1954,0,0,0,0.0,0.0,0.0,1
Urban,1955,0,0,0,0.0,0.0,0.0,1
Urban,1956,0,0,0,0.0,0.0,0.0,1
Urban,1957,0,0,0,0.0,0.0,0.0,1
Urban,1958,0,0,0,0.0,0.0,0.0,1
Urban,1959,0,0,0,0.0,0.0,0.0,1
Urban,1960,0,0,0,0.0,0.0,0.0,1
Urban,1961,0,0,0,0.0,0.0,0.0,1
Urban,1962,0,0,0,0.0,0.0,0.0,1
Urban,1963,0,0,0,0.0,0.0,0.0,1
Urban,1964,0,0,0,0.0,0.0,0.0,1
Urban,1965,0,0,0,0.0,0.0,0.0,1
Urban,1966,0,0,0,0.0,0.0,0.0,1
Urban,1967,0,0,0,0.0,0.0,0.0,1
Urban,1968,0,0,0,0.0,0.0,0.0,1
Urban,1969,0,0,0,0.0,0.0,0.0,1
Urban,1970,0,0,0,0.0,0.0,0.0,1
Urban,1971,0,0,0,0.0,0.0,0.0,1
Urban,1972,0,0,0,0.0,0.0,0.0,1
Urban,1973,0,0,0,0.0,0.0,0.0,1
Urban,1974,0,0,0,0.0,0.0,0.0,1
Urban,1975,0,0,0,0.0,0.0,0.0,1
Urban,1976,0,0,0,0.0,0.0,0.0,1
Urban,1977,0,0,0,0.0,0.0,0.0,1
Urban,1978,0,0,0,0.0,0.0,0.0,1
Urban,1979,0,0,0,0.0,0.0,0.0,1
Urban,1980,0,0,0,0.0,0.0,0.0,1
Urban,1981,0,0,0,0.0,0.0,0.0,1
Urban,1982,0,0,0,0.0,0.0,0.0,1
Urban,1983,0,0,0,0.0,0.0,0.0,1
Urban,1984,0,0,0,0.0,0.0,0.0,1
Urban,1985,0,0,0,0.0,0.0,0.0,1
Urban,1986,0,0,0,0.0,0.0,0.0,1
Urban,1987,0,0,0,0.0,0.0,0.0,1
Urban,1988,0,0,0,0.0,0.0,0.0,1
Urban,1989,0,0,0,0.0,0.0,0.0,1
Urban,1990,0,0,0,0.0,0.0,0.0,1
Urban,1991,0,0,0,0.0,0.0,0.0,1
Urban,1992,0,0,0,0.0,0.0,0.0,1
Urban,1993,0,0,0,0.0,0.0,0.0,1
Urban,1994,0,0,0,0.0,0.0,0.0,1
Urban,1995,0,0,0,0.0,0.0,0.0,1
Urban,1996,0,0,0,0.0,0.0,0.0,1
Urban,1997,0,0,0,0.0,0.0,0.0,1
Urban,1998,0,0,0,0.0,0.0,0.0,1
Urban,1999,0,0,0,0.0,0.0,0.0,1
Urban,2000,0,0,0,0.0,0.0,0.0,1
Urban,2001,0,0,0,0.0,0.0,0.0,1
Urban,2002,0,0,0,0.0,0.0,0.0,1
Urban,2003,0,0,0,0.0,0.0,0.0,1
Urban,2004,0,0,0,0.0,0.0,0.0,1
Urban,2005,0,0,0,0.0,0.0,0.0,1
Urban,2006,0,0,0,0.0,0.0,0.0,1
Urban,2007,0,0,0,0.0,0.0,0.0,1
Urban,2008,0,0,0,0.0,0.0,0.0,1
Urban,2009,0,0,0,0.0,0.0,0.0,1
Urban,2010,0,0,0,0.0,0.0,0.0,1
Urban,2011,0,0,0,0.0,0.0,0.0,1
Urban,2012,0,0,0,0.0,0.0,0.0,1
Urban,2013,0,0,0,0.0,0.0,0.0,1
Urban,2014,0,0,0,0.0,0.0,0.0,1
Urban,2015,0,0,0,0.0,0.0,0.0,1
Urban,2016,0,0,0,0.0,0.0,0.0,1
Urban,2017,0,0,0,0.0,0.0,0.0,1
Urban,2018,0,0,0,0.0,0.0,0.0,1
Urban,2019,0,0,0,0.0,0.0,0.0,1
Urban,2020,0,0,0,0.0,0.0,0.0,1
Urban,2021,0,0,0,0.0,0.0,0.0,1
Urban,2022,0,0,0,0.0,0.0,0.0,1
Urban,2023,0,0,0,0.0,0.0,0.0,1
Urban,2024,0,0,0,0.0,0.0,0.0,1
Urban,2025,0,0,0,0.0,0.0,0.0,1
Urban,2026,0,0,0,0.0,0.0,0.0,1
Urban,2027,0,0,0,0.0,0.0,0.0,1
Urban,2028,0,0,0,0.0,0.0,0.0,1
Urban,2029,0,0,0,0.0,0.0,0.0,1
Urban,2030,0,0,0,0.0,0.0,0.0,1
Urban,2031,0,0,0,0.0,0.0,0.0,1
Urban,2032,0,0,0,0.0,0.0,0.0,1
Urban,2033,0,0,0,0.0,0.0,0.0,1
Urban,2034,0,0,0,0.0,0.0,0.0,1
Urban,2035,0,0,0,0.0,0.0,0.0,1
Urban,2036,0,0,0,0.0,0.0,0.0,1
Urban,2037,0,0,0,0.0,0.0,0.0,1
Urban,2038,0,0,0,0.0,0.0,0.0,1
Urban,2039,0,0,0,0.0,0.0,0.0,1
Urban,2040,0,0,0,0.0,0.0,0.0,1
Urban,2041,0,0,0,0.0,0.0,0.0,1
Urban,2042,0,0,0,0.0,0.0,0.0,1
Urban,2043,0,0,0,0.0,0.0,0.0,1
Urban,2044,0,0,0,0.0,0.0,0.0,1
Urban,2045,0,0,0,0.0,0.0,0.0,1
Urban,2046,0,0,0,0.0,0.0,0.0,1
Urban,2047,0,0,0,0.0,0.0,0.0,1
Urban,2048,0,0,0,0.0,0.0,0.0,1
Urban,2049,0,0,0,0.0,0.0,0.0,1
Urban,2050,0,0,0,0.0,0.0,0.0,1
Urban,2051,0,0,0,0.0,0.0,0.0,1
Urban,2052,0,0,0,0.0,0.0,0.0,1
Urban,2053,0,0,0,0.0,0.0,0.0,1
Urban,2054,0,0,0,0.0,0.0,0.0,1
Urban,2055,0,0,0,0.0,0.0,0.0,1
Urban,2056,0,0,0,0.0,0.0,0.0,1
Urban,2057,0,0,0,0.0,0.0,0.0,1
Urban,2058,0,0,0,0.0,0.0,0.0,1
Urban,2059,0,0,0,0.0,0.0,0.0,1
Urban,2060,0,0,0,0.0,0.0,0.0,1
Urban,2061,0,0,0,0.0,0.0,0.0,1
Urban,2062,0,0,0,0.0,0.0,0.0,1
Urban,2063,0,0,0,0.0,0.0,0.0,1
Urban,2064,0,0,0,0.0,0.0,0.0,1
Urban,2065,0,0,0,0.0,0.0,0.0,1
Urban,2066,0,0,0,0.0,0.0,0.0,1
Urban,2067,0,0,0,0.0,0.0,0.0,1
Urban,2068,0,0,0,0.0,0.0,0.0,1
Urban,2069,0,0,0,0.0,0.0,0.0,1
Urban,2070,0,0,0,0.0,0.0,0.0,1
Urban,2071,0,0,0,0.0,0.0,0.0,1
Urban,2072,0,0,0,0.0,0.0,0.0,1
Urban,2073,0,0,0,0.0,0.0,0.0,1
Urban,2074,0,0,0,0.0,0.0,0.0,1
Urban,2075,0,0,0,0.0,0.0,0.0,1
Urban,2076,0,0,0,0.0,0.0,0.0,1
Urban,2077,0,0,0,0.0,0.0,0.0,1
Urban,2078,0,0,0,0.0,0.0,0.0,1
Urban,2079,0,0,0,0.0,0.0,0.0,1
Urban,2080,0,0,0,0.0,0.0,0.0,1
Urban,2081,0,0,0,0.0,0.0,0.0,1
Urban,2082,0,0,0,0.0,0.0,0.0,1
Urban,2083,0,0,0,0.0,0.0,0.0,1
Urban,2084,0,0,0,0.0,0.0,0.0,1
Urban,2085,0,0,0,0.0,0.0,0.0,1
Urban,2086,0,0,0,0.0,0.0,0.0,1
Urban,2087,0,0,0,0.0,0.0,0.0,1
Urban,2088,0,0,0,0.0,0.0,0.0,1
Urban,2089,0,0,0,0.0,0.0,0.0,1
Urban,2090,0,0,0,0.0,0.0,0.0,1
Urban,2091,0,0,0,0.0,0.0,0.0,1
Urban,2092,0,0,0,0.0,0.0,0.0,1
Urban,2093,0,0,0,0.0,0.0,0.0,1
Urban,2094,0,0,0,0.0,0.0,0.0,1
Urban,2095,0,0,0,0.0,0.0,0.0,1
Urban,2096,0,0,0,0.0,0.0,0.0,1
Urban,2097,0,0,0,0.0,0.0,0.0,1
Urban,2098,0,0,0,0.0,0.0,0.0,1
Urban,2099,0,0,0,0.0,0.0,0.0,1
Urban,2100,0,0,0,0.0,0.0,0.0,1
Urban,2101,0,0,0,0.0,0.0,0.0,1
Urban,2102,0,0,0,0.0,0.0,0.0,1
Urban,2103,0,0,0,0.0,0.0,0.0,1
Urban,2104,0,0,0,0.0,0.0,0.0,1
Urban,2105,0,0,0,0.0,0.0,0.0,1
Urban,2106,0,0,0,0.0,0.0,0.0,1
Urban,2107,0,0,0,0.0,0.0,0.0,1
Urban,2108,0,0,0,0.0,0.0,0.0,1
Urban,2109,0,0,0,0.0,0.0,0.0,1
Urban,2110,0,0,0,0.0,0.0,0.0,1
Urban,2111,0,0,0,0.0,0.0,0.0,1
Urban,2112,0,0,0,0.0,0.0,0.0,1
Urban,2113,0,0,0,0.0,0.0,0.0,1
Urban,2114,0,0,0,0.0,0.0,0.0,1
Urban,2115,0,0,0,0.0,0.0,0.0,1
Urban,2116,0,0,0,0.0,0.0,0.0,1
Urban,2117,0,0,0,0.0,0.0,0.0,1
Urban,2118,0,0,0,0.0,0.0,0.0,1
Urban,2119,0,0,0,0.0,0.0,0.0,1
Urban,2120,0,0,0,0.0,0.0,0.0,1
Urban,2121,0,0,0,0.0,0.0,0.0,1
Urban,2122,0,0,0,0.0,0.0,0.0,1
Urban,2123,0,0,0,0.0,0.0,0.0,1
Urban,2124,0,0,0,0.0,0.0,0.0,1
Urban,2125,0,0,0,0.0,0.0,0.0,1
Urban,2126,0,0,0,0.0,0.0,0.0,1
Urban,2127,0,0,0,0.0,0.0,0.0,1
Urban,2128,0,0,0,0.0,0.0,0.0,1
Urban,2129,0,0,0,0.0,0.0,0.0,1
Urban,2130,0,0,0,0.0,0.0,0.0,1
Urban,2131,0,0,0,0.0,0.0,0.0,1
Urban,2132,0,0,0,0.0,0.0,0.0,1
Urban,2133,0,0,0,0.0,0.0,0.0,1
Urban,2134,0,0,0,0.0,0.0,0.0,1
Urban,2135,0,0,0,0.0,0.0,0.0,1
Urban,2136,0,0,0,0.0,0.0,0.0,1
Urban,2137,0,0,0,0.0,0.0,0.0,1
Urban,2138,0,0,0,0.0,0.0,0.0,1
Urban,2139,0,0,0,0.0,0.0,0.0,1
Urban,2140,0,0,0,0.0,0.0,0.0,1
Urban,2141,0,0,0,0.0,0.0,0.0,1
Urban,2142,0,0,0,0.0,0.0,0.0,1
Urban,2143,0,0,0,0.0,0.0,0.0,1
Urban,2144,0,0,0,0.0,0.0,0.0,1
Urban,2145,0,0,0,0.0,0.0,0.0,1
Urban,2146,0,0,0,0.0,0.0,0.0,1
Urban,2147,0,0,0,0.0,0.0,0.0,1
Urban,2148,0,0,0,0.0,0.0,0.0,1
Urban,2149,0,0,0,0.0,0.0,0.0,1
Urban,2150,0,0,0,0.0,0.0,0.0,1
Urban,2151,0,0,0,0.0,0.0,0.0,1
Urban,2152,0,0,0,0.0,0.0,0.0,1
Urban,2153,0,0,0,0.0,0.0,0.0,1
Urban,2154,0,0,0,0.0,0.0,0.0,1
Urban,2155,0,0,0,0.0,0.0,0.0,1
Urban,2156,0,0,0,0.0,0.0,0.0,1
Urban,2157,0,0,0,0.0,0.0,0.0,1
Urban,2158,0,0,0,0.0,0.0,0.0,1
Urban,2159,0,0,0,0.0,0.0,0.0,1
Urban,2160,0,0,0,0.0,0.0,0.0,1
Urban,2161,0,0,0,0.0,0.0,0.0,1
Urban,2162,0,0,0,0.0,0.0,0.0,1
Urban,2163,0,0,0,0.0,0.0,0.0,1
Urban,2164,0,0,0,0.0,0.0,0.0,1
Urban,2165,0,0,0,0.0,0.0,0.0,1
Urban,2166,0,0,0,0.0,0.0,0.0,1
Urban,2167,0,0,0,0.0,0.0,0.0,1
Urban,2168,0,0,0,0.0,0.0,0.0,1
Urban,2169,0,0,0,0.0,0.0,0.0,1
Urban,2170,0,0,0,0.0,0.0,0.0,1
Urban,2171,0,0,0,0.0,0.0,0.0,1
Urban,2172,0,0,0,0.0,0.0,0.0,1
Urban,2173,0,0,0,0.0,0.0,0.0,1
Urban,2174,0,0,0,0.0,0.0,0.0,1
Urban,2175,0,0,0,0.0,0.0,0.0,1
Urban,2176,0,0,0,0.0,0.0,0.0,1
Urban,2177,0,0,0,0.0,0.0,0.0,1
Urban,2178,0,0,0,0.0,0.0,0.0,1
Urban,2179,0,0,0,0.0,0.0,0.0,1
Urban,2180,0,0,0,0.0,0.0,0.0,1
Urban,2181,0,0,0,0.0,0.0,0.0,1
Urban,2182,0,0,0,0.0,0.0,0.0,1
Urban,2183,0,0,0,0.0,0.0,0.0,1
Urban,2184,0,0,0,0.0,0.0,0.0,1
Urban,2185,0,0,0,0.0,0.0,0.0,1
Urban,2186,0,0,0,0.0,0.0,0.0,1
Urban,2187,0,0,0,0.0,0.0,0.0,1
Urban,2188,0,0,0,0.0,0.0,0.0,1
Urban,2189,0,0,0,0.0,0.0,0.0,1
Urban,2190,0,0,0,0.0,0.0,0.0,1
Urban,2191,0,0,0,0.0,0.0,0.0,1
Urban,2192,0,0,0,0.0,0.0,0.0,1
Urban,2193,0,0,0,0.0,0.0,0.0,1
Urban,2194,0,0,0,0.0,0.0,0.0,1
Urban,2195,0,0,0,0.0,0.0,0.0,1
Urban,2196,0,0,0,0.0,0.0,0.0,1
Urban,2197,0,0,0,0.0,0.0,0.0,1
Urban,2198,0,0,0,0.0,0.0,0.0,1
Urban,2199,0,0,0,0.0,0.0,0.0,1
Urban,2200,0,0,0,0.0,0.0,0.0,1
Urban,2201,0,0,0,0.0,0.0,0.0,1
Urban,2202,0,0,0,0.0,0.0,0.0,1
Urban,2203,0,0,0,0.0,0.0,0.0,1
Urban,2204,0,0,0,0.0,0.0,0.0,1
Urban,2205,0,0,0,0.0,0.0,0.0,1
Urban,2206,0,0,0,0.0,0.0,0.0,1
Urban,2207,0,0,0,0.0,0.0,0.0,1
Urban,2208,0,0,0,0.0,0.0,0.0,1
Urban,2209,0,0,0,0.0,0.0,0.0,1
Urban,2210,0,0,0,0.0,0.0,0.0,1
Urban,2211,0,0,0,0.0,0.0,0.0,1
Urban,2212,0,0,0,0.0,0.0,0.0,1
Urban,2213,0,0,0,0.0,0.0,0.0,1
Urban,2214,0,0,0,0.0,0.0,0.0,1
Urban,2215,0,0,0,0.0,0.0,0.0,1
Urban,2216,0,0,0,0.0,0.0,0.0,1
Urban,2217,0,0,0,0.0,0.0,0.0,1
Urban,2218,0,0,0,0.0,0.0,0.0,1
Urban,2219,0,0,0,0.0,0.0,0.0,1
Urban,2220,0,0,0,0.0,0.0,0.0,1
Urban,2221,0,0,0,0.0,0.0,0.0,1
Urban,2222,0,0,0,0.0,0.0,0.0,1
Urban,2223,0,0,0,0.0,0.0,0.0,1
Urban,2224,0,0,0,0.0,0.0,0.0,1
Urban,2225,0,0,0,0.0,0.0,0.0,1
Urban,2226,0,0,0,0.0,0.0,0.0,1
Urban,2227,0,0,0,0.0,0.0,0.0,1
Urban,2228,0,0,0,0.0,0.0,0.0,1
Urban,2229,0,0,0,0.0,0.0,0.0,1
Urban,2230,0,0,0,0.0,0.0,0.0,1
Urban,2231,0,0,0,0.0,0.0,0.0,1
Urban,2232,0,0,0,0.0,0.0,0.0,1
Urban,2233,0,0,0,0.0,0.0,0.0,1
Urban,2234,0,0,0,0.0,0.0,0.0,1
Urban,2235,0,0,0,0.0,0.0,0.0,1
Urban,2236,0,0,0,0.0,0.0,0.0,1
Urban,2237,0,0,0,0.0,0.0,0.0,1
Urban,2238,0,0,0,0.0,0.0,0.0,1
Urban,2239,0,0,0,0.0,0.0,0.0,1
Urban,2240,0,0,0,0.0,0.0,0.0,1
Urban,2241,0,0,0,0.0,0.0,0.0,1
Urban,2242,0,0,0,0.0,0.0,0.0,1
Urban,2243,0,0,0,0.0,0.0,0.0,1
Urban,2244,0,0,0,0.0,0.0,0.0,1
Urban,2245,0,0,0,0.0,0.0,0.0,1
Urban,2246,0,0,0,0.0,0.0,0.0,1
Urban,2247,0,0,0,0.0,0.0,0.0,1
Urban,2248,0,0,0,0.0,0.0,0.0,1
Urban,2249,0,0,0,0.0,0.0,0.0,1
Urban,2250,0,0,0,0.0,0.0,0.0,1
Urban,2251,0,0,0,0.0,0.0,0.0,1
Urban,2252,0,0,0,0.0,0.0,0.0,1
Urban,2253,0,0,0,0.0,0.0,0.0,1
Urban,2254,0,0,0,0.0,0.0,0.0,1
Urban,2255,0,0,0,0.0,0.0,0.0,1
Urban,2256,0,0,0,0.0,0.0,0.0,1
Urban,2257,0,0,0,0.0,0.0,0.0,1
Urban,2258,0,0,0,0.0,0.0,0.0,1
Urban,2259,0,0,0,0.0,0.0,0.0,1
Urban,2260,0,0,0,0.0,0.0,0.0,1
Urban,2261,0,0,0,0.0,0.0,0.0,1
Urban,2262,0,0,0,0.0,0.0,0.0,1
Urban,2263,0,0,0,0.0,0.0,0.0,1
Urban,2264,0,0,0,0.0,0.0,0.0,1
Urban,2265,0,0,0,0.0,0.0,0.0,1
Urban,2266,0,0,0,0.0,0.0,0.0,1
Urban,2267,0,0,0,0.0,0.0,0.0,1
Urban,2268,0,0,0,0.0,0.0,0.0,1
Urban,2269,0,0,0,0.0,0.0,0.0,1
Urban,2270,0,0,0,0.0,0.0,0.0,1
Urban,2271,0,0,0,0.0,0.0,0.0,1
Urban,2272,0,0,0,0.0,0.0,0.0,1
Urban,2273,0,0,0,0.0,0.0,0.0,1
Urban,2274,0,0,0,0.0,0.0,0.0,1
Urban,2275,0,0,0,0.0,0.0,0.0,1
Urban,2276,0,0,0,0.0,0.0,0.0,1
Urban,2277,0,0,0,0.0,0.0,0.0,1
Urban,2278,0,0,0,0.0,0.0,0.0,1
Urban,2279,0,0,0,0.0,0.0,0.0,1
Urban,2280,0,0,0,0.0,0.0,0.0,1
Urban,2281,0,0,0,0.0,0.0,0.0,1
Urban,2282,0,0,0,0.0,0.0,0.0,1
Urban,2283,0,0,0,0.0,0.0,0.0,1
Urban,2284,0,0,0,0.0,0.0,0.0,1
Urban,2285,0,0,0,0.0,0.0,0.0,1
Urban,2286,0,0,0,0.0,0.0,0.0,1
Urban,2287,0,0,0,0.0,0.0,0.0,1
Urban,2288,0,0,0,0.0,0.0,0.0,1
Urban,2289,0,0,0,0.0,0.0,0.0,1
Urban,2290,0,0,0,0.0,0.0,0.0,1
Urban,2291,0,0,0,0.0,0.0,0.0,1
Urban,2292,0,0,0,0.0,0.0,0.0,1
Urban,2293,0,0,0,0.0,0.0,0.0,1
Urban,2294,0,0,0,0.0,0.0,0.0,1
Urban,2295,0,0,0,0.0,0.0,0.0,1
Urban,2296,0,0,0,0.0,0.0,0.0,1
Urban,2297,0,0,0,0.0,0.0,0.0,1
Urban,2298,0,0,0,0.0,0.0,0.0,1
Urban,2299,0,0,0,0.0,0.0,0.0,1
Urban,2300,0,0,0,0.0,0.0,0.0,1
Urban,2301,0,0,0,0.0,0.0,0.0,1
Urban,2302,0,0,0,0.0,0.0,0.0,1
Urban,2303,0,0,0,0.0,0.0,0.0,1
Urban,2304,0,0,0,0.0,0.0,0.0,1
Urban,2305,0,0,0,0.0,0.0,0.0,1
Urban,2306,0,0,0,0.0,0.0,0.0,1
Urban,2307,0,0,0,0.0,0.0,0.0,1
Urban,2308,0,0,0,0.0,0.0,0.0,1
Urban,2309,0,0,0,0.0,0.0,0.0,1
Urban,2310,0,0,0,0.0,0.0,0.0,1
Urban,2311,0,0,0,0.0,0.0,0.0,1
Urban,2312,0,0,0,0.0,0.0,0.0,1
Urban,2313,0,0,0,0.0,0.0,0.0,1
Urban,2314,0,0,0,0.0,0.0,0.0,1
Urban,2315,0,0,0,0.0,0.0,0.0,1
Urban,2316,0,0,0,0.0,0.0,0.0,1
Urban,2317,0,0,0,0.0,0.0,0.0,1
Urban,2318,0,0,0,0.0,0.0,0.0,1
Urban,2319,0,0,0,0.0,0.0,0.0,1
Urban,2320,0,0,0,0.0,0.0,0.0,1
Urban,2321,0,0,0,0.0,0.0,0.0,1
Urban,2322,0,0,0,0.0,0.0,0.0,1
Urban,2323,0,0,0,0.0,0.0,0.0,1
Urban,2324,0,0,0,0.0,0.0,0.0,1
Urban,2325,0,0,0,0.0,0.0,0.0,1
Urban,2326,0,0,0,0.0,0.0,0.0,1
Urban,2327,0,0,0,0.0,0.0,0.0,1
Urban,2328,0,0,0,0.0,0.0,0.0,1
Urban,2329,0,0,0,0.0,0.0,0.0,1
Urban,2330,0,0,0,0.0,0.0,0.0,1
Urban,2331,0,0,0,0.0,0.0,0.0,1
Urban,2332,0,0,0,0.0,0.0,0.0,1
Urban,2333,0,0,0,0.0,0.0,0.0,1
Urban,2334,0,0,0,0.0,0.0,0.0,1
Urban,2335,0,0,0,0.0,0.0,0.0,1
Urban,2336,0,0,0,0.0,0.0,0.0,1
Urban,2337,0,0,0,0.0,0.0,0.0,1
Urban,2338,0,0,0,0.0,0.0,0.0,1
Urban,2339,0,0,0,0.0,0.0,0.0,1
Urban,2340,0,0,0,0.0,0.0,0.0,1
Urban,2341,0,0,0,0.0,0.0,0.0,1
Urban,2342,0,0,0,0.0,0.0,0.0,1
Urban,2343,0,0,0,0.0,0.0,0.0,1
Urban,2344,0,0,0,0.0,0.0,0.0,1
Urban,2345,0,0,0,0.0,0.0,0.0,1
Urban,2346,0,0,0,0.0,0.0,0.0,1
Urban,2347,0,0,0,0.0,0.0,0.0,1
Urban,2348,0,0,0,0.0,0.0,0.0,1
Urban,2349,0,0,0,0.0,0.0,0.0,1
Urban,2350,0,0,0,0.0,0.0,0.0,1
Urban,2351,0,0,0,0.0,0.0,0.0,1
Urban,2352,0,0,0,0.0,0.0,0.0,1
Urban,2353,0,0,0,0.0,0.0,0.0,1
Urban,2354,0,0,0,0.0,0.0,0.0,1
Urban,2355,0,0,0,0.0,0.0,0.0,1
Urban,2356,0,0,0,0.0,0.0,0.0,1
Urban,2357,0,0,0,0.0,0.0,0.0,1
Urban,2358,0,0,0,0.0,0.0,0.0,1
Urban,2359,0,0,0,0.0,0.0,0.0,1
Urban,2360,0,0,0,0.0,0.0,0.0,1
Urban,2361,0,0,0,0.0,0.0,0.0,1
Urban,2362,0,0,0,0.0,0.0,0.0,1
Urban,2363,0,0,0,0.0,0.0,0.0,1
Urban,2364,0,0,0,0.0,0.0,0.0,1
Urban,2365,0,0,0,0.0,0.0,0.0,1
Urban,2366,0,0,0,0.0,0.0,0.0,1
Urban,2367,0,0,0,0.0,0.0,0.0,1
Urban,2368,0,0,0,0.0,0.0,0.0,1
Urban,2369,0,0,0,0.0,0.0,0.0,1
Urban,2370,0,0,0,0.0,0.0,0.0,1
Urban,2371,0,0,0,0.0,0.0,0.0,1
Urban,2372,0,0,0,0.0,0.0,0.0,1
Urban,2373,0,0,0,0.0,0.0,0.0,1
Urban,2374,0,0,0,0.0,0.0,0.0,1
Urban,2375,0,0,0,0.0,0.0,0.0,1
Urban,2376,0,0,0,0.0,0.0,0.0,1
Urban,2377,0,0,0,0.0,0.0,0.0,1
Urban,2378,0,0,0,0.0,0.0,0.0,1
Urban,2379,0,0,0,0.0,0.0,0.0,1
Urban,2380,0,0,0,0.0,0.0,0.0,1
Urban,2381,0,0,0,0.0,0.0,0.0,1
Urban,2382,0,0,0,0.0,0.0,0.0,1
Urban,2383,0,0,0,0.0,0.0,0.0,1
Urban,2384,0,0,0,0.0,0.0,0.0,1
Urban,2385,0,0,0,0.0,0.0,0.0,1
Urban,2386,0,0,0,0.0,0.0,0.0,1
Urban,2387,0,0,0,0.0,0.0,0.0,1
Urban,2388,0,0,0,0.0,0.0,0.0,1
Urban,2389,0,0,0,0.0,0.0,0.0,1
Urban,2390,0,0,0,0.0,0.0,0.0,1
Urban,2391,0,0,0,0.0,0.0,0.0,1
Urban,2392,0,0,0,0.0,0.0,0.0,1
Urban,2393,0,0,0,0.0,0.0,0.0,1
Urban,2394,0,0,0,0.0,0.0,0.0,1
Urban,2395,0,0,0,0.0,0.0,0.0,1
Urban,2396,0,0,0,0.0,0.0,0.0,1
Urban,2397,0,0,0,0.0,0.0,0.0,1
Urban,2398,0,0,0,0.0,0.0,0.0,1
Urban,2399,0,0,0,0.0,0.0,0.0,1
Urban,2400,0,0,0,0.0,0.0,0.0,1
Urban,2401,0,0,0,0.0,0.0,0.0,1
Urban,2402,0,0,0,0.0,0.0,0.0,1
Urban,2403,0,0,0,0.0,0.0,0.0,1
Urban,2404,0,0,0,0.0,0.0,0.0,1
Urban,2405,0,0,0,0.0,0.0,0.0,1
Urban,2406,0,0,0,0.0,0.0,0.0,1
Urban,2407,0,0,0,0.0,0.0,0.0,1
Urban,2408,0,0,0,0.0,0.0,0.0,1
Urban,2409,0,0,0,0.0,0.0,0.0,1
Urban,2410,0,0,0,0.0,0.0,0.0,1
Urban,2411,0,0,0,0.0,0.0,0.0,1
Urban,2412,0,0,0,0.0,0.0,0.0,1
Urban,2413,0,0,0,0.0,0.0,0.0,1
Urban,2414,0,0,0,0.0,0.0,0.0,1
Urban,2415,0,0,0,0.0,0.0,0.0,1
Urban,2416,0,0,0,0.0,0.0,0.0,1
Urban,2417,0,0,0,0.0,0.0,0.0,1
Urban,2418,0,0,0,0.0,0.0,0.0,1
Urban,2419,0,0,0,0.0,0.0,0.0,1
Urban,2420,0,0,0,0.0,0.0,0.0,1
Urban,2421,0,0,0,0.0,0.0,0.0,1
Urban,2422,0,0,0,0.0,0.0,0.0,1
Urban,2423,0,0,0,0.0,0.0,0.0,1
Urban,2424,0,0,0,0.0,0.0,0.0,1
Urban,2425,0,0,0,0.0,0.0,0.0,1
Urban,2426,0,0,0,0.0,0.0,0.0,1
Urban,2427,0,0,0,0.0,0.0,0.0,1
Urban,2428,0,0,0,0.0,0.0,0.0,1
Urban,2429,0,0,0,0.0,0.0,0.0,1
Urban,2430,0,0,0,0.0,0.0,0.0,1
Urban,2431,0,0,0,0.0,0.0,0.0,1
Urban,2432,0,0,0,0.0,0.0,0.0,1
Urban,2433,0,0,0,0.0,0.0,0.0,1
Urban,2434,0,0,0,0.0,0.0,0.0,1
Urban,2435,0,0,0,0.0,0.0,0.0,1
Urban,2436,0,0,0,0.0,0.0,0.0,1
Urban,2437,0,0,0,0.0,0.0,0.0,1
Urban,2438,0,0,0,0.0,0.0,0.0,1
Urban,2439,0,0,0,0.0,0.0,0.0,1
Urban,2440,0,0,0,0.0,0.0,0.0,1
Urban,2441,0,0,0,0.0,0.0,0.0,1
Urban,2442,0,0,0,0.0,0.0,0.0,1
Urban,2443,0,0,0,0.0,0.0,0.0,1
Urban,2444,0,0,0,0.0,0.0,0.0,1
Urban,2445,0,0,0,0.0,0.0,0.0,1
Urban,2446,0,0,0,0.0,0.0,0.0,1
Urban,2447,0,0,0,0.0,0.0,0.0,1
Urban,2448,0,0,0,0.0,0.0,0.0,1
Urban,2449,0,0,0,0.0,0.0,0.0,1
Urban,2450,0,0,0,0.0,0.0,0.0,1
Urban,2451,0,0,0,0.0,0.0,0.0,1
Urban,2452,0,0,0,0.0,0.0,0.0,1
Urban,2453,0,0,0,0.0,0.0,0.0,1
Urban,2454,0,0,0,0.0,0.0,0.0,1
Urban,2455,0,0,0,0.0,0.0,0.0,1
Urban,2456,0,0,0,0.0,0.0,0.0,1
Urban,2457,0,0,0,0.0,0.0,0.0,1
Urban,2458,0,0,0,0.0,0.0,0.0,1
Urban,2459,0,0,0,0.0,0.0,0.0,1
Urban,2460,0,0,0,0.0,0.0,0.0,1
Urban,2461,0,0,0,0.0,0.0,0.0,1
Urban,2462,0,0,0,0.0,0.0,0.0,1
Urban,2463,0,0,0,0.0,0.0,0.0,1
Urban,2464,0,0,0,0.0,0.0,0.0,1
Urban,2465,0,0,0,0.0,0.0,0.0,1
Urban,2466,0,0,0,0.0,0.0,0.0,1
Urban,2467,0,0,0,0.0,0.0,0.0,1
Urban,2468,0,0,0,0.0,0.0,0.0,1
Urban,2469,0,0,0,0.0,0.0,0.0,1
Urban,2470,0,0,0,0.0,0.0,0.0,1
Urban,2471,0,0,0,0.0,0.0,0.0,1
Urban,2472,0,0,0,0.0,0.0,0.0,1
Urban,2473,0,0,0,0.0,0.0,0.0,1
Urban,2474,0,0,0,0.0,0.0,0.0,1
Urban,2475,0,0,0,0.0,0.0,0.0,1
Urban,2476,0,0,0,0.0,0.0,0.0,1
Urban,2477,0,0,0,0.0,0.0,0.0,1
Urban,2478,0,0,0,0.0,0.0,0.0,1
Urban,2479,0,0,0,0.0,0.0,0.0,1
Urban,2480,0,0,0,0.0,0.0,0.0,1
Urban,2481,0,0,0,0.0,0.0,0.0,1
Urban,2482,0,0,0,0.0,0.0,0.0,1
Urban,2483,0,0,0,0.0,0.0,0.0,1
Urban,2484,0,0,0,0.0,0.0,0.0,1
Urban,2485,0,0,0,0.0,0.0,0.0,1
Urban,2486,0,0,0,0.0,0.0,0.0,1
Urban,2487,0,0,0,0.0,0.0,0.0,1
Urban,2488,0,0,0,0.0,0.0,0.0,1
Urban,2489,0,0,0,0.0,0.0,0.0,1
Urban,2490,0,0,0,0.0,0.0,0.0,1
Urban,2491,0,0,0,0.0,0.0,0.0,1
Urban,2492,0,0,0,0.0,0.0,0.0,1
Urban,2493,0,0,0,0.0,0.0,0.0,1
Urban,2494,0,0,0,0.0,0.0,0.0,1
Urban,2495,0,0,0,0.0,0.0,0.0,1
Urban,2496,0,0,0,0.0,0.0,0.0,1
Urban,2497,0,0,0,0.0,0.0,0.0,1
Urban,2498,0,0,0,0.0,0.0,0.0,1
Urban,2499,0,0,0,0.0,0.0,0.0,1
Urban,2500,0,0,0,0.0,0.0,0.0,1
Urban,2501,0,0,0,0.0,0.0,0.0,1
Urban,2502,0,0,0,0.0,0.0,0.0,1
Urban,2503,0,0,0,0.0,0.0,0.0,1
Urban,2504,0,0,0,0.0,0.0,0.0,1
Urban,2505,0,0,0,0.0,0.0,0.0,1
Urban,2506,0,0,0,0.0,0.0,0.0,1
Urban,2507,0,0,0,0.0,0.0,0.0,1
Urban,2508,0,0,0,0.0,0.0,0.0,1
Urban,2509,0,0,0,0.0,0.0,0.0,1
Urban,2510,0,0,0,0.0,0.0,0.0,1
Urban,2511,0,0,0,0.0,0.0,0.0,1
Urban,2512,0,0,0,0.0,0.0,0.0,1
Urban,2513,0,0,0,0.0,0.0,0.0,1
Urban,2514,0,0,0,0.0,0.0,0.0,1
Urban,2515,0,0,0,0.0,0.0,0.0,1
Urban,2516,0,0,0,0.0,0.0,0.0,1
Urban,2517,0,0,0,0.0,0.0,0.0,1
Urban,2518,0,0,0,0.0,0.0,0.0,1
Urban,2519,0,0,0,0.0,0.0,0.0,1
Urban,2520,0,0,0,0.0,0.0,0.0,1
Urban,2521,0,0,0,0.0,0.0,0.0,1
Urban,2522,0,0,0,0.0,0.0,0.0,1
Urban,2523,0,0,0,0.0,0.0,0.0,1
Urban,2524,0,0,0,0.0,0.0,0.0,1
Urban,2525,0,0,0,0.0,0.0,0.0,1
Urban,2526,0,0,0,0.0,0.0,0.0,1
Urban,2527,0,0,0,0.0,0.0,0.0,1
Urban,2528,0,0,0,0.0,0.0,0.0,1
Urban,2529,0,0,0,0.0,0.0,0.0,1
Urban,2530,0,0,0,0.0,0.0,0.0,1
Urban,2531,0,0,0,0.0,0.0,0.0,1
Urban,2532,0,0,0,0.0,0.0,0.0,1
Urban,2533,0,0,0,0.0,0.0,0.0,1
Urban,2534,0,0,0,0.0,0.0,0.0,1
Urban,2535,0,0,0,0.0,0.0,0.0,1
Urban,2536,0,0,0,0.0,0.0,0.0,1
Urban,2537,0,0,0,0.0,0.0,0.0,1
Urban,2538,0,0,0,0.0,0.0,0.0,1
Urban,2539,0,0,0,0.0,0.0,0.0,1
Urban,2540,0,0,0,0.0,0.0,0.0,1
Urban,2541,0,0,0,0.0,0.0,0.0,1
Urban,2542,0,0,0,0.0,0.0,0.0,1
Urban,2543,0,0,0,0.0,0.0,0.0,1
Urban,2544,0,0,0,0.0,0.0,0.0,1
Urban,2545,0,0,0,0.0,0.0,0.0,1
Urban,2546,0,0,0,0.0,0.0,0.0,1
Urban,2547,0,0,0,0.0,0.0,0.0,1
Urban,2548,0,0,0,0.0,0.0,0.0,1
Urban,2549,0,0,0,0.0,0.0,0.0,1
Urban,2550,0,0,0,0.0,0.0,0.0,1
Urban,2551,0,0,0,0.0,0.0,0.0,1
Urban,2552,0,0,0,0.0,0.0,0.0,1
Urban,2553,0,0,0,0.0,0.0,0.0,1
Urban,2554,0,0,0,0.0,0.0,0.0,1
Urban,2555,0,0,0,0.0,0.0,0.0,1
Urban,2556,0,0,0,0.0,0.0,0.0,1
Urban,2557,0,0,0,0.0,0.0,0.0,1
Urban,2558,0,0,0,0.0,0.0,0.0,1
Urban,2559,0,0,0,0.0,0.0,0.0,1
Urban,2560,0,0,0,0.0,0.0,0.0,1
Urban,2561,0,0,0,0.0,0.0,0.0,1
Urban,2562,0,0,0,0.0,0.0,0.0,1
Urban,2563,0,0,0,0.0,0.0,0.0,1
Urban,2564,0,0,0,0.0,0.0,0.0,1
Urban,2565,0,0,0,0.0,0.0,0.0,1
Urban,2566,0,0,0,0.0,0.0,0.0,1
Urban,2567,0,0,0,0.0,0.0,0.0,1
Urban,2568,0,0,0,0.0,0.0,0.0,1
Urban,2569,0,0,0,0.0,0.0,0.0,1
Urban,2570,0,0,0,0.0,0.0,0.0,1
Urban,2571,0,0,0,0.0,0.0,0.0,1
Urban,2572,0,0,0,0.0,0.0,0.0,1
Urban,2573,0,0,0,0.0,0.0,0.0,1
Urban,2574,0,0,0,0.0,0.0,0.0,1
Urban,2575,0,0,0,0.0,0.0,0.0,1
Urban,2576,0,0,0,0.0,0.0,0.0,1
Urban,2577,0,0,0,0.0,0.0,0.0,1
Urban,2578,0,0,0,0.0,0.0,0.0,1
Urban,2579,0,0,0,0.0,0.0,0.0,1
Urban,2580,0,0,0,0.0,0.0,0.0,1
Urban,2581,0,0,0,0.0,0.0,0.0,1
Urban,2582,0,0,0,0.0,0.0,0.0,1
Urban,2583,0,0,0,0.0,0.0,0.0,1
Urban,2584,0,0,0,0.0,0.0,0.0,1
Urban,2585,0,0,0,0.0,0.0,0.0,1
Urban,2586,0,0,0,0.0,0.0,0.0,1
Urban,2587,0,0,0,0.0,0.0,0.0,1
Urban,2588,0,0,0,0.0,0.0,0.0,1
Urban,2589,0,0,0,0.0,0.0,0.0,1
Urban,2590,0,0,0,0.0,0.0,0.0,1
Urban,2591,0,0,0,0.0,0.0,0.0,1
Urban,2592,0,0,0,0.0,0.0,0.0,1
Urban,2593,0,0,0,0.0,0.0,0.0,1
Urban,2594,0,0,0,0.0,0.0,0.0,1
Urban,2595,0,0,0,0.0,0.0,0.0,1
Urban,2596,0,0,0,0.0,0.0,0.0,1
Urban,2597,0,0,0,0.0,0.0,0.0,1
Urban,2598,0,0,0,0.0,0.0,0.0,1
Urban,2599,0,0,0,0.0,0.0,0.0,1
Urban,2600,0,0,0,0.0,0.0,0.0,1
Urban,2601,0,0,0,0.0,0.0,0.0,1
Urban,2602,0,0,0,0.0,0.0,0.0,1
Urban,2603,0,0,0,0.0,0.0,0.0,1
Urban,2604,0,0,0,0.0,0.0,0.0,1
Urban,2605,0,0,0,0.0,0.0,0.0,1
Urban,2606,0,0,0,0.0,0.0,0.0,1
Urban,2607,0,0,0,0.0,0.0,0.0,1
Urban,2608,0,0,0,0.0,0.0,0.0,1
Urban,2609,0,0,0,0.0,0.0,0.0,1
Urban,2610,0,0,0,0.0,0.0,0.0,1
Urban,2611,0,0,0,0.0,0.0,0.0,1
Urban,2612,0,0,0,0.0,0.0,0.0,1
Urban,2613,0,0,0,0.0,0.0,0.0,1
Urban,2614,0,0,0,0.0,0.0,0.0,1
Urban,2615,0,0,0,0.0,0.0,0.0,1
Urban,2616,0,0,0,0.0,0.0,0.0,1
Urban,2617,0,0,0,0.0,0.0,0.0,1
Urban,2618,0,0,0,0.0,0.0,0.0,1
Urban,2619,0,0,0,0.0,0.0,0.0,1
Urban,2620,0,0,0,0.0,0.0,0.0,1
Urban,2621,0,0,0,0.0,0.0,0.0,1
Urban,2622,0,0,0,0.0,0.0,0.0,1
Urban,2623,0,0,0,0.0,0.0,0.0,1
Urban,2624,0,0,0,0.0,0.0,0.0,1
Urban,2625,0,0,0,0.0,0.0,0.0,1
Urban,2626,0,0,0,0.0,0.0,0.0,1
Urban,2627,0,0,0,0.0,0.0,0.0,1
Urban,2628,0,0,0,0.0,0.0,0.0,1
Urban,2629,0,0,0,0.0,0.0,0.0,1
Urban,2630,0,0,0,0.0,0.0,0.0,1
Urban,2631,0,0,0,0.0,0.0,0.0,1
Urban,2632,0,0,0,0.0,0.0,0.0,1
Urban,2633,0,0,0,0.0,0.0,0.0,1
Urban,2634,0,0,0,0.0,0.0,0.0,1
Urban,2635,0,0,0,0.0,0.0,0.0,1
Urban,2636,0,0,0,0.0,0.0,0.0,1
Urban,2637,0,0,0,0.0,0.0,0.0,1
Urban,2638,0,0,0,0.0,0.0,0.0,1
Urban,2639,0,0,0,0.0,0.0,0.0,1
Urban,2640,0,0,0,0.0,0.0,0.0,1
Urban,2641,0,0,0,0.0,0.0,0.0,1
Urban,2642,0,0,0,0.0,0.0,0.0,1
Urban,2643,0,0,0,0.0,0.0,0.0,1
Urban,2644,0,0,0,0.0,0.0,0.0,1
Urban,2645,0,0,0,0.0,0.0,0.0,1
Urban,2646,0,0,0,0.0,0.0,0.0,1
Urban,2647,0,0,0,0.0,0.0,0.0,1
Urban,2648,0,0,0,0.0,0.0,0.0,1
Urban,2649,0,0,0,0.0,0.0,0.0,1
Urban,2650,0,0,0,0.0,0.0,0.0,1
Urban,2651,0,0,0,0.0,0.0,0.0,1
Urban,2652,0,0,0,0.0,0.0,0.0,1
Urban,2653,0,0,0,0.0,0.0,0.0,1
Urban,2654,0,0,0,0.0,0.0,0.0,1
Urban,2655,0,0,0,0.0,0.0,0.0,1
Urban,2656,0,0,0,0.0,0.0,0.0,1
Urban,2657,0,0,0,0.0,0.0,0.0,1
Urban,2658,0,0,0,0.0,0.0,0.0,1
Urban,2659,0,0,0,0.0,0.0,0.0,1
Urban,2660,0,0,0,0.0,0.0,0.0,1
Urban,2661,0,0,0,0.0,0.0,0.0,1
Urban,2662,0,0,0,0.0,0.0,0.0,1
Urban,2663,0,0,0,0.0,0.0,0.0,1
Urban,2664,0,0,0,0.0,0.0,0.0,1
Urban,2665,0,0,0,0.0,0.0,0.0,1
Urban,2666,0,0,0,0.0,0.0,0.0,1
Urban,2667,0,0,0,0.0,0.0,0.0,1
Urban,2668,0,0,0,0.0,0.0,0.0,1
Urban,2669,0,0,0,0.0,0.0,0.0,1
Urban,2670,0,0,0,0.0,0.0,0.0,1
Urban,2671,0,0,0,0.0,0.0,0.0,1
Urban,2672,0,0,0,0.0,0.0,0.0,1
Urban,2673,0,0,0,0.0,0.0,0.0,1
Urban,2674,0,0,0,0.0,0.0,0.0,1
Urban,2675,0,0,0,0.0,0.0,0.0,1
Urban,2676,0,0,0,0.0,0.0,0.0,1
Urban,2677,0,0,0,0.0,0.0,0.0,1
Urban,2678,0,0,0,0.0,0.0,0.0,1
Urban,2679,0,0,0,0.0,0.0,0.0,1
Urban,2680,0,0,0,0.0,0.0,0.0,1
Urban,2681,0,0,0,0.0,0.0,0.0,1
Urban,2682,0,0,0,0.0,0.0,0.0,1
Urban,2683,0,0,0,0.0,0.0,0.0,1
Urban,2684,0,0,0,0.0,0.0,0.0,1
Urban,2685,0,0,0,0.0,0.0,0.0,1
Urban,2686,0,0,0,0.0,0.0,0.0,1
Urban,2687,0,0,0,0.0,0.0,0.0,1
Urban,2688,0,0,0,0.0,0.0,0.0,1
Urban,2689,0,0,0,0.0,0.0,0.0,1
Urban,2690,0,0,0,0.0,0.0,0.0,1
Urban,2691,0,0,0,0.0,0.0,0.0,1
Urban,2692,0,0,0,0.0,0.0,0.0,1
Urban,2693,0,0,0,0.0,0.0,0.0,1
Urban,2694,0,0,0,0.0,0.0,0.0,1
Urban,2695,0,0,0,0.0,0.0,0.0,1
Urban,2696,0,0,0,0.0,0.0,0.0,1
Urban,2697,0,0,0,0.0,0.0,0.0,1
Urban,2698,0,0,0,0.0,0.0,0.0,1
Urban,2699,0,0,0,0.0,0.0,0.0,1
Urban,2700,0,0,0,0.0,0.0,0.0,1
Urban,2701,0,0,0,0.0,0.0,0.0,1
Urban,2702,0,0,0,0.0,0.0,0.0,1
Urban,2703,0,0,0,0.0,0.0,0.0,1
Urban,2704,0,0,0,0.0,0.0,0.0,1
Urban,2705,0,0,0,0.0,0.0,0.0,1
Urban,2706,0,0,0,0.0,0.0,0.0,1
Urban,2707,0,0,0,0.0,0.0,0.0,1
Urban,2708,0,0,0,0.0,0.0,0.0,1
Urban,2709,0,0,0,0.0,0.0,0.0,1
Urban,2710,0,0,0,0.0,0.0,0.0,1
Urban,2711,0,0,0,0.0,0.0,0.0,1
Urban,2712,0,0,0,0.0,0.0,0.0,1
Urban,2713,0,0,0,0.0,0.0,0.0,1
Urban,2714,0,0,0,0.0,0.0,0.0,1
Urban,2715,0,0,0,0.0,0.0,0.0,1
Urban,2716,0,0,0,0.0,0.0,0.0,1
Urban,2717,0,0,0,0.0,0.0,0.0,1
Urban,2718,0,0,0,0.0,0.0,0.0,1
Urban,2719,0,0,0,0.0,0.0,0.0,1
Urban,2720,0,0,0,0.0,0.0,0.0,1
Urban,2721,0,0,0,0.0,0.0,0.0,1
Urban,2722,0,0,0,0.0,0.0,0.0,1
Urban,2723,0,0,0,0.0,0.0,0.0,1
Urban,2724,0,0,0,0.0,0.0,0.0,1
Urban,2725,0,0,0,0.0,0.0,0.0,1
Urban,2726,0,0,0,0.0,0.0,0.0,1
Urban,2727,0,0,0,0.0,0.0,0.0,1
Urban,2728,0,0,0,0.0,0.0,0.0,1
Urban,2729,0,0,0,0.0,0.0,0.0,1
Urban,2730,0,0,0,0.0,0.0,0.0,1
Urban,2731,0,0,0,0.0,0.0,0.0,1
Urban,2732,0,0,0,0.0,0.0,0.0,1
Urban,2733,0,0,0,0.0,0.0,0.0,1
Urban,2734,0,0,0,0.0,0.0,0.0,1
Urban,2735,0,0,0,0.0,0.0,0.0,1
Urban,2736,0,0,0,0.0,0.0,0.0,1
Urban,2737,0,0,0,0.0,0.0,0.0,1
Urban,2738,0,0,0,0.0,0.0,0.0,1
Urban,2739,0,0,0,0.0,0.0,0.0,1
Urban,2740,0,0,0,0.0,0.0,0.0,1
Urban,2741,0,0,0,0.0,0.0,0.0,1
Urban,2742,0,0,0,0.0,0.0,0.0,1
Urban,2743,0,0,0,0.0,0.0,0.0,1
Urban,2744,0,0,0,0.0,0.0,0.0,1
Urban,2745,0,0,0,0.0,0.0,0.0,1
Urban,2746,0,0,0,0.0,0.0,0.0,1
Urban,2747,0,0,0,0.0,0.0,0.0,1
Urban,2748,0,0,0,0.0,0.0,0.0,1
Urban,2749,0,0,0,0.0,0.0,0.0,1
Urban,2750,0,0,0,0.0,0.0,0.0,1
Urban,2751,0,0,0,0.0,0.0,0.0,1
Urban,2752,0,0,0,0.0,0.0,0.0,1
Urban,2753,0,0,0,0.0,0.0,0.0,1
Urban,2754,0,0,0,0.0,0.0,0.0,1
Urban,2755,0,0,0,0.0,0.0,0.0,1
Urban,2756,0,0,0,0.0,0.0,0.0,1
Urban,2757,0,0,0,0.0,0.0,0.0,1
Urban,2758,0,0,0,0.0,0.0,0.0,1
Urban,2759,0,0,0,0.0,0.0,0.0,1
Urban,2760,0,0,0,0.0,0.0,0.0,1
Urban,2761,0,0,0,0.0,0.0,0.0,1
Urban,2762,0,0,0,0.0,0.0,0.0,1
Urban,2763,0,0,0,0.0,0.0,0.0,1
Urban,2764,0,0,0,0.0,0.0,0.0,1
Urban,2765,0,0,0,0.0,0.0,0.0,1
Urban,2766,0,0,0,0.0,0.0,0.0,1
Urban,2767,0,0,0,0.0,0.0,0.0,1
Urban,2768,0,0,0,0.0,0.0,0.0,1
Urban,2769,0,0,0,0.0,0.0,0.0,1
Urban,2770,0,0,0,0.0,0.0,0.0,1
Urban,2771,0,0,0,0.0,0.0,0.0,1
Urban,2772,0,0,0,0.0,0.0,0.0,1
Urban,2773,0,0,0,0.0,0.0,0.0,1
Urban,2774,0,0,0,0.0,0.0,0.0,1
Urban,2775,0,0,0,0.0,0.0,0.0,1
Urban,2776,0,0,0,0.0,0.0,0.0,1
Urban,2777,0,0,0,0.0,0.0,0.0,1
Urban,2778,0,0,0,0.0,0.0,0.0,1
Urban,2779,0,0,0,0.0,0.0,0.0,1
Urban,2780,0,0,0,0.0,0.0,0.0,1
Urban,2781,0,0,0,0.0,0.0,0.0,1
Urban,2782,0,0,0,0.0,0.0,0.0,1
Urban,2783,0,0,0,0.0,0.0,0.0,1
Urban,2784,0,0,0,0.0,0.0,0.0,1
Urban,2785,0,0,0,0.0,0.0,0.0,1
Urban,2786,0,0,0,0.0,0.0,0.0,1
Urban,2787,0,0,0,0.0,0.0,0.0,1
Urban,2788,0,0,0,0.0,0.0,0.0,1
Urban,2789,0,0,0,0.0,0.0,0.0,1
Urban,2790,0,0,0,0.0,0.0,0.0,1
Urban,2791,0,0,0,0.0,0.0,0.0,1
Urban,2792,0,0,0,0.0,0.0,0.0,1
Urban,2793,0,0,0,0.0,0.0,0.0,1
Urban,2794,0,0,0,0.0,0.0,0.0,1
Urban,2795,0,0,0,0.0,0.0,0.0,1
Urban,2796,0,0,0,0.0,0.0,0.0,1
Urban,2797,0,0,0,0.0,0.0,0.0,1
Urban,2798,0,0,0,0.0,0.0,0.0,1
Urban,2799,0,0,0,0.0,0.0,0.0,1
Urban,2800,0,0,0,0.0,0.0,0.0,1
Urban,2801,0,0,0,0.0,0.0,0.0,1
Urban,2802,0,0,0,0.0,0.0,0.0,1
Urban,2803,0,0,0,0.0,0.0,0.0,1
Urban,2804,0,0,0,0.0,0.0,0.0,1
Urban,2805,0,0,0,0.0,0.0,0.0,1
Urban,2806,0,0,0,0.0,0.0,0.0,1
Urban,2807,0,0,0,0.0,0.0,0.0,1
Urban,2808,0,0,0,0.0,0.0,0.0,1
Urban,2809,0,0,0,0.0,0.0,0.0,1
Urban,2810,0,0,0,0.0,0.0,0.0,1
Urban,2811,0,0,0,0.0,0.0,0.0,1
Urban,2812,0,0,0,0.0,0.0,0.0,1
Urban,2813,0,0,0,0.0,0.0,0.0,1
Urban,2814,0,0,0,0.0,0.0,0.0,1
Urban,2815,0,0,0,0.0,0.0,0.0,1
Urban,2816,0,0,0,0.0,0.0,0.0,1
Urban,2817,0,0,0,0.0,0.0,0.0,1
Urban,2818,0,0,0,0.0,0.0,0.0,1
Urban,2819,0,0,0,0.0,0.0,0.0,1
Urban,2820,0,0,0,0.0,0.0,0.0,1
Urban,2821,0,0,0,0.0,0.0,0.0,1
Urban,2822,0,0,0,0.0,0.0,0.0,1
Urban,2823,0,0,0,0.0,0.0,0.0,1
Urban,2824,0,0,0,0.0,0.0,0.0,1
Urban,2825,0,0,0,0.0,0.0,0.0,1
Urban,2826,0,0,0,0.0,0.0,0.0,1
Urban,2827,0,0,0,0.0,0.0,0.0,1
Urban,2828,0,0,0,0.0,0.0,0.0,1
Urban,2829,0,0,0,0.0,0.0,0.0,1
Urban,2830,0,0,0,0.0,0.0,0.0,1
Urban,2831,0,0,0,0.0,0.0,0.0,1
Urban,2832,0,0,0,0.0,0.0,0.0,1
Urban,2833,0,0,0,0.0,0.0,0.0,1
Urban,2834,0,0,0,0.0,0.0,0.0,1
Urban,2835,0,0,0,0.0,0.0,0.0,1
Urban,2836,0,0,0,0.0,0.0,0.0,1
Urban,2837,0,0,0,0.0,0.0,0.0,1
Urban,2838,0,0,0,0.0,0.0,0.0,1
Urban,2839,0,0,0,0.0,0.0,0.0,1
Urban,2840,0,0,0,0.0,0.0,0.0,1
Urban,2841,0,0,0,0.0,0.0,0.0,1
Urban,2842,0,0,0,0.0,0.0,0.0,1
Urban,2843,0,0,0,0.0,0.0,0.0,1
Urban,2844,0,0,0,0.0,0.0,0.0,1
Urban,2845,0,0,0,0.0,0.0,0.0,1
Urban,2846,0,0,0,0.0,0.0,0.0,1
Urban,2847,0,0,0,0.0,0.0,0.0,1
Urban,2848,0,0,0,0.0,0.0,0.0,1
Urban,2849,0,0,0,0.0,0.0,0.0,1
Urban,2850,0,0,0,0.0,0.0,0.0,1
Urban,2851,0,0,0,0.0,0.0,0.0,1
Urban,2852,0,0,0,0.0,0.0,0.0,1
Urban,2853,0,0,0,0.0,0.0,0.0,1
Urban,2854,0,0,0,0.0,0.0,0.0,1
Urban,2855,0,0,0,0.0,0.0,0.0,1
Urban,2856,0,0,0,0.0,0.0,0.0,1
Urban,2857,0,0,0,0.0,0.0,0.0,1
Urban,2858,0,0,0,0.0,0.0,0.0,1
Urban,2859,0,0,0,0.0,0.0,0.0,1
Urban,2860,0,0,0,0.0,0.0,0.0,1
Urban,2861,0,0,0,0.0,0.0,0.0,1
Urban,2862,0,0,0,0.0,0.0,0.0,1
Urban,2863,0,0,0,0.0,0.0,0.0,1
Urban,2864,0,0,0,0.0,0.0,0.0,1
Urban,2865,0,0,0,0.0,0.0,0.0,1
Urban,2866,0,0,0,0.0,0.0,0.0,1
Urban,2867,0,0,0,0.0,0.0,0.0,1
Urban,2868,0,0,0,0.0,0.0,0.0,1
Urban,2869,0,0,0,0.0,0.0,0.0,1
Urban,2870,0,0,0,0.0,0.0,0.0,1
Urban,2871,0,0,0,0.0,0.0,0.0,1
Urban,2872,0,0,0,0.0,0.0,0.0,1
Urban,2873,0,0,0,0.0,0.0,0.0,1
Urban,2874,0,0,0,0.0,0.0,0.0,1
Urban,2875,0,0,0,0.0,0.0,0.0,1
Urban,2876,0,0,0,0.0,0.0,0.0,1
Urban,2877,0,0,0,0.0,0.0,0.0,1
Urban,2878,0,0,0,0.0,0.0,0.0,1
Urban,2879,0,0,0,0.0,0.0,0.0,1
Urban,2880,0,0,0,0.0,0.0,0.0,1
Urban,2881,0,0,0,0.0,0.0,0.0,1
Urban,2882,0,0,0,0.0,0.0,0.0,1
Urban,2883,0,0,0,0.0,0.0,0.0,1
Urban,2884,0,0,0,0.0,0.0,0.0,1
Urban,2885,0,0,0,0.0,0.0,0.0,1
Urban,2886,0,0,0,0.0,0.0,0.0,1
Urban,2887,0,0,0,0.0,0.0,0.0,1
Urban,2888,0,0,0,0.0,0.0,0.0,1
Urban,2889,0,0,0,0.0,0.0,0.0,1
Urban,2890,0,0,0,0.0,0.0,0.0,1
Urban,2891,0,0,0,0.0,0.0,0.0,1
Urban,2892,0,0,0,0.0,0.0,0.0,1
Urban,2893,0,0,0,0.0,0.0,0.0,1
Urban,2894,0,0,0,0.0,0.0,0.0,1
Urban,2895,0,0,0,0.0,0.0,0.0,1
Urban,2896,0,0,0,0.0,0.0,0.0,1
Urban,2897,0,0,0,0.0,0.0,0.0,1
Urban,2898,0,0,0,0.0,0.0,0.0,1
Urban,2899,0,0,0,0.0,0.0,0.0,1
Urban,2900,0,0,0,0.0,0.0,0.0,1
Urban,2901,0,0,0,0.0,0.0,0.0,1
Urban,2902,0,0,0,0.0,0.0,0.0,1
Urban,2903,0,0,0,0.0,0.0,0.0,1
Urban,2904,0,0,0,0.0,0.0,0.0,1
Urban,2905,0,0,0,0.0,0.0,0.0,1
Urban,2906,0,0,0,0.0,0.0,0.0,1
Urban,2907,0,0,0,0.0,0.0,0.0,1
Urban,2908,0,0,0,0.0,0.0,0.0,1
Urban,2909,0,0,0,0.0,0.0,0.0,1
Urban,2910,0,0,0,0.0,0.0,0.0,1
Urban,2911,0,0,0,0.0,0.0,0.0,1
Urban,2912,0,0,0,0.0,0.0,0.0,1
Urban,2913,0,0,0,0.0,0.0,0.0,1
Urban,2914,0,0,0,0.0,0.0,0.0,1
Urban,2915,0,0,0,0.0,0.0,0.0,1
Urban,2916,0,0,0,0.0,0.0,0.0,1
Urban,2917,0,0,0,0.0,0.0,0.0,1
Urban,2918,0,0,0,0.0,0.0,0.0,1
Urban,2919,0,0,0,0.0,0.0,0.0,1
Urban,2920,0,0,0,0.0,0.0,0.0,1
Urban,2921,0,0,0,0.0,0.0,0.0,1
Urban,2922,0,0,0,0.0,0.0,0.0,1
Urban,2923,0,0,0,0.0,0.0,0.0,1
Urban,2924,0,0,0,0.0,0.0,0.0,1
Urban,2925,0,0,0,0.0,0.0,0.0,1
Urban,2926,0,0,0,0.0,0.0,0.0,1
Urban,2927,0,0,0,0.0,0.0,0.0,1
Urban,2928,0,0,0,0.0,0.0,0.0,1
Urban,2929,0,0,0,0.0,0.0,0.0,1
Urban,2930,0,0,0,0.0,0.0,0.0,1
Urban,2931,0,0,0,0.0,0.0,0.0,1
Urban,2932,0,0,0,0.0,0.0,0.0,1
Urban,2933,0,0,0,0.0,0.0,0.0,1
Urban,2934,0,0,0,0.0,0.0,0.0,1
Urban,2935,0,0,0,0.0,0.0,0.0,1
Urban,2936,0,0,0,0.0,0.0,0.0,1
Urban,2937,0,0,0,0.0,0.0,0.0,1
Urban,2938,0,0,0,0.0,0.0,0.0,1
Urban,2939,0,0,0,0.0,0.0,0.0,1
Urban,2940,0,0,0,0.0,0.0,0.0,1
Urban,2941,0,0,0,0.0,0.0,0.0,1
Urban,2942,0,0,0,0.0,0.0,0.0,1
Urban,2943,0,0,0,0.0,0.0,0.0,1
Urban,2944,0,0,0,0.0,0.0,0.0,1
Urban,2945,0,0,0,0.0,0.0,0.0,1
Urban,2946,0,0,0,0.0,0.0,0.0,1
Urban,2947,0,0,0,0.0,0.0,0.0,1
Urban,2948,0,0,0,0.0,0.0,0.0,1
Urban,2949,0,0,0,0.0,0.0,0.0,1
Urban,2950,0,0,0,0.0,0.0,0.0,1
Urban,2951,0,0,0,0.0,0.0,0.0,1
Urban,2952,0,0,0,0.0,0.0,0.0,1
Urban,2953,0,0,0,0.0,0.0,0.0,1
Urban,2954,0,0,0,0.0,0.0,0.0,1
Urban,2955,0,0,0,0.0,0.0,0.0,1
Urban,2956,0,0,0,0.0,0.0,0.0,1
Urban,2957,0,0,0,0.0,0.0,0.0,1
Urban,2958,0,0,0,0.0,0.0,0.0,1
Urban,2959,0,0,0,0.0,0.0,0.0,1
Urban,2960,0,0,0,0.0,0.0,0.0,1
Urban,2961,0,0,0,0.0,0.0,0.0,1
Urban,2962,0,0,0,0.0,0.0,0.0,1
Urban,2963,0,0,0,0.0,0.0,0.0,1
Urban,2964,0,0,0,0.0,0.0,0.0,1
Urban,2965,0,0,0,0.0,0.0,0.0,1
Urban,2966,0,0,0,0.0,0.0,0.0,1
Urban,2967,0,0,0,0.0,0.0,0.0,1
Urban,2968,0,0,0,0.0,0.0,0.0,1
Urban,2969,0,0,0,0.0,0.0,0.0,1
Urban,2970,0,0,0,0.0,0.0,0.0,1
Urban,2971,0,0,0,0.0,0.0,0.0,1
Urban,2972,0,0,0,0.0,0.0,0.0,1
Urban,2973,0,0,0,0.0,0.0,0.0,1
Urban,2974,0,0,0,0.0,0.0,0.0,1
Urban,2975,0,0,0,0.0,0.0,0.0,1
Urban,2976,0,0,0,0.0,0.0,0.0,1
Urban,2977,0,0,0,0.0,0.0,0.0,1
Urban,2978,0,0,0,0.0,0.0,0.0,1
Urban,2979,0,0,0,0.0,0.0,0.0,1
Urban,2980,0,0,0,0.0,0.0,0.0,1
Urban,2981,0,0,0,0.0,0.0,0.0,1
Urban,2982,0,0,0,0.0,0.0,0.0,1
Urban,2983,0,0,0,0.0,0.0,0.0,1
Urban,2984,0,0,0,0.0,0.0,0.0,1
Urban,2985,0,0,0,0.0,0.0,0.0,1
Urban,2986,0,0,0,0.0,0.0,0.0,1
Urban,2987,0,0,0,0.0,0.0,0.0,1
Urban,2988,0,0,0,0.0,0.0,0.0,1
Urban,2989,0,0,0,0.0,0.0,0.0,1
Urban,2990,0,0,0,0.0,0.0,0.0,1
Urban,2991,0,0,0,0.0,0.0,0.0,1
Urban,2992,0,0,0,0.0,0.0,0.0,1
Urban,2993,0,0,0,0.0,0.0,0.0,1
Urban,2994,0,0,0,0.0,0.0,0.0,1
Urban,2995,0,0,0,0.0,0.0,0.0,1
Urban,2996,0,0,0,0.0,0.0,0.0,1
Urban,2997,0,0,0,0.0,0.0,0.0,1
Urban,2998,0,0,0,0.0,0.0,0.0,1
Urban,2999,0,0,0,0.0,0.0,0.0,1
Urban,3000,0,0,0,0.0,0.0,0.0,1
Urban,3001,0,0,0,0.0,0.0,0.0,1
Urban,3002,0,0,0,0.0,0.0,0.0,1
Urban,3003,0,0,0,0.0,0.0,0.0,1
Urban,3004,0,0,0,0.0,0.0,0.0,1
Urban,3005,0,0,0,0.0,0.0,0.0,1
Urban,3006,0,0,0,0.0,0.0,0.0,1
Urban,3007,0,0,0,0.0,0.0,0.0,1
Urban,3008,0,0,0,0.0,0.0,0.0,1
Urban,3009,0,0,0,0.0,0.0,0.0,1
Urban,3010,0,0,0,0.0,0.0,0.0,1
Urban,3011,0,0,0,0.0,0.0,0.0,1
Urban,3012,0,0,0,0.0,0.0,0.0,1
Urban,3013,0,0,0,0.0,0.0,0.0,1
Urban,3014,0,0,0,0.0,0.0,0.0,1
Urban,3015,0,0,0,0.0,0.0,0.0,1
Urban,3016,0,0,0,0.0,0.0,0.0,1
Urban,3017,0,0,0,0.0,0.0,0.0,1
Urban,3018,0,0,0,0.0,0.0,0.0,1
Urban,3019,0,0,0,0.0,0.0,0.0,1
Urban,3020,0,0,0,0.0,0.0,0.0,1
Urban,3021,0,0,0,0.0,0.0,0.0,1
Urban,3022,0,0,0,0.0,0.0,0.0,1
Urban,3023,0,0,0,0.0,0.0,0.0,1
Urban,3024,0,0,0,0.0,0.0,0.0,1
Urban,3025,0,0,0,0.0,0.0,0.0,1
Urban,3026,0,0,0,0.0,0.0,0.0,1
Urban,3027,0,0,0,0.0,0.0,0.0,1
Urban,3028,0,0,0,0.0,0.0,0.0,1
Urban,3029,0,0,0,0.0,0.0,0.0,1
Urban,3030,0,0,0,0.0,0.0,0.0,1
Urban,3031,0,0,0,0.0,0.0,0.0,1
Urban,3032,0,0,0,0.0,0.0,0.0,1
Urban,3033,0,0,0,0.0,0.0,0.0,1
Urban,3034,0,0,0,0.0,0.0,0.0,1
Urban,3035,0,0,0,0.0,0.0,0.0,1
Urban,3036,0,0,0,0.0,0.0,0.0,1
Urban,3037,0,0,0,0.0,0.0,0.0,1
Urban,3038,0,0,0,0.0,0.0,0.0,1
Urban,3039,0,0,0,0.0,0.0,0.0,1
Urban,3040,0,0,0,0.0,0.0,0.0,1
Urban,3041,0,0,0,0.0,0.0,0.0,1
Urban,3042,0,0,0,0.0,0.0,0.0,1
Urban,3043,0,0,0,0.0,0.0,0.0,1
Urban,3044,0,0,0,0.0,0.0,0.0,1
Urban,3045,0,0,0,0.0,0.0,0.0,1
Urban,3046,0,0,0,0.0,0.0,0.0,1
Urban,3047,0,0,0,0.0,0.0,0.0,1
Urban,3048,0,0,0,0.0,0.0,0.0,1
Urban,3049,0,0,0,0.0,0.0,0.0,1
Urban,3050,0,0,0,0.0,0.0,0.0,1
Urban,3051,0,0,0,0.0,0.0,0.0,1
Urban,3052,0,0,0,0.0,0.0,0.0,1
Urban,3053,0,0,0,0.0,0.0,0.0,1
Urban,3054,0,0,0,0.0,0.0,0.0,1
Urban,3055,0,0,0,0.0,0.0,0.0,1
Urban,3056,0,0,0,0.0,0.0,0.0,1
Urban,3057,0,0,0,0.0,0.0,0.0,1
Urban,3058,0,0,0,0.0,0.0,0.0,1
Urban,3059,0,0,0,0.0,0.0,0.0,1
Urban,3060,0,0,0,0.0,0.0,0.0,1
Urban,3061,0,0,0,0.0,0.0,0.0,1
Urban,3062,0,0,0,0.0,0.0,0.0,1
Urban,3063,0,0,0,0.0,0.0,0.0,1
Urban,3064,0,0,0,0.0,0.0,0.0,1
Urban,3065,0,0,0,0.0,0.0,0.0,1
Urban,3066,0,0,0,0.0,0.0,0.0,1
Urban,3067,0,0,0,0.0,0.0,0.0,1
Urban,3068,0,0,0,0.0,0.0,0.0,1
Urban,3069,0,0,0,0.0,0.0,0.0,1
Urban,3070,0,0,0,0.0,0.0,0.0,1
Urban,3071,0,0,0,0.0,0.0,0.0,1
Urban,3072,0,0,0,0.0,0.0,0.0,1
Urban,3073,0,0,0,0.0,0.0,0.0,1
Urban,3074,0,0,0,0.0,0.0,0.0,1
Urban,3075,0,0,0,0.0,0.0,0.0,1
Urban,3076,0,0,0,0.0,0.0,0.0,1
Urban,3077,0,0,0,0.0,0.0,0.0,1
Urban,3078,0,0,0,0.0,0.0,0.0,1
Urban,3079,0,0,0,0.0,0.0,0.0,1
Urban,3080,0,0,0,0.0,0.0,0.0,1
Urban,3081,0,0,0,0.0,0.0,0.0,1
Urban,3082,0,0,0,0.0,0.0,0.0,1
Urban,3083,0,0,0,0.0,0.0,0.0,1
Urban,3084,0,0,0,0.0,0.0,0.0,1
Urban,3085,0,0,0,0.0,0.0,0.0,1
Urban,3086,0,0,0,0.0,0.0,0.0,1
Urban,3087,0,0,0,0.0,0.0,0.0,1
Urban,3088,0,0,0,0.0,0.0,0.0,1
Urban,3089,0,0,0,0.0,0.0,0.0,1
Urban,3090,0,0,0,0.0,0.0,0.0,1
Urban,3091,0,0,0,0.0,0.0,0.0,1
Urban,3092,0,0,0,0.0,0.0,0.0,1
Urban,3093,0,0,0,0.0,0.0,0.0,1
Urban,3094,0,0,0,0.0,0.0,0.0,1
Urban,3095,0,0,0,0.0,0.0,0.0,1
Urban,3096,0,0,0,0.0,0.0,0.0,1
Urban,3097,0,0,0,0.0,0.0,0.0,1
Urban,3098,0,0,0,0.0,0.0,0.0,1
Urban,3099,0,0,0,0.0,0.0,0.0,1
Urban,3100,0,0,0,0.0,0.0,0.0,1
Urban,3101,0,0,0,0.0,0.0,0.0,1
Urban,3102,0,0,0,0.0,0.0,0.0,1
Urban,3103,0,0,0,0.0,0.0,0.0,1
Urban,3104,0,0,0,0.0,0.0,0.0,1
Urban,3105,0,0,0,0.0,0.0,0.0,1
Urban,3106,0,0,0,0.0,0.0,0.0,1
Urban,3107,0,0,0,0.0,0.0,0.0,1
Urban,3108,0,0,0,0.0,0.0,0.0,1
Urban,3109,0,0,0,0.0,0.0,0.0,1
Urban,3110,0,0,0,0.0,0.0,0.0,1
Urban,3111,0,0,0,0.0,0.0,0.0,1
Urban,3112,0,0,0,0.0,0.0,0.0,1
Urban,3113,0,0,0,0.0,0.0,0.0,1
Urban,3114,0,0,0,0.0,0.0,0.0,1
Urban,3115,0,0,0,0.0,0.0,0.0,1
Urban,3116,0,0,0,0.0,0.0,0.0,1
Urban,3117,0,0,0,0.0,0.0,0.0,1
Urban,3118,0,0,0,0.0,0.0,0.0,1
Urban,3119,0,0,0,0.0,0.0,0.0,1
Urban,3120,0,0,0,0.0,0.0,0.0,1
Urban,3121,0,0,0,0.0,0.0,0.0,1
Urban,3122,0,0,0,0.0,0.0,0.0,1
Urban,3123,0,0,0,0.0,0.0,0.0,1
Urban,3124,0,0,0,0.0,0.0,0.0,1
Urban,3125,0,0,0,0.0,0.0,0.0,1
Urban,3126,0,0,0,0.0,0.0,0.0,1
Urban,3127,0,0,0,0.0,0.0,0.0,1
Urban,3128,0,0,0,0.0,0.0,0.0,1
Urban,3129,0,0,0,0.0,0.0,0.0,1
Urban,3130,0,0,0,0.0,0.0,0.0,1
Urban,3131,0,0,0,0.0,0.0,0.0,1
Urban,3132,0,0,0,0.0,0.0,0.0,1
Urban,3133,0,0,0,0.0,0.0,0.0,1
Urban,3134,0,0,0,0.0,0.0,0.0,1
Urban,3135,0,0,0,0.0,0.0,0.0,1
Urban,3136,0,0,0,0.0,0.0,0.0,1
Urban,3137,0,0,0,0.0,0.0,0.0,1
Urban,3138,0,0,0,0.0,0.0,0.0,1
Urban,3139,0,0,0,0.0,0.0,0.0,1
Urban,3140,0,0,0,0.0,0.0,0.0,1
Urban,3141,0,0,0,0.0,0.0,0.0,1
Urban,3142,0,0,0,0.0,0.0,0.0,1
Urban,3143,0,0,0,0.0,0.0,0.0,1
Urban,3144,0,0,0,0.0,0.0,0.0,1
Urban,3145,0,0,0,0.0,0.0,0.0,1
Urban,3146,0,0,0,0.0,0.0,0.0,1
Urban,3147,0,0,0,0.0,0.0,0.0,1
Urban,3148,0,0,0,0.0,0.0,0.0,1
Urban,3149,0,0,0,0.0,0.0,0.0,1
Urban,3150,0,0,0,0.0,0.0,0.0,1
Urban,3151,0,0,0,0.0,0.0,0.0,1
Urban,3152,0,0,0,0.0,0.0,0.0,1
Urban,3153,0,0,0,0.0,0.0,0.0,1
Urban,3154,0,0,0,0.0,0.0,0.0,1
Urban,3155,0,0,0,0.0,0.0,0.0,1
Urban,3156,0,0,0,0.0,0.0,0.0,1
Urban,3157,0,0,0,0.0,0.0,0.0,1
Urban,3158,0,0,0,0.0,0.0,0.0,1
Urban,3159,0,0,0,0.0,0.0,0.0,1
Urban,3160,0,0,0,0.0,0.0,0.0,1
Urban,3161,0,0,0,0.0,0.0,0.0,1
Urban,3162,0,0,0,0.0,0.0,0.0,1
Urban,3163,0,0,0,0.0,0.0,0.0,1
Urban,3164,0,0,0,0.0,0.0,0.0,1
Urban,3165,0,0,0,0.0,0.0,0.0,1
Urban,3166,0,0,0,0.0,0.0,0.0,1
Urban,3167,0,0,0,0.0,0.0,0.0,1
Urban,3168,0,0,0,0.0,0.0,0.0,1
Urban,3169,0,0,0,0.0,0.0,0.0,1
Urban,3170,0,0,0,0.0,0.0,0.0,1
Urban,3171,0,0,0,0.0,0.0,0.0,1
Urban,3172,0,0,0,0.0,0.0,0.0,1
Urban,3173,0,0,0,0.0,0.0,0.0,1
Urban,3174,0,0,0,0.0,0.0,0.0,1
Urban,3175,0,0,0,0.0,0.0,0.0,1
Urban,3176,0,0,0,0.0,0.0,0.0,1
Urban,3177,0,0,0,0.0,0.0,0.0,1
Urban,3178,0,0,0,0.0,0.0,0.0,1
Urban,3179,0,0,0,0.0,0.0,0.0,1
Urban,3180,0,0,0,0.0,0.0,0.0,1
Urban,3181,0,0,0,0.0,0.0,0.0,1
Urban,3182,0,0,0,0.0,0.0,0.0,1
Urban,3183,0,0,0,0.0,0.0,0.0,1
Urban,3184,0,0,0,0.0,0.0,0.0,1
Urban,3185,0,0,0,0.0,0.0,0.0,1
Urban,3186,0,0,0,0.0,0.0,0.0,1
Urban,3187,0,0,0,0.0,0.0,0.0,1
Urban,3188,0,0,0,0.0,0.0,0.0,1
Urban,3189,0,0,0,0.0,0.0,0.0,1
Urban,3190,0,0,0,0.0,0.0,0.0,1
Urban,3191,0,0,0,0.0,0.0,0.0,1
Urban,3192,0,0,0,0.0,0.0,0.0,1
Urban,3193,0,0,0,0.0,0.0,0.0,1
Urban,3194,0,0,0,0.0,0.0,0.0,1
Urban,3195,0,0,0,0.0,0.0,0.0,1
Urban,3196,0,0,0,0.0,0.0,0.0,1
Urban,3197,0,0,0,0.0,0.0,0.0,1
Urban,3198,0,0,0,0.0,0.0,0.0,1
Urban,3199,0,0,0,0.0,0.0,0.0,1
Urban,3200,0,0,0,0.0,0.0,0.0,1
Urban,3201,0,0,0,0.0,0.0,0.0,1
Urban,3202,0,0,0,0.0,0.0,0.0,1
Urban,3203,0,0,0,0.0,0.0,0.0,1
Urban,3204,0,0,0,0.0,0.0,0.0,1
Urban,3205,0,0,0,0.0,0.0,0.0,1
Urban,3206,0,0,0,0.0,0.0,0.0,1
Urban,3207,0,0,0,0.0,0.0,0.0,1
Urban,3208,0,0,0,0.0,0.0,0.0,1
Urban,3209,0,0,0,0.0,0.0,0.0,1
Urban,3210,0,0,0,0.0,0.0,0.0,1
Urban,3211,0,0,0,0.0,0.0,0.0,1
Urban,3212,0,0,0,0.0,0.0,0.0,1
Urban,3213,0,0,0,0.0,0.0,0.0,1
Urban,3214,0,0,0,0.0,0.0,0.0,1
Urban,3215,0,0,0,0.0,0.0,0.0,1
Urban,3216,0,0,0,0.0,0.0,0.0,1
Urban,3217,0,0,0,0.0,0.0,0.0,1
Urban,3218,0,0,0,0.0,0.0,0.0,1
Urban,3219,0,0,0,0.0,0.0,0.0,1
Urban,3220,0,0,0,0.0,0.0,0.0,1
Urban,3221,0,0,0,0.0,0.0,0.0,1
Urban,3222,0,0,0,0.0,0.0,0.0,1
Urban,3223,0,0,0,0.0,0.0,0.0,1
Urban,3224,0,0,0,0.0,0.0,0.0,1
Urban,3225,0,0,0,0.0,0.0,0.0,1
Urban,3226,0,0,0,0.0,0.0,0.0,1
Urban,3227,0,0,0,0.0,0.0,0.0,1
Urban,3228,0,0,0,0.0,0.0,0.0,1
Urban,3229,0,0,0,0.0,0.0,0.0,1
Urban,3230,0,0,0,0.0,0.0,0.0,1
Urban,3231,0,0,0,0.0,0.0,0.0,1
Urban,3232,0,0,0,0.0,0.0,0.0,1
Urban,3233,0,0,0,0.0,0.0,0.0,1
Urban,3234,0,0,0,0.0,0.0,0.0,1
Urban,3235,0,0,0,0.0,0.0,0.0,1
Urban,3236,0,0,0,0.0,0.0,0.0,1
Urban,3237,0,0,0,0.0,0.0,0.0,1
Urban,3238,0,0,0,0.0,0.0,0.0,1
Urban,3239,0,0,0,0.0,0.0,0.0,1
Urban,3240,0,0,0,0.0,0.0,0.0,1
Urban,3241,0,0,0,0.0,0.0,0.0,1
Urban,3242,0,0,0,0.0,0.0,0.0,1
Urban,3243,0,0,0,0.0,0.0,0.0,1
Urban,3244,0,0,0,0.0,0.0,0.0,1
Urban,3245,0,0,0,0.0,0.0,0.0,1
Urban,3246,0,0,0,0.0,0.0,0.0,1
Urban,3247,0,0,0,0.0,0.0,0.0,1
Urban,3248,0,0,0,0.0,0.0,0.0,1
Urban,3249,0,0,0,0.0,0.0,0.0,1
Urban,3250,0,0,0,0.0,0.0,0.0,1
Urban,3251,0,0,0,0.0,0.0,0.0,1
Urban,3252,0,0,0,0.0,0.0,0.0,1
Urban,3253,0,0,0,0.0,0.0,0.0,1
Urban,3254,0,0,0,0.0,0.0,0.0,1
Urban,3255,0,0,0,0.0,0.0,0.0,1
Urban,3256,0,0,0,0.0,0.0,0.0,1
Urban,3257,0,0,0,0.0,0.0,0.0,1
Urban,3258,0,0,0,0.0,0.0,0.0,1
Urban,3259,0,0,0,0.0,0.0,0.0,1
Urban,3260,0,0,0,0.0,0.0,0.0,1
Urban,3261,0,0,0,0.0,0.0,0.0,1
Urban,3262,0,0,0,0.0,0.0,0.0,1
Urban,3263,0,0,0,0.0,0.0,0.0,1
Urban,3264,0,0,0,0.0,0.0,0.0,1
Urban,3265,0,0,0,0.0,0.0,0.0,1
Urban,3266,0,0,0,0.0,0.0,0.0,1
Urban,3267,0,0,0,0.0,0.0,0.0,1
Urban,3268,0,0,0,0.0,0.0,0.0,1
Urban,3269,0,0,0,0.0,0.0,0.0,1
Urban,3270,0,0,0,0.0,0.0,0.0,1
Urban,3271,0,0,0,0.0,0.0,0.0,1
Urban,3272,0,0,0,0.0,0.0,0.0,1
Urban,3273,0,0,0,0.0,0.0,0.0,1
Urban,3274,0,0,0,0.0,0.0,0.0,1
Urban,3275,0,0,0,0.0,0.0,0.0,1
Urban,3276,0,0,0,0.0,0.0,0.0,1
Urban,3277,0,0,0,0.0,0.0,0.0,1
Urban,3278,0,0,0,0.0,0.0,0.0,1
Urban,3279,0,0,0,0.0,0.0,0.0,1
Urban,3280,0,0,0,0.0,0.0,0.0,1
Urban,3281,0,0,0,0.0,0.0,0.0,1
Urban,3282,0,0,0,0.0,0.0,0.0,1
Urban,3283,0,0,0,0.0,0.0,0.0,1
Urban,3284,0,0,0,0.0,0.0,0.0,1
Urban,3285,0,0,0,0.0,0.0,0.0,1
Urban,3286,0,0,0,0.0,0.0,0.0,1
Urban,3287,0,0,0,0.0,0.0,0.0,1
Urban,3288,0,0,0,0.0,0.0,0.0,1
Urban,3289,0,0,0,0.0,0.0,0.0,1
Urban,3290,0,0,0,0.0,0.0,0.0,1
Urban,3291,0,0,0,0.0,0.0,0.0,1
Urban,3292,0,0,0,0.0,0.0,0.0,1
Urban,3293,0,0,0,0.0,0.0,0.0,1
Urban,3294,0,0,0,0.0,0.0,0.0,1
Urban,3295,0,0,0,0.0,0.0,0.0,1
Urban,3296,0,0,0,0.0,0.0,0.0,1
Urban,3297,0,0,0,0.0,0.0,0.0,1
Urban,3298,0,0,0,0.0,0.0,0.0,1
Urban,3299,0,0,0,0.0,0.0,0.0,1
Urban,3300,0,0,0,0.0,0.0,0.0,1
Urban,3301,0,0,0,0.0,0.0,0.0,1
Urban,3302,0,0,0,0.0,0.0,0.0,1
Urban,3303,0,0,0,0.0,0.0,0.0,1
Urban,3304,0,0,0,0.0,0.0,0.0,1
Urban,3305,0,0,0,0.0,0.0,0.0,1
Urban,3306,0,0,0,0.0,0.0,0.0,1
Urban,3307,0,0,0,0.0,0.0,0.0,1
Urban,3308,0,0,0,0.0,0.0,0.0,1
Urban,3309,0,0,0,0.0,0.0,0.0,1
Urban,3310,0,0,0,0.0,0.0,0.0,1
Urban,3311,0,0,0,0.0,0.0,0.0,1
Urban,3312,0,0,0,0.0,0.0,0.0,1
Urban,3313,0,0,0,0.0,0.0,0.0,1
Urban,3314,0,0,0,0.0,0.0,0.0,1
Urban,3315,0,0,0,0.0,0.0,0.0,1
Urban,3316,0,0,0,0.0,0.0,0.0,1
Urban,3317,0,0,0,0.0,0.0,0.0,1
Urban,3318,0,0,0,0.0,0.0,0.0,1
Urban,3319,0,0,0,0.0,0.0,0.0,1
Urban,3320,0,0,0,0.0,0.0,0.0,1
Urban,3321,0,0,0,0.0,0.0,0.0,1
Urban,3322,0,0,0,0.0,0.0,0.0,1
Urban,3323,0,0,0,0.0,0.0,0.0,1
Urban,3324,0,0,0,0.0,0.0,0.0,1
Urban,3325,0,0,0,0.0,0.0,0.0,1
Urban,3326,0,0,0,0.0,0.0,0.0,1
Urban,3327,0,0,0,0.0,0.0,0.0,1
Urban,3328,0,0,0,0.0,0.0,0.0,1
Urban,3329,0,0,0,0.0,0.0,0.0,1
Urban,3330,0,0,0,0.0,0.0,0.0,1
Urban,3331,0,0,0,0.0,0.0,0.0,1
Urban,3332,0,0,0,0.0,0.0,0.0,1
Urban,3333,0,0,0,0.0,0.0,0.0,1
Urban,3334,0,0,0,0.0,0.0,0.0,1
Urban,3335,0,0,0,0.0,0.0,0.0,1
Urban,3336,0,0,0,0.0,0.0,0.0,1
Urban,3337,0,0,0,0.0,0.0,0.0,1
Urban,3338,0,0,0,0.0,0.0,0.0,1
Urban,3339,0,0,0,0.0,0.0,0.0,1
Urban,3340,0,0,0,0.0,0.0,0.0,1
Urban,3341,0,0,0,0.0,0.0,0.0,1
Urban,3342,0,0,0,0.0,0.0,0.0,1
Urban,3343,0,0,0,0.0,0.0,0.0,1
Urban,3344,0,0,0,0.0,0.0,0.0,1
Urban,3345,0,0,0,0.0,0.0,0.0,1
Urban,3346,0,0,0,0.0,0.0,0.0,1
Urban,3347,0,0,0,0.0,0.0,0.0,1
Urban,3348,0,0,0,0.0,0.0,0.0,1
Urban,3349,0,0,0,0.0,0.0,0.0,1
Urban,3350,0,0,0,0.0,0.0,0.0,1
Urban,3351,0,0,0,0.0,0.0,0.0,1
Urban,3352,0,0,0,0.0,0.0,0.0,1
Urban,3353,0,0,0,0.0,0.0,0.0,1
Urban,3354,0,0,0,0.0,0.0,0.0,1
Urban,3355,0,0,0,0.0,0.0,0.0,1
Urban,3356,0,0,0,0.0,0.0,0.0,1
Urban,3357,0,0,0,0.0,0.0,0.0,1
Urban,3358,0,0,0,0.0,0.0,0.0,1
Urban,3359,0,0,0,0.0,0.0,0.0,1
Urban,3360,0,0,0,0.0,0.0,0.0,1
Urban,3361,0,0,0,0.0,0.0,0.0,1
Urban,3362,0,0,0,0.0,0.0,0.0,1
Urban,3363,0,0,0,0.0,0.0,0.0,1
Urban,3364,0,0,0,0.0,0.0,0.0,1
Urban,3365,0,0,0,0.0,0.0,0.0,1
Urban,3366,0,0,0,0.0,0.0,0.0,1
Urban,3367,0,0,0,0.0,0.0,0.0,1
Urban,3368,0,0,0,0.0,0.0,0.0,1
Urban,3369,0,0,0,0.0,0.0,0.0,1
Urban,3370,0,0,0,0.0,0.0,0.0,1
Urban,3371,0,0,0,0.0,0.0,0.0,1
Urban,3372,0,0,0,0.0,0.0,0.0,1
Urban,3373,0,0,0,0.0,0.0,0.0,1
Urban,3374,0,0,0,0.0,0.0,0.0,1
Urban,3375,0,0,0,0.0,0.0,0.0,1
Urban,3376,0,0,0,0.0,0.0,0.0,1
Urban,3377,0,0,0,0.0,0.0,0.0,1
Urban,3378,0,0,0,0.0,0.0,0.0,1
Urban,3379,0,0,0,0.0,0.0,0.0,1
Urban,3380,0,0,0,0.0,0.0,0.0,1
Urban,3381,0,0,0,0.0,0.0,0.0,1
Urban,3382,0,0,0,0.0,0.0,0.0,1
Urban,3383,0,0,0,0.0,0.0,0.0,1
Urban,3384,0,0,0,0.0,0.0,0.0,1
Urban,3385,0,0,0,0.0,0.0,0.0,1
Urban,3386,0,0,0,0.0,0.0,0.0,1
Urban,3387,0,0,0,0.0,0.0,0.0,1
Urban,3388,0,0,0,0.0,0.0,0.0,1
Urban,3389,0,0,0,0.0,0.0,0.0,1
Urban,3390,0,0,0,0.0,0.0,0.0,1
Urban,3391,0,0,0,0.0,0.0,0.0,1
Urban,3392,0,0,0,0.0,0.0,0.0,1
Urban,3393,0,0,0,0.0,0.0,0.0,1
Urban,3394,0,0,0,0.0,0.0,0.0,1
Urban,3395,0,0,0,0.0,0.0,0.0,1
Urban,3396,0,0,0,0.0,0.0,0.0,1
Urban,3397,0,0,0,0.0,0.0,0.0,1
Urban,3398,0,0,0,0.0,0.0,0.0,1
Urban,3399,0,0,0,0.0,0.0,0.0,1
Urban,3400,0,0,0,0.0,0.0,0.0,1
Urban,3401,0,0,0,0.0,0.0,0.0,1
Urban,3402,0,0,0,0.0,0.0,0.0,1
Urban,3403,0,0,0,0.0,0.0,0.0,1
Urban,3404,0,0,0,0.0,0.0,0.0,1
Urban,3405,0,0,0,0.0,0.0,0.0,1
Urban,3406,0,0,0,0.0,0.0,0.0,1
Urban,3407,0,0,0,0.0,0.0,0.0,1
Urban,3408,0,0,0,0.0,0.0,0.0,1
Urban,3409,0,0,0,0.0,0.0,0.0,1
Urban,3410,0,0,0,0.0,0.0,0.0,1
Urban,3411,0,0,0,0.0,0.0,0.0,1
Urban,3412,0,0,0,0.0,0.0,0.0,1
Urban,3413,0,0,0,0.0,0.0,0.0,1
Urban,3414,0,0,0,0.0,0.0,0.0,1
Urban,3415,0,0,0,0.0,0.0,0.0,1
Urban,3416,0,0,0,0.0,0.0,0.0,1
Urban,3417,0,0,0,0.0,0.0,0.0,1
Urban,3418,0,0,0,0.0,0.0,0.0,1
Urban,3419,0,0,0,0.0,0.0,0.0,1
Urban,3420,0,0,0,0.0,0.0,0.0,1
Urban,3421,0,0,0,0.0,0.0,0.0,1
Urban,3422,0,0,0,0.0,0.0,0.0,1
Urban,3423,0,0,0,0.0,0.0,0.0,1
Urban,3424,0,0,0,0.0,0.0,0.0,1
Urban,3425,0,0,0,0.0,0.0,0.0,1
Urban,3426,0,0,0,0.0,0.0,0.0,1
Urban,3427,0,0,0,0.0,0.0,0.0,1
Urban,3428,0,0,0,0.0,0.0,0.0,1
Urban,3429,0,0,0,0.0,0.0,0.0,1
Urban,3430,0,0,0,0.0,0.0,0.0,1
Urban,3431,0,0,0,0.0,0.0,0.0,1
Urban,3432,0,0,0,0.0,0.0,0.0,1
Urban,3433,0,0,0,0.0,0.0,0.0,1
Urban,3434,0,0,0,0.0,0.0,0.0,1
Urban,3435,0,0,0,0.0,0.0,0.0,1
Urban,3436,0,0,0,0.0,0.0,0.0,1
Urban,3437,0,0,0,0.0,0.0,0.0,1
Urban,3438,0,0,0,0.0,0.0,0.0,1
Urban,3439,0,0,0,0.0,0.0,0.0,1
Urban,3440,0,0,0,0.0,0.0,0.0,1
Urban,3441,0,0,0,0.0,0.0,0.0,1
Urban,3442,0,0,0,0.0,0.0,0.0,1
Urban,3443,0,0,0,0.0,0.0,0.0,1
Urban,3444,0,0,0,0.0,0.0,0.0,1
Urban,3445,0,0,0,0.0,0.0,0.0,1
Urban,3446,0,0,0,0.0,0.0,0.0,1
Urban,3447,0,0,0,0.0,0.0,0.0,1
Urban,3448,0,0,0,0.0,0.0,0.0,1
Urban,3449,0,0,0,0.0,0.0,0.0,1
Urban,3450,0,0,0,0.0,0.0,0.0,1
Urban,3451,0,0,0,0.0,0.0,0.0,1
Urban,3452,0,0,0,0.0,0.0,0.0,1
Urban,3453,0,0,0,0.0,0.0,0.0,1
Urban,3454,0,0,0,0.0,0.0,0.0,1
Urban,3455,0,0,0,0.0,0.0,0.0,1
Urban,3456,0,0,0,0.0,0.0,0.0,1
Urban,3457,0,0,0,0.0,0.0,0.0,1
Urban,3458,0,0,0,0.0,0.0,0.0,1
Urban,3459,0,0,0,0.0,0.0,0.0,1
Urban,3460,0,0,0,0.0,0.0,0.0,1
Urban,3461,0,0,0,0.0,0.0,0.0,1
Urban,3462,0,0,0,0.0,0.0,0.0,1
Urban,3463,0,0,0,0.0,0.0,0.0,1
Urban,3464,0,0,0,0.0,0.0,0.0,1
Urban,3465,0,0,0,0.0,0.0,0.0,1
Urban,3466,0,0,0,0.0,0.0,0.0,1
Urban,3467,0,0,0,0.0,0.0,0.0,1
Urban,3468,0,0,0,0.0,0.0,0.0,1
Urban,3469,0,0,0,0.0,0.0,0.0,1
Urban,3470,0,0,0,0.0,0.0,0.0,1
Urban,3471,0,0,0,0.0,0.0,0.0,1
Urban,3472,0,0,0,0.0,0.0,0.0,1
Urban,3473,0,0,0,0.0,0.0,0.0,1
Urban,3474,0,0,0,0.0,0.0,0.0,1
Urban,3475,0,0,0,0.0,0.0,0.0,1
Urban,3476,0,0,0,0.0,0.0,0.0,1
Urban,3477,0,0,0,0.0,0.0,0.0,1
Urban,3478,0,0,0,0.0,0.0,0.0,1
Urban,3479,0,0,0,0.0,0.0,0.0,1
Urban,3480,0,0,0,0.0,0.0,0.0,1
Urban,3481,0,0,0,0.0,0.0,0.0,1
Urban,3482,0,0,0,0.0,0.0,0.0,1
Urban,3483,0,0,0,0.0,0.0,0.0,1
Urban,3484,0,0,0,0.0,0.0,0.0,1
Urban,3485,0,0,0,0.0,0.0,0.0,1
Urban,3486,0,0,0,0.0,0.0,0.0,1
Urban,3487,0,0,0,0.0,0.0,0.0,1
Urban,3488,0,0,0,0.0,0.0,0.0,1
Urban,3489,0,0,0,0.0,0.0,0.0,1
Urban,3490,0,0,0,0.0,0.0,0.0,1
Urban,3491,0,0,0,0.0,0.0,0.0,1
Urban,3492,0,0,0,0.0,0.0,0.0,1
Urban,3493,0,0,0,0.0,0.0,0.0,1
Urban,3494,0,0,0,0.0,0.0,0.0,1
Urban,3495,0,0,0,0.0,0.0,0.0,1
Urban,3496,0,0,0,0.0,0.0,0.0,1
Urban,3497,0,0,0,0.0,0.0,0.0,1
Urban,3498,0,0,0,0.0,0.0,0.0,1
Urban,3499,0,0,0,0.0,0.0,0.0,1
Urban,3500,0,0,0,0.0,0.0,0.0,1
Urban,3501,0,0,0,0.0,0.0,0.0,1
Urban,3502,0,0,0,0.0,0.0,0.0,1
Urban,3503,0,0,0,0.0,0.0,0.0,1
Urban,3504,0,0,0,0.0,0.0,0.0,1
Urban,3505,0,0,0,0.0,0.0,0.0,1
Urban,3506,0,0,0,0.0,0.0,0.0,1
Urban,3507,0,0,0,0.0,0.0,0.0,1
Urban,3508,0,0,0,0.0,0.0,0.0,1
Urban,3509,0,0,0,0.0,0.0,0.0,1
Urban,3510,0,0,0,0.0,0.0,0.0,1
Urban,3511,0,0,0,0.0,0.0,0.0,1
Urban,3512,0,0,0,0.0,0.0,0.0,1
Urban,3513,0,0,0,0.0,0.0,0.0,1
Urban,3514,0,0,0,0.0,0.0,0.0,1
Urban,3515,0,0,0,0.0,0.0,0.0,1
Urban,3516,0,0,0,0.0,0.0,0.0,1
Urban,3517,0,0,0,0.0,0.0,0.0,1
Urban,3518,0,0,0,0.0,0.0,0.0,1
Urban,3519,0,0,0,0.0,0.0,0.0,1
Urban,3520,0,0,0,0.0,0.0,0.0,1
Urban,3521,0,0,0,0.0,0.0,0.0,1
Urban,3522,0,0,0,0.0,0.0,0.0,1
Urban,3523,0,0,0,0.0,0.0,0.0,1
Urban,3524,0,0,0,0.0,0.0,0.0,1
Urban,3525,0,0,0,0.0,0.0,0.0,1
Urban,3526,0,0,0,0.0,0.0,0.0,1
Urban,3527,0,0,0,0.0,0.0,0.0,1
Urban,3528,0,0,0,0.0,0.0,0.0,1
Urban,3529,0,0,0,0.0,0.0,0.0,1
Urban,3530,0,0,0,0.0,0.0,0.0,1
Urban,3531,0,0,0,0.0,0.0,0.0,1
Urban,3532,0,0,0,0.0,0.0,0.0,1
Urban,3533,0,0,0,0.0,0.0,0.0,1
Urban,3534,0,0,0,0.0,0.0,0.0,1
Urban,3535,0,0,0,0.0,0.0,0.0,1
Urban,3536,0,0,0,0.0,0.0,0.0,1
Urban,3537,0,0,0,0.0,0.0,0.0,1
Urban,3538,0,0,0,0.0,0.0,0.0,1
Urban,3539,0,0,0,0.0,0.0,0.0,1
Urban,3540,0,0,0,0.0,0.0,0.0,1
Urban,3541,0,0,0,0.0,0.0,0.0,1
Urban,3542,0,0,0,0.0,0.0,0.0,1
Urban,3543,0,0,0,0.0,0.0,0.0,1
Urban,3544,0,0,0,0.0,0.0,0.0,1
Urban,3545,0,0,0,0.0,0.0,0.0,1
Urban,3546,0,0,0,0.0,0.0,0.0,1
Urban,3547,0,0,0,0.0,0.0,0.0,1
Urban,3548,0,0,0,0.0,0.0,0.0,1
Urban,3549,0,0,0,0.0,0.0,0.0,1
Urban,3550,0,0,0,0.0,0.0,0.0,1
Urban,3551,0,0,0,0.0,0.0,0.0,1
Urban,3552,0,0,0,0.0,0.0,0.0,1
Urban,3553,0,0,0,0.0,0.0,0.0,1
Urban,3554,0,0,0,0.0,0.0,0.0,1
Urban,3555,0,0,0,0.0,0.0,0.0,1
Urban,3556,0,0,0,0.0,0.0,0.0,1
Urban,3557,0,0,0,0.0,0.0,0.0,1
Urban,3558,0,0,0,0.0,0.0,0.0,1
Urban,3559,0,0,0,0.0,0.0,0.0,1
Urban,3560,0,0,0,0.0,0.0,0.0,1
Urban,3561,0,0,0,0.0,0.0,0.0,1
Urban,3562,0,0,0,0.0,0.0,0.0,1
Urban,3563,0,0,0,0.0,0.0,0.0,1
Urban,3564,0,0,0,0.0,0.0,0.0,1
Urban,3565,0,0,0,0.0,0.0,0.0,1
Urban,3566,0,0,0,0.0,0.0,0.0,1
Urban,3567,0,0,0,0.0,0.0,0.0,1
Urban,3568,0,0,0,0.0,0.0,0.0,1
Urban,3569,0,0,0,0.0,0.0,0.0,1
Urban,3570,0,0,0,0.0,0.0,0.0,1
Urban,3571,0,0,0,0.0,0.0,0.0,1
Urban,3572,0,0,0,0.0,0.0,0.0,1
Urban,3573,0,0,0,0.0,0.0,0.0,1
Urban,3574,0,0,0,0.0,0.0,0.0,1
Urban,3575,0,0,0,0.0,0.0,0.0,1
Urban,3576,0,0,0,0.0,0.0,0.0,1
Urban,3577,0,0,0,0.0,0.0,0.0,1
Urban,3578,0,0,0,0.0,0.0,0.0,1
Urban,3579,0,0,0,0.0,0.0,0.0,1
Urban,3580,0,0,0,0.0,0.0,0.0,1
Urban,3581,0,0,0,0.0,0.0,0.0,1
Urban,3582,0,0,0,0.0,0.0,0.0,1
Urban,3583,0,0,0,0.0,0.0,0.0,1
Urban,3584,0,0,0,0.0,0.0,0.0,1
Urban,3585,0,0,0,0.0,0.0,0.0,1
Urban,3586,0,0,0,0.0,0.0,0.0,1
Urban,3587,0,0,0,0.0,0.0,0.0,1
Urban,3588,0,0,0,0.0,0.0,0.0,1
Urban,3589,0,0,0,0.0,0.0,0.0,1
Urban,3590,0,0,0,0.0,0.0,0.0,1
Urban,3591,0,0,0,0.0,0.0,0.0,1
Urban,3592,0,0,0,0.0,0.0,0.0,1
Urban,3593,0,0,0,0.0,0.0,0.0,1
Urban,3594,0,0,0,0.0,0.0,0.0,1
Urban,3595,0,0,0,0.0,0.0,0.0,1
Urban,3596,0,0,0,0.0,0.0,0.0,1
Urban,3597,0,0,0,0.0,0.0,0.0,1
Urban,3598,0,0,0,0.0,0.0,0.0,1
Urban,3599,0,0,0,0.0,0.0,0.0,1
Urban,3600,0,0,0,0.0,0.0,0.0,1
Urban,3601,0,0,0,0.0,0.0,0.0,1
Urban,3602,0,0,0,0.0,0.0,0.0,1
Urban,3603,0,0,0,0.0,0.0,0.0,1
Urban,3604,0,0,0,0.0,0.0,0.0,1
Urban,3605,0,0,0,0.0,0.0,0.0,1
Urban,3606,0,0,0,0.0,0.0,0.0,1
Urban,3607,0,0,0,0.0,0.0,0.0,1
Urban,3608,0,0,0,0.0,0.0,0.0,1
Urban,3609,0,0,0,0.0,0.0,0.0,1
Urban,3610,0,0,0,0.0,0.0,0.0,1
Urban,3611,0,0,0,0.0,0.0,0.0,1
Urban,3612,0,0,0,0.0,0.0,0.0,1
Urban,3613,0,0,0,0.0,0.0,0.0,1
Urban,3614,0,0,0,0.0,0.0,0.0,1
Urban,3615,0,0,0,0.0,0.0,0.0,1
Urban,3616,0,0,0,0.0,0.0,0.0,1
Urban,3617,0,0,0,0.0,0.0,0.0,1
Urban,3618,0,0,0,0.0,0.0,0.0,1
Urban,3619,0,0,0,0.0,0.0,0.0,1
Urban,3620,0,0,0,0.0,0.0,0.0,1
Urban,3621,0,0,0,0.0,0.0,0.0,1
Urban,3622,0,0,0,0.0,0.0,0.0,1
Urban,3623,0,0,0,0.0,0.0,0.0,1
Urban,3624,0,0,0,0.0,0.0,0.0,1
Urban,3625,0,0,0,0.0,0.0,0.0,1
Urban,3626,0,0,0,0.0,0.0,0.0,1
Urban,3627,0,0,0,0.0,0.0,0.0,1
Urban,3628,0,0,0,0.0,0.0,0.0,1
Urban,3629,0,0,0,0.0,0.0,0.0,1
Urban,3630,0,0,0,0.0,0.0,0.0,1
Urban,3631,0,0,0,0.0,0.0,0.0,1
Urban,3632,0,0,0,0.0,0.0,0.0,1
Urban,3633,0,0,0,0.0,0.0,0.0,1
Urban,3634,0,0,0,0.0,0.0,0.0,1
Urban,3635,0,0,0,0.0,0.0,0.0,1
Urban,3636,0,0,0,0.0,0.0,0.0,1
Urban,3637,0,0,0,0.0,0.0,0.0,1
Urban,3638,0,0,0,0.0,0.0,0.0,1
Urban,3639,0,0,0,0.0,0.0,0.0,1
Urban,3640,0,0,0,0.0,0.0,0.0,1
Urban,3641,0,0,0,0.0,0.0,0.0,1
Urban,3642,0,0,0,0.0,0.0,0.0,1
Urban,3643,0,0,0,0.0,0.0,0.0,1
Urban,3644,0,0,0,0.0,0.0,0.0,1
Urban,3645,0,0,0,0.0,0.0,0.0,1
Urban,3646,0,0,0,0.0,0.0,0.0,1
Urban,3647,0,0,0,0.0,0.0,0.0,1
Urban,3648,0,0,0,0.0,0.0,0.0,1
Urban,3649,0,0,0,0.0,0.0,0.0,1
Urban,3650,0,0,0,0.0,0.0,0.0,1
Urban,3651,0,0,0,0.0,0.0,0.0,1
Urban,3652,0,0,0,0.0,0.0,0.0,1
Urban,3653,0,0,0,0.0,0.0,0.0,1
Urban,3654,0,0,0,0.0,0.0,0.0,1
Urban,3655,0,0,0,0.0,0.0,0.0,1
Urban,3656,0,0,0,0.0,0.0,0.0,1
Urban,3657,0,0,0,0.0,0.0,0.0,1
Urban,3658,0,0,0,0.0,0.0,0.0,1
Urban,3659,0,0,0,0.0,0.0,0.0,1
Urban,3660,0,0,0,0.0,0.0,0.0,1
Urban,3661,0,0,0,0.0,0.0,0.0,1
Urban,3662,0,0,0,0.0,0.0,0.0,1
Urban,3663,0,0,0,0.0,0.0,0.0,1
Urban,3664,0,0,0,0.0,0.0,0.0,1
Urban,3665,0,0,0,0.0,0.0,0.0,1
Urban,3666,0,0,0,0.0,0.0,0.0,1
Urban,3667,0,0,0,0.0,0.0,0.0,1
Urban,3668,0,0,0,0.0,0.0,0.0,1
Urban,3669,0,0,0,0.0,0.0,0.0,1
Urban,3670,0,0,0,0.0,0.0,0.0,1
Urban,3671,0,0,0,0.0,0.0,0.0,1
Urban,3672,0,0,0,0.0,0.0,0.0,1
Urban,3673,0,0,0,0.0,0.0,0.0,1
Urban,3674,0,0,0,0.0,0.0,0.0,1
Urban,3675,0,0,0,0.0,0.0,0.0,1
Urban,3676,0,0,0,0.0,0.0,0.0,1
Urban,3677,0,0,0,0.0,0.0,0.0,1
Urban,3678,0,0,0,0.0,0.0,0.0,1
Urban,3679,0,0,0,0.0,0.0,0.0,1
Urban,3680,0,0,0,0.0,0.0,0.0,1
Urban,3681,0,0,0,0.0,0.0,0.0,1
Urban,3682,0,0,0,0.0,0.0,0.0,1
Urban,3683,0,0,0,0.0,0.0,0.0,1
Urban,3684,0,0,0,0.0,0.0,0.0,1
Urban,3685,0,0,0,0.0,0.0,0.0,1
Urban,3686,0,0,0,0.0,0.0,0.0,1
Urban,3687,0,0,0,0.0,0.0,0.0,1
Urban,3688,0,0,0,0.0,0.0,0.0,1
Urban,3689,0,0,0,0.0,0.0,0.0,1
Urban,3690,0,0,0,0.0,0.0,0.0,1
Urban,3691,0,0,0,0.0,0.0,0.0,1
Urban,3692,0,0,0,0.0,0.0,0.0,1
Urban,3693,0,0,0,0.0,0.0,0.0,1
Urban,3694,0,0,0,0.0,0.0,0.0,1
Urban,3695,0,0,0,0.0,0.0,0.0,1
Urban,3696,0,0,0,0.0,0.0,0.0,1
Urban,3697,0,0,0,0.0,0.0,0.0,1
Urban,3698,0,0,0,0.0,0.0,0.0,1
Urban,3699,0,0,0,0.0,0.0,0.0,1
Urban,3700,0,0,0,0.0,0.0,0.0,1
Urban,3701,0,0,0,0.0,0.0,0.0,1
Urban,3702,0,0,0,0.0,0.0,0.0,1
Urban,3703,0,0,0,0.0,0.0,0.0,1
Urban,3704,0,0,0,0.0,0.0,0.0,1
Urban,3705,0,0,0,0.0,0.0,0.0,1
Urban,3706,0,0,0,0.0,0.0,0.0,1
Urban,3707,0,0,0,0.0,0.0,0.0,1
Urban,3708,0,0,0,0.0,0.0,0.0,1
Urban,3709,0,0,0,0.0,0.0,0.0,1
Urban,3710,0,0,0,0.0,0.0,0.0,1
Urban,3711,0,0,0,0.0,0.0,0.0,1
Urban,3712,0,0,0,0.0,0.0,0.0,1
Urban,3713,0,0,0,0.0,0.0,0.0,1
Urban,3714,0,0,0,0.0,0.0,0.0,1
Urban,3715,0,0,0,0.0,0.0,0.0,1
Urban,3716,0,0,0,0.0,0.0,0.0,1
Urban,3717,0,0,0,0.0,0.0,0.0,1
Urban,3718,0,0,0,0.0,0.0,0.0,1
Urban,3719,0,0,0,0.0,0.0,0.0,1
Urban,3720,0,0,0,0.0,0.0,0.0,1
Urban,3721,0,0,0,0.0,0.0,0.0,1
Urban,3722,0,0,0,0.0,0.0,0.0,1
Urban,3723,0,0,0,0.0,0.0,0.0,1
Urban,3724,0,0,0,0.0,0.0,0.0,1
Urban,3725,0,0,0,0.0,0.0,0.0,1
Urban,3726,0,0,0,0.0,0.0,0.0,1
Urban,3727,0,0,0,0.0,0.0,0.0,1
Urban,3728,0,0,0,0.0,0.0,0.0,1
Urban,3729,0,0,0,0.0,0.0,0.0,1
Urban,3730,0,0,0,0.0,0.0,0.0,1
Urban,3731,0,0,0,0.0,0.0,0.0,1
Urban,3732,0,0,0,0.0,0.0,0.0,1
Urban,3733,0,0,0,0.0,0.0,0.0,1
Urban,3734,0,0,0,0.0,0.0,0.0,1
Urban,3735,0,0,0,0.0,0.0,0.0,1
Urban,3736,0,0,0,0.0,0.0,0.0,1
Urban,3737,0,0,0,0.0,0.0,0.0,1
Urban,3738,0,0,0,0.0,0.0,0.0,1
Urban,3739,0,0,0,0.0,0.0,0.0,1
Urban,3740,0,0,0,0.0,0.0,0.0,1
Urban,3741,0,0,0,0.0,0.0,0.0,1
Urban,3742,0,0,0,0.0,0.0,0.0,1
Urban,3743,0,0,0,0.0,0.0,0.0,1
Urban,3744,0,0,0,0.0,0.0,0.0,1
Urban,3745,0,0,0,0.0,0.0,0.0,1
Urban,3746,0,0,0,0.0,0.0,0.0,1
Urban,3747,0,0,0,0.0,0.0,0.0,1
Urban,3748,0,0,0,0.0,0.0,0.0,1
Urban,3749,0,0,0,0.0,0.0,0.0,1
Urban,3750,0,0,0,0.0,0.0,0.0,1
Urban,3751,0,0,0,0.0,0.0,0.0,1
Urban,3752,0,0,0,0.0,0.0,0.0,1
Urban,3753,0,0,0,0.0,0.0,0.0,1
Urban,3754,0,0,0,0.0,0.0,0.0,1
Urban,3755,0,0,0,0.0,0.0,0.0,1
Urban,3756,0,0,0,0.0,0.0,0.0,1
Urban,3757,0,0,0,0.0,0.0,0.0,1
Urban,3758,0,0,0,0.0,0.0,0.0,1
Urban,3759,0,0,0,0.0,0.0,0.0,1
Urban,3760,0,0,0,0.0,0.0,0.0,1
Urban,3761,0,0,0,0.0,0.0,0.0,1
Urban,3762,0,0,0,0.0,0.0,0.0,1
Urban,3763,0,0,0,0.0,0.0,0.0,1
Urban,3764,0,0,0,0.0,0.0,0.0,1
Urban,3765,0,0,0,0.0,0.0,0.0,1
Urban,3766,0,0,0,0.0,0.0,0.0,1
Urban,3767,0,0,0,0.0,0.0,0.0,1
Urban,3768,0,0,0,0.0,0.0,0.0,1
Urban,3769,0,0,0,0.0,0.0,0.0,1
Urban,3770,0,0,0,0.0,0.0,0.0,1
Urban,3771,0,0,0,0.0,0.0,0.0,1
Urban,3772,0,0,0,0.0,0.0,0.0,1
Urban,3773,0,0,0,0.0,0.0,0.0,1
Urban,3774,0,0,0,0.0,0.0,0.0,1
Urban,3775,0,0,0,0.0,0.0,0.0,1
Urban,3776,0,0,0,0.0,0.0,0.0,1
Urban,3777,0,0,0,0.0,0.0,0.0,1
Urban,3778,0,0,0,0.0,0.0,0.0,1
Urban,3779,0,0,0,0.0,0.0,0.0,1
Urban,3780,0,0,0,0.0,0.0,0.0,1
Urban,3781,0,0,0,0.0,0.0,0.0,1
Urban,3782,0,0,0,0.0,0.0,0.0,1
Urban,3783,0,0,0,0.0,0.0,0.0,1
Urban,3784,0,0,0,0.0,0.0,0.0,1
Urban,3785,0,0,0,0.0,0.0,0.0,1
Urban,3786,0,0,0,0.0,0.0,0.0,1
Urban,3787,0,0,0,0.0,0.0,0.0,1
Urban,3788,0,0,0,0.0,0.0,0.0,1
Urban,3789,0,0,0,0.0,0.0,0.0,1
Urban,3790,0,0,0,0.0,0.0,0.0,1
Urban,3791,0,0,0,0.0,0.0,0.0,1
Urban,3792,0,0,0,0.0,0.0,0.0,1
Urban,3793,0,0,0,0.0,0.0,0.0,1
Urban,3794,0,0,0,0.0,0.0,0.0,1
Urban,3795,0,0,0,0.0,0.0,0.0,1
Urban,3796,0,0,0,0.0,0.0,0.0,1
Urban,3797,0,0,0,0.0,0.0,0.0,1
Urban,3798,0,0,0,0.0,0.0,0.0,1
Urban,3799,0,0,0,0.0,0.0,0.0,1
Urban,3800,0,0,0,0.0,0.0,0.0,1
Urban,3801,0,0,0,0.0,0.0,0.0,1
Urban,3802,0,0,0,0.0,0.0,0.0,1
Urban,3803,0,0,0,0.0,0.0,0.0,1
Urban,3804,0,0,0,0.0,0.0,0.0,1
Urban,3805,0,0,0,0.0,0.0,0.0,1
Urban,3806,0,0,0,0.0,0.0,0.0,1
Urban,3807,0,0,0,0.0,0.0,0.0,1
Urban,3808,0,0,0,0.0,0.0,0.0,1
Urban,3809,0,0,0,0.0,0.0,0.0,1
Urban,3810,0,0,0,0.0,0.0,0.0,1
Urban,3811,0,0,0,0.0,0.0,0.0,1
Urban,3812,0,0,0,0.0,0.0,0.0,1
Urban,3813,0,0,0,0.0,0.0,0.0,1
Urban,3814,0,0,0,0.0,0.0,0.0,1
Urban,3815,0,0,0,0.0,0.0,0.0,1
Urban,3816,0,0,0,0.0,0.0,0.0,1
Urban,3817,0,0,0,0.0,0.0,0.0,1
Urban,3818,0,0,0,0.0,0.0,0.0,1
Urban,3819,0,0,0,0.0,0.0,0.0,1
Urban,3820,0,0,0,0.0,0.0,0.0,1
Urban,3821,0,0,0,0.0,0.0,0.0,1
Urban,3822,0,0,0,0.0,0.0,0.0,1
Urban,3823,0,0,0,0.0,0.0,0.0,1
Urban,3824,0,0,0,0.0,0.0,0.0,1
Urban,3825,0,0,0,0.0,0.0,0.0,1
Urban,3826,0,0,0,0.0,0.0,0.0,1
Urban,3827,0,0,0,0.0,0.0,0.0,1
Urban,3828,0,0,0,0.0,0.0,0.0,1
Urban,3829,0,0,0,0.0,0.0,0.0,1
Urban,3830,0,0,0,0.0,0.0,0.0,1
Urban,3831,0,0,0,0.0,0.0,0.0,1
Urban,3832,0,0,0,0.0,0.0,0.0,1
Urban,3833,0,0,0,0.0,0.0,0.0,1
Urban,3834,0,0,0,0.0,0.0,0.0,1
Urban,3835,0,0,0,0.0,0.0,0.0,1
Urban,3836,0,0,0,0.0,0.0,0.0,1
Urban,3837,0,0,0,0.0,0.0,0.0,1
Urban,3838,0,0,0,0.0,0.0,0.0,1
Urban,3839,0,0,0,0.0,0.0,0.0,1
Urban,3840,0,0,0,0.0,0.0,0.0,1
Urban,3841,0,0,0,0.0,0.0,0.0,1
Urban,3842,0,0,0,0.0,0.0,0.0,1
Urban,3843,0,0,0,0.0,0.0,0.0,1
Urban,3844,0,0,0,0.0,0.0,0.0,1
Urban,3845,0,0,0,0.0,0.0,0.0,1
Urban,3846,0,0,0,0.0,0.0,0.0,1
Urban,3847,0,0,0,0.0,0.0,0.0,1
Urban,3848,0,0,0,0.0,0.0,0.0,1
Urban,3849,0,0,0,0.0,0.0,0.0,1
Urban,3850,0,0,0,0.0,0.0,0.0,1
Urban,3851,0,0,0,0.0,0.0,0.0,1
Urban,3852,0,0,0,0.0,0.0,0.0,1
Urban,3853,0,0,0,0.0,0.0,0.0,1
Urban,3854,0,0,0,0.0,0.0,0.0,1
Urban,3855,0,0,0,0.0,0.0,0.0,1
Urban,3856,0,0,0,0.0,0.0,0.0,1
Urban,3857,0,0,0,0.0,0.0,0.0,1
Urban,3858,0,0,0,0.0,0.0,0.0,1
Urban,3859,0,0,0,0.0,0.0,0.0,1
Urban,3860,0,0,0,0.0,0.0,0.0,1
Urban,3861,0,0,0,0.0,0.0,0.0,1
Urban,3862,0,0,0,0.0,0.0,0.0,1
Urban,3863,0,0,0,0.0,0.0,0.0,1
Urban,3864,0,0,0,0.0,0.0,0.0,1
Urban,3865,0,0,0,0.0,0.0,0.0,1
Urban,3866,0,0,0,0.0,0.0,0.0,1
Urban,3867,0,0,0,0.0,0.0,0.0,1
Urban,3868,0,0,0,0.0,0.0,0.0,1
Urban,3869,0,0,0,0.0,0.0,0.0,1
Urban,3870,0,0,0,0.0,0.0,0.0,1
Urban,3871,0,0,0,0.0,0.0,0.0,1
Urban,3872,0,0,0,0.0,0.0,0.0,1
Urban,3873,0,0,0,0.0,0.0,0.0,1
Urban,3874,0,0,0,0.0,0.0,0.0,1
Urban,3875,0,0,0,0.0,0.0,0.0,1
Urban,3876,0,0,0,0.0,0.0,0.0,1
Urban,3877,0,0,0,0.0,0.0,0.0,1
Urban,3878,0,0,0,0.0,0.0,0.0,1
Urban,3879,0,0,0,0.0,0.0,0.0,1
Urban,3880,0,0,0,0.0,0.0,0.0,1
Urban,3881,0,0,0,0.0,0.0,0.0,1
Urban,3882,0,0,0,0.0,0.0,0.0,1
Urban,3883,0,0,0,0.0,0.0,0.0,1
Urban,3884,0,0,0,0.0,0.0,0.0,1
Urban,3885,0,0,0,0.0,0.0,0.0,1
Urban,3886,0,0,0,0.0,0.0,0.0,1
Urban,3887,0,0,0,0.0,0.0,0.0,1
Urban,3888,0,0,0,0.0,0.0,0.0,1
Urban,3889,0,0,0,0.0,0.0,0.0,1
Urban,3890,0,0,0,0.0,0.0,0.0,1
Urban,3891,0,0,0,0.0,0.0,0.0,1
Urban,3892,0,0,0,0.0,0.0,0.0,1
Urban,3893,0,0,0,0.0,0.0,0.0,1
Urban,3894,0,0,0,0.0,0.0,0.0,1
Urban,3895,0,0,0,0.0,0.0,0.0,1
Urban,3896,0,0,0,0.0,0.0,0.0,1
Urban,3897,0,0,0,0.0,0.0,0.0,1
Urban,3898,0,0,0,0.0,0.0,0.0,1
Urban,3899,0,0,0,0.0,0.0,0.0,1
Urban,3900,0,0,0,0.0,0.0,0.0,1
Urban,3901,0,0,0,0.0,0.0,0.0,1
Urban,3902,0,0,0,0.0,0.0,0.0,1
Urban,3903,0,0,0,0.0,0.0,0.0,1
Urban,3904,0,0,0,0.0,0.0,0.0,1
Urban,3905,0,0,0,0.0,0.0,0.0,1
Urban,3906,0,0,0,0.0,0.0,0.0,1
Urban,3907,0,0,0,0.0,0.0,0.0,1
Urban,3908,0,0,0,0.0,0.0,0.0,1
Urban,3909,0,0,0,0.0,0.0,0.0,1
Urban,3910,0,0,0,0.0,0.0,0.0,1
Urban,3911,0,0,0,0.0,0.0,0.0,1
Urban,3912,0,0,0,0.0,0.0,0.0,1
Urban,3913,0,0,0,0.0,0.0,0.0,1
Urban,3914,0,0,0,0.0,0.0,0.0,1
Urban,3915,0,0,0,0.0,0.0,0.0,1
Urban,3916,0,0,0,0.0,0.0,0.0,1
Urban,3917,0,0,0,0.0,0.0,0.0,1
Urban,3918,0,0,0,0.0,0.0,0.0,1
Urban,3919,0,0,0,0.0,0.0,0.0,1
Urban,3920,0,0,0,0.0,0.0,0.0,1
Urban,3921,0,0,0,0.0,0.0,0.0,1
Urban,3922,0,0,0,0.0,0.0,0.0,1
Urban,3923,0,0,0,0.0,0.0,0.0,1
Urban,3924,0,0,0,0.0,0.0,0.0,1
Urban,3925,0,0,0,0.0,0.0,0.0,1
Urban,3926,0,0,0,0.0,0.0,0.0,1
Urban,3927,0,0,0,0.0,0.0,0.0,1
Urban,3928,0,0,0,0.0,0.0,0.0,1
Urban,3929,0,0,0,0.0,0.0,0.0,1
Urban,3930,0,0,0,0.0,0.0,0.0,1
Urban,3931,0,0,0,0.0,0.0,0.0,1
Urban,3932,0,0,0,0.0,0.0,0.0,1
Urban,3933,0,0,0,0.0,0.0,0.0,1
Urban,3934,0,0,0,0.0,0.0,0.0,1
Urban,3935,0,0,0,0.0,0.0,0.0,1
Urban,3936,0,0,0,0.0,0.0,0.0,1
Urban,3937,0,0,0,0.0,0.0,0.0,1
Urban,3938,0,0,0,0.0,0.0,0.0,1
Urban,3939,0,0,0,0.0,0.0,0.0,1
Urban,3940,0,0,0,0.0,0.0,0.0,1
Urban,3941,0,0,0,0.0,0.0,0.0,1
Urban,3942,0,0,0,0.0,0.0,0.0,1
Urban,3943,0,0,0,0.0,0.0,0.0,1
Urban,3944,0,0,0,0.0,0.0,0.0,1
Urban,3945,0,0,0,0.0,0.0,0.0,1
Urban,3946,0,0,0,0.0,0.0,0.0,1
Urban,3947,0,0,0,0.0,0.0,0.0,1
Urban,3948,0,0,0,0.0,0.0,0.0,1
Urban,3949,0,0,0,0.0,0.0,0.0,1
Urban,3950,0,0,0,0.0,0.0,0.0,1
Urban,3951,0,0,0,0.0,0.0,0.0,1
Urban,3952,0,0,0,0.0,0.0,0.0,1
Urban,3953,0,0,0,0.0,0.0,0.0,1
Urban,3954,0,0,0,0.0,0.0,0.0,1
Urban,3955,0,0,0,0.0,0.0,0.0,1
Urban,3956,0,0,0,0.0,0.0,0.0,1
Urban,3957,0,0,0,0.0,0.0,0.0,1
Urban,3958,0,0,0,0.0,0.0,0.0,1
Urban,3959,0,0,0,0.0,0.0,0.0,1
Urban,3960,0,0,0,0.0,0.0,0.0,1
Urban,3961,0,0,0,0.0,0.0,0.0,1
Urban,3962,0,0,0,0.0,0.0,0.0,1
Urban,3963,0,0,0,0.0,0.0,0.0,1
Urban,3964,0,0,0,0.0,0.0,0.0,1
Urban,3965,0,0,0,0.0,0.0,0.0,1
Urban,3966,0,0,0,0.0,0.0,0.0,1
Urban,3967,0,0,0,0.0,0.0,0.0,1
Urban,3968,0,0,0,0.0,0.0,0.0,1
Urban,3969,0,0,0,0.0,0.0,0.0,1
Urban,3970,0,0,0,0.0,0.0,0.0,1
Urban,3971,0,0,0,0.0,0.0,0.0,1
Urban,3972,0,0,0,0.0,0.0,0.0,1
Urban,3973,0,0,0,0.0,0.0,0.0,1
Urban,3974,0,0,0,0.0,0.0,0.0,1
Urban,3975,0,0,0,0.0,0.0,0.0,1
Urban,3976,0,0,0,0.0,0.0,0.0,1
Urban,3977,0,0,0,0.0,0.0,0.0,1
Urban,3978,0,0,0,0.0,0.0,0.0,1
Urban,3979,0,0,0,0.0,0.0,0.0,1
Urban,3980,0,0,0,0.0,0.0,0.0,1
Urban,3981,0,0,0,0.0,0.0,0.0,1
Urban,3982,0,0,0,0.0,0.0,0.0,1
Urban,3983,0,0,0,0.0,0.0,0.0,1
Urban,3984,0,0,0,0.0,0.0,0.0,1
Urban,3985,0,0,0,0.0,0.0,0.0,1
Urban,3986,0,0,0,0.0,0.0,0.0,1
Urban,3987,0,0,0,0.0,0.0,0.0,1
Urban,3988,0,0,0,0.0,0.0,0.0,1
Urban,3989,0,0,0,0.0,0.0,0.0,1
Urban,3990,0,0,0,0.0,0.0,0.0,1
Urban,3991,0,0,0,0.0,0.0,0.0,1
Urban,3992,0,0,0,0.0,0.0,0.0,1
Urban,3993,0,0,0,0.0,0.0,0.0,1
Urban,3994,0,0,0,0.0,0.0,0.0,1
Urban,3995,0,0,0,0.0,0.0,0.0,1
Urban,3996,0,0,0,0.0,0.0,0.0,1
Urban,3997,0,0,0,0.0,0.0,0.0,1
Urban,3998,0,0,0,0.0,0.0,0.0,1
Urban,3999,0,0,0,0.0,0.0,0.0,1
Urban,4000,0,0,0,0.0,0.0,0.0,1
Urban,4001,0,0,0,0.0,0.0,0.0,1
Urban,4002,0,0,0,0.0,0.0,0.0,1
Urban,4003,0,0,0,0.0,0.0,0.0,1
Urban,4004,0,0,0,0.0,0.0,0.0,1
Urban,4005,0,0,0,0.0,0.0,0.0,1
Urban,4006,0,0,0,0.0,0.0,0.0,1
Urban,4007,0,0,0,0.0,0.0,0.0,1
Urban,4008,0,0,0,0.0,0.0,0.0,1
Urban,4009,0,0,0,0.0,0.0,0.0,1
Urban,4010,0,0,0,0.0,0.0,0.0,1
Urban,4011,0,0,0,0.0,0.0,0.0,1
Urban,4012,0,0,0,0.0,0.0,0.0,1
Urban,4013,0,0,0,0.0,0.0,0.0,1
Urban,4014,0,0,0,0.0,0.0,0.0,1
Urban,4015,0,0,0,0.0,0.0,0.0,1
Urban,4016,0,0,0,0.0,0.0,0.0,1
Urban,4017,0,0,0,0.0,0.0,0.0,1
Urban,4018,0,0,0,0.0,0.0,0.0,1
Urban,4019,0,0,0,0.0,0.0,0.0,1
Urban,4020,0,0,0,0.0,0.0,0.0,1
Urban,4021,0,0,0,0.0,0.0,0.0,1
Urban,4022,0,0,0,0.0,0.0,0.0,1
Urban,4023,0,0,0,0.0,0.0,0.0,1
Urban,4024,0,0,0,0.0,0.0,0.0,1
Urban,4025,0,0,0,0.0,0.0,0.0,1
Urban,4026,0,0,0,0.0,0.0,0.0,1
Urban,4027,0,0,0,0.0,0.0,0.0,1
Urban,4028,0,0,0,0.0,0.0,0.0,1
Urban,4029,0,0,0,0.0,0.0,0.0,1
Urban,4030,0,0,0,0.0,0.0,0.0,1
Urban,4031,0,0,0,0.0,0.0,0.0,1
Urban,4032,0,0,0,0.0,0.0,0.0,1
Urban,4033,0,0,0,0.0,0.0,0.0,1
Urban,4034,0,0,0,0.0,0.0,0.0,1
Urban,4035,0,0,0,0.0,0.0,0.0,1
Urban,4036,0,0,0,0.0,0.0,0.0,1
Urban,4037,0,0,0,0.0,0.0,0.0,1
Urban,4038,0,0,0,0.0,0.0,0.0,1
Urban,4039,0,0,0,0.0,0.0,0.0,1
Urban,4040,0,0,0,0.0,0.0,0.0,1
Urban,4041,0,0,0,0.0,0.0,0.0,1
Urban,4042,0,0,0,0.0,0.0,0.0,1
Urban,4043,0,0,0,0.0,0.0,0.0,1
Urban,4044,0,0,0,0.0,0.0,0.0,1
Urban,4045,0,0,0,0.0,0.0,0.0,1
Urban,4046,0,0,0,0.0,0.0,0.0,1
Urban,4047,0,0,0,0.0,0.0,0.0,1
Urban,4048,0,0,0,0.0,0.0,0.0,1
Urban,4049,0,0,0,0.0,0.0,0.0,1
Urban,4050,0,0,0,0.0,0.0,0.0,1
Urban,4051,0,0,0,0.0,0.0,0.0,1
Urban,4052,0,0,0,0.0,0.0,0.0,1
Urban,4053,0,0,0,0.0,0.0,0.0,1
Urban,4054,0,0,0,0.0,0.0,0.0,1
Urban,4055,0,0,0,0.0,0.0,0.0,1
Urban,4056,0,0,0,0.0,0.0,0.0,1
Urban,4057,0,0,0,0.0,0.0,0.0,1
Urban,4058,0,0,0,0.0,0.0,0.0,1
Urban,4059,0,0,0,0.0,0.0,0.0,1
Urban,4060,0,0,0,0.0,0.0,0.0,1
Urban,4061,0,0,0,0.0,0.0,0.0,1
Urban,4062,0,0,0,0.0,0.0,0.0,1
Urban,4063,0,0,0,0.0,0.0,0.0,1
Urban,4064,0,0,0,0.0,0.0,0.0,1
Urban,4065,0,0,0,0.0,0.0,0.0,1
Urban,4066,0,0,0,0.0,0.0,0.0,1
Urban,4067,0,0,0,0.0,0.0,0.0,1
Urban,4068,0,0,0,0.0,0.0,0.0,1
Urban,4069,0,0,0,0.0,0.0,0.0,1
Urban,4070,0,0,0,0.0,0.0,0.0,1
Urban,4071,0,0,0,0.0,0.0,0.0,1
Urban,4072,0,0,0,0.0,0.0,0.0,1
Urban,4073,0,0,0,0.0,0.0,0.0,1
Urban,4074,0,0,0,0.0,0.0,0.0,1
Urban,4075,0,0,0,0.0,0.0,0.0,1
Urban,4076,0,0,0,0.0,0.0,0.0,1
Urban,4077,0,0,0,0.0,0.0,0.0,1
Urban,4078,0,0,0,0.0,0.0,0.0,1
Urban,4079,0,0,0,0.0,0.0,0.0,1
Urban,4080,0,0,0,0.0,0.0,0.0,1
Urban,4081,0,0,0,0.0,0.0,0.0,1
Urban,4082,0,0,0,0.0,0.0,0.0,1
Urban,4083,0,0,0,0.0,0.0,0.0,1
Urban,4084,0,0,0,0.0,0.0,0.0,1
Urban,4085,0,0,0,0.0,0.0,0.0,1
Urban,4086,0,0,0,0.0,0.0,0.0,1
Urban,4087,0,0,0,0.0,0.0,0.0,1
Urban,4088,0,0,0,0.0,0.0,0.0,1
Urban,4089,0,0,0,0.0,0.0,0.0,1
Urban,4090,0,0,0,0.0,0.0,0.0,1
Urban,4091,0,0,0,0.0,0.0,0.0,1
Urban,4092,0,0,0,0.0,0.0,0.0,1
Urban,4093,0,0,0,0.0,0.0,0.0,1
Urban,4094,0,0,0,0.0,0.0,0.0,1
Urban,4095,0,0,0,0.0,0.0,0.0,1
Urban,4096,0,0,0,0.0,0.0,0.0,1
Urban,4097,0,0,0,0.0,0.0,0.0,1
Urban,4098,0,0,0,0.0,0.0,0.0,1
Urban,4099,0,0,0,0.0,0.0,0.0,1
Urban,4100,0,0,0,0.0,0.0,0.0,1
Urban,4101,0,0,0,0.0,0.0,0.0,1
Urban,4102,0,0,0,0.0,0.0,0.0,1
Urban,4103,0,0,0,0.0,0.0,0.0,1
Urban,4104,0,0,0,0.0,0.0,0.0,1
Urban,4105,0,0,0,0.0,0.0,0.0,1
Urban,4106,0,0,0,0.0,0.0,0.0,1
Urban,4107,0,0,0,0.0,0.0,0.0,1
Urban,4108,0,0,0,0.0,0.0,0.0,1
Urban,4109,0,0,0,0.0,0.0,0.0,1
Urban,4110,0,0,0,0.0,0.0,0.0,1
Urban,4111,0,0,0,0.0,0.0,0.0,1
Urban,4112,0,0,0,0.0,0.0,0.0,1
Urban,4113,0,0,0,0.0,0.0,0.0,1
Urban,4114,0,0,0,0.0,0.0,0.0,1
Urban,4115,0,0,0,0.0,0.0,0.0,1
Urban,4116,0,0,0,0.0,0.0,0.0,1
Urban,4117,0,0,0,0.0,0.0,0.0,1
Urban,4118,0,0,0,0.0,0.0,0.0,1
Urban,4119,0,0,0,0.0,0.0,0.0,1
Urban,4120,0,0,0,0.0,0.0,0.0,1
Urban,4121,0,0,0,0.0,0.0,0.0,1
Urban,4122,0,0,0,0.0,0.0,0.0,1
Urban,4123,0,0,0,0.0,0.0,0.0,1
Urban,4124,0,0,0,0.0,0.0,0.0,1
Urban,4125,0,0,0,0.0,0.0,0.0,1
Urban,4126,0,0,0,0.0,0.0,0.0,1
Urban,4127,0,0,0,0.0,0.0,0.0,1
Urban,4128,0,0,0,0.0,0.0,0.0,1
Urban,4129,0,0,0,0.0,0.0,0.0,1
Urban,4130,0,0,0,0.0,0.0,0.0,1
Urban,4131,0,0,0,0.0,0.0,0.0,1
Urban,4132,0,0,0,0.0,0.0,0.0,1
Urban,4133,0,0,0,0.0,0.0,0.0,1
Urban,4134,0,0,0,0.0,0.0,0.0,1
Urban,4135,0,0,0,0.0,0.0,0.0,1
Urban,4136,0,0,0,0.0,0.0,0.0,1
Urban,4137,0,0,0,0.0,0.0,0.0,1
Urban,4138,0,0,0,0.0,0.0,0.0,1
Urban,4139,0,0,0,0.0,0.0,0.0,1
Urban,4140,0,0,0,0.0,0.0,0.0,1
Urban,4141,0,0,0,0.0,0.0,0.0,1
Urban,4142,0,0,0,0.0,0.0,0.0,1
Urban,4143,0,0,0,0.0,0.0,0.0,1
Urban,4144,0,0,0,0.0,0.0,0.0,1
Urban,4145,0,0,0,0.0,0.0,0.0,1
Urban,4146,0,0,0,0.0,0.0,0.0,1
Urban,4147,0,0,0,0.0,0.0,0.0,1
Urban,4148,0,0,0,0.0,0.0,0.0,1
Urban,4149,0,0,0,0.0,0.0,0.0,1
Urban,4150,0,0,0,0.0,0.0,0.0,1
Urban,4151,0,0,0,0.0,0.0,0.0,1
Urban,4152,0,0,0,0.0,0.0,0.0,1
Urban,4153,0,0,0,0.0,0.0,0.0,1
Urban,4154,0,0,0,0.0,0.0,0.0,1
Urban,4155,0,0,0,0.0,0.0,0.0,1
Urban,4156,0,0,0,0.0,0.0,0.0,1
Urban,4157,0,0,0,0.0,0.0,0.0,1
Urban,4158,0,0,0,0.0,0.0,0.0,1
Urban,4159,0,0,0,0.0,0.0,0.0,1
Urban,4160,0,0,0,0.0,0.0,0.0,1
Urban,4161,0,0,0,0.0,0.0,0.0,1
Urban,4162,0,0,0,0.0,0.0,0.0,1
Urban,4163,0,0,0,0.0,0.0,0.0,1
Urban,4164,0,0,0,0.0,0.0,0.0,1
Urban,4165,0,0,0,0.0,0.0,0.0,1
Urban,4166,0,0,0,0.0,0.0,0.0,1
Urban,4167,0,0,0,0.0,0.0,0.0,1
Urban,4168,0,0,0,0.0,0.0,0.0,1
Urban,4169,0,0,0,0.0,0.0,0.0,1
Urban,4170,0,0,0,0.0,0.0,0.0,1
Urban,4171,0,0,0,0.0,0.0,0.0,1
Urban,4172,0,0,0,0.0,0.0,0.0,1
Urban,4173,0,0,0,0.0,0.0,0.0,1
Urban,4174,0,0,0,0.0,0.0,0.0,1
Urban,4175,0,0,0,0.0,0.0,0.0,1
Urban,4176,0,0,0,0.0,0.0,0.0,1
Urban,4177,0,0,0,0.0,0.0,0.0,1
Urban,4178,0,0,0,0.0,0.0,0.0,1
Urban,4179,0,0,0,0.0,0.0,0.0,1
Urban,4180,0,0,0,0.0,0.0,0.0,1
Urban,4181,0,0,0,0.0,0.0,0.0,1
Urban,4182,0,0,0,0.0,0.0,0.0,1
Urban,4183,0,0,0,0.0,0.0,0.0,1
Urban,4184,0,0,0,0.0,0.0,0.0,1
Urban,4185,0,0,0,0.0,0.0,0.0,1
Urban,4186,0,0,0,0.0,0.0,0.0,1
Urban,4187,0,0,0,0.0,0.0,0.0,1
Urban,4188,0,0,0,0.0,0.0,0.0,1
Urban,4189,0,0,0,0.0,0.0,0.0,1
Urban,4190,0,0,0,0.0,0.0,0.0,1
Urban,4191,0,0,0,0.0,0.0,0.0,1
Urban,4192,0,0,0,0.0,0.0,0.0,1
Urban,4193,0,0,0,0.0,0.0,0.0,1
Urban,4194,0,0,0,0.0,0.0,0.0,1
Urban,4195,0,0,0,0.0,0.0,0.0,1
Urban,4196,0,0,0,0.0,0.0,0.0,1
Urban,4197,0,0,0,0.0,0.0,0.0,1
Urban,4198,0,0,0,0.0,0.0,0.0,1
Urban,4199,0,0,0,0.0,0.0,0.0,1
Urban,4200,0,0,0,0.0,0.0,0.0,1
Urban,4201,0,0,0,0.0,0.0,0.0,1
Urban,4202,0,0,0,0.0,0.0,0.0,1
Urban,4203,0,0,0,0.0,0.0,0.0,1
Urban,4204,0,0,0,0.0,0.0,0.0,1
Urban,4205,0,0,0,0.0,0.0,0.0,1
Urban,4206,0,0,0,0.0,0.0,0.0,1
Urban,4207,0,0,0,0.0,0.0,0.0,1
Urban,4208,0,0,0,0.0,0.0,0.0,1
Urban,4209,0,0,0,0.0,0.0,0.0,1
Urban,4210,0,0,0,0.0,0.0,0.0,1
Urban,4211,0,0,0,0.0,0.0,0.0,1
Urban,4212,0,0,0,0.0,0.0,0.0,1
Urban,4213,0,0,0,0.0,0.0,0.0,1
Urban,4214,0,0,0,0.0,0.0,0.0,1
Urban,4215,0,0,0,0.0,0.0,0.0,1
Urban,4216,0,0,0,0.0,0.0,0.0,1
Urban,4217,0,0,0,0.0,0.0,0.0,1
Urban,4218,0,0,0,0.0,0.0,0.0,1
Urban,4219,0,0,0,0.0,0.0,0.0,1
Urban,4220,0,0,0,0.0,0.0,0.0,1
Urban,4221,0,0,0,0.0,0.0,0.0,1
Urban,4222,0,0,0,0.0,0.0,0.0,1
Urban,4223,0,0,0,0.0,0.0,0.0,1
Urban,4224,0,0,0,0.0,0.0,0.0,1
Urban,4225,0,0,0,0.0,0.0,0.0,1
Urban,4226,0,0,0,0.0,0.0,0.0,1
Urban,4227,0,0,0,0.0,0.0,0.0,1
Urban,4228,0,0,0,0.0,0.0,0.0,1
Urban,4229,0,0,0,0.0,0.0,0.0,1
Urban,4230,0,0,0,0.0,0.0,0.0,1
Urban,4231,0,0,0,0.0,0.0,0.0,1
Urban,4232,0,0,0,0.0,0.0,0.0,1
Urban,4233,0,0,0,0.0,0.0,0.0,1
Urban,4234,0,0,0,0.0,0.0,0.0,1
Urban,4235,0,0,0,0.0,0.0,0.0,1
Urban,4236,0,0,0,0.0,0.0,0.0,1
Urban,4237,0,0,0,0.0,0.0,0.0,1
Urban,4238,0,0,0,0.0,0.0,0.0,1
Urban,4239,0,0,0,0.0,0.0,0.0,1
Urban,4240,0,0,0,0.0,0.0,0.0,1
Urban,4241,0,0,0,0.0,0.0,0.0,1
Urban,4242,0,0,0,0.0,0.0,0.0,1
Urban,4243,0,0,0,0.0,0.0,0.0,1
Urban,4244,0,0,0,0.0,0.0,0.0,1
Urban,4245,0,0,0,0.0,0.0,0.0,1
Urban,4246,0,0,0,0.0,0.0,0.0,1
Urban,4247,0,0,0,0.0,0.0,0.0,1
Urban,4248,0,0,0,0.0,0.0,0.0,1
Urban,4249,0,0,0,0.0,0.0,0.0,1
Urban,4250,0,0,0,0.0,0.0,0.0,1
Urban,4251,0,0,0,0.0,0.0,0.0,1
Urban,4252,0,0,0,0.0,0.0,0.0,1
Urban,4253,0,0,0,0.0,0.0,0.0,1
Urban,4254,0,0,0,0.0,0.0,0.0,1
Urban,4255,0,0,0,0.0,0.0,0.0,1
Urban,4256,0,0,0,0.0,0.0,0.0,1
Urban,4257,0,0,0,0.0,0.0,0.0,1
Urban,4258,0,0,0,0.0,0.0,0.0,1
Urban,4259,0,0,0,0.0,0.0,0.0,1
Urban,4260,0,0,0,0.0,0.0,0.0,1
Urban,4261,0,0,0,0.0,0.0,0.0,1
Urban,4262,0,0,0,0.0,0.0,0.0,1
Urban,4263,0,0,0,0.0,0.0,0.0,1
Urban,4264,0,0,0,0.0,0.0,0.0,1
Urban,4265,0,0,0,0.0,0.0,0.0,1
Urban,4266,0,0,0,0.0,0.0,0.0,1
Urban,4267,0,0,0,0.0,0.0,0.0,1
Urban,4268,0,0,0,0.0,0.0,0.0,1
Urban,4269,0,0,0,0.0,0.0,0.0,1
Urban,4270,0,0,0,0.0,0.0,0.0,1
Urban,4271,0,0,0,0.0,0.0,0.0,1
Urban,4272,0,0,0,0.0,0.0,0.0,1
Urban,4273,0,0,0,0.0,0.0,0.0,1
Urban,4274,0,0,0,0.0,0.0,0.0,1
Urban,4275,0,0,0,0.0,0.0,0.0,1
Urban,4276,0,0,0,0.0,0.0,0.0,1
Urban,4277,0,0,0,0.0,0.0,0.0,1
Urban,4278,0,0,0,0.0,0.0,0.0,1
Urban,4279,0,0,0,0.0,0.0,0.0,1
Urban,4280,0,0,0,0.0,0.0,0.0,1
Urban,4281,0,0,0,0.0,0.0,0.0,1
Urban,4282,0,0,0,0.0,0.0,0.0,1
Urban,4283,0,0,0,0.0,0.0,0.0,1
Urban,4284,0,0,0,0.0,0.0,0.0,1
Urban,4285,0,0,0,0.0,0.0,0.0,1
Urban,4286,0,0,0,0.0,0.0,0.0,1
Urban,4287,0,0,0,0.0,0.0,0.0,1
Urban,4288,0,0,0,0.0,0.0,0.0,1
Urban,4289,0,0,0,0.0,0.0,0.0,1
Urban,4290,0,0,0,0.0,0.0,0.0,1
Urban,4291,0,0,0,0.0,0.0,0.0,1
Urban,4292,0,0,0,0.0,0.0,0.0,1
Urban,4293,0,0,0,0.0,0.0,0.0,1
Urban,4294,0,0,0,0.0,0.0,0.0,1
Urban,4295,0,0,0,0.0,0.0,0.0,1
Urban,4296,0,0,0,0.0,0.0,0.0,1
Urban,4297,0,0,0,0.0,0.0,0.0,1
Urban,4298,0,0,0,0.0,0.0,0.0,1
Urban,4299,0,0,0,0.0,0.0,0.0,1
Urban,4300,0,0,0,0.0,0.0,0.0,1
Urban,4301,0,0,0,0.0,0.0,0.0,1
Urban,4302,0,0,0,0.0,0.0,0.0,1
Urban,4303,0,0,0,0.0,0.0,0.0,1
Urban,4304,0,0,0,0.0,0.0,0.0,1
Urban,4305,0,0,0,0.0,0.0,0.0,1
Urban,4306,0,0,0,0.0,0.0,0.0,1
Urban,4307,0,0,0,0.0,0.0,0.0,1
Urban,4308,0,0,0,0.0,0.0,0.0,1
Urban,4309,0,0,0,0.0,0.0,0.0,1
Urban,4310,0,0,0,0.0,0.0,0.0,1
Urban,4311,0,0,0,0.0,0.0,0.0,1
Urban,4312,0,0,0,0.0,0.0,0.0,1
Urban,4313,0,0,0,0.0,0.0,0.0,1
Urban,4314,0,0,0,0.0,0.0,0.0,1
Urban,4315,0,0,0,0.0,0.0,0.0,1
Urban,4316,0,0,0,0.0,0.0,0.0,1
Urban,4317,0,0,0,0.0,0.0,0.0,1
Urban,4318,0,0,0,0.0,0.0,0.0,1
Urban,4319,0,0,0,0.0,0.0,0.0,1
Urban,4320,0,0,0,0.0,0.0,0.0,1
Urban,4321,0,0,0,0.0,0.0,0.0,1
Urban,4322,0,0,0,0.0,0.0,0.0,1
Urban,4323,0,0,0,0.0,0.0,0.0,1
Urban,4324,0,0,0,0.0,0.0,0.0,1
Urban,4325,0,0,0,0.0,0.0,0.0,1
Urban,4326,0,0,0,0.0,0.0,0.0,1
Urban,4327,0,0,0,0.0,0.0,0.0,1
Urban,4328,0,0,0,0.0,0.0,0.0,1
Urban,4329,0,0,0,0.0,0.0,0.0,1
Urban,4330,0,0,0,0.0,0.0,0.0,1
Urban,4331,0,0,0,0.0,0.0,0.0,1
Urban,4332,0,0,0,0.0,0.0,0.0,1
Urban,4333,0,0,0,0.0,0.0,0.0,1
Urban,4334,0,0,0,0.0,0.0,0.0,1
Urban,4335,0,0,0,0.0,0.0,0.0,1
Urban,4336,0,0,0,0.0,0.0,0.0,1
Urban,4337,0,0,0,0.0,0.0,0.0,1
Urban,4338,0,0,0,0.0,0.0,0.0,1
Urban,4339,0,0,0,0.0,0.0,0.0,1
Urban,4340,0,0,0,0.0,0.0,0.0,1
Urban,4341,0,0,0,0.0,0.0,0.0,1
Urban,4342,0,0,0,0.0,0.0,0.0,1
Urban,4343,0,0,0,0.0,0.0,0.0,1
Urban,4344,0,0,0,0.0,0.0,0.0,1
Urban,4345,0,0,0,0.0,0.0,0.0,1
Urban,4346,0,0,0,0.0,0.0,0.0,1
Urban,4347,0,0,0,0.0,0.0,0.0,1
Urban,4348,0,0,0,0.0,0.0,0.0,1
Urban,4349,0,0,0,0.0,0.0,0.0,1
Urban,4350,0,0,0,0.0,0.0,0.0,1
Urban,4351,0,0,0,0.0,0.0,0.0,1
Urban,4352,0,0,0,0.0,0.0,0.0,1
Urban,4353,0,0,0,0.0,0.0,0.0,1
Urban,4354,0,0,0,0.0,0.0,0.0,1
Urban,4355,0,0,0,0.0,0.0,0.0,1
Urban,4356,0,0,0,0.0,0.0,0.0,1
Urban,4357,0,0,0,0.0,0.0,0.0,1
Urban,4358,0,0,0,0.0,0.0,0.0,1
Urban,4359,0,0,0,0.0,0.0,0.0,1
Urban,4360,0,0,0,0.0,0.0,0.0,1
Urban,4361,0,0,0,0.0,0.0,0.0,1
Urban,4362,0,0,0,0.0,0.0,0.0,1
Urban,4363,0,0,0,0.0,0.0,0.0,1
Urban,4364,0,0,0,0.0,0.0,0.0,1
Urban,4365,0,0,0,0.0,0.0,0.0,1
Urban,4366,0,0,0,0.0,0.0,0.0,1
Urban,4367,0,0,0,0.0,0.0,0.0,1
Urban,4368,0,0,0,0.0,0.0,0.0,1
Urban,4369,0,0,0,0.0,0.0,0.0,1
Urban,4370,0,0,0,0.0,0.0,0.0,1
Urban,4371,0,0,0,0.0,0.0,0.0,1
Urban,4372,0,0,0,0.0,0.0,0.0,1
Urban,4373,0,0,0,0.0,0.0,0.0,1
Urban,4374,0,0,0,0.0,0.0,0.0,1
Urban,4375,0,0,0,0.0,0.0,0.0,1
Urban,4376,0,0,0,0.0,0.0,0.0,1
Urban,4377,0,0,0,0.0,0.0,0.0,1
Urban,4378,0,0,0,0.0,0.0,0.0,1
Urban,4379,0,0,0,0.0,0.0,0.0,1
Urban,4380,0,0,0,0.0,0.0,0.0,1
Urban,4381,0,0,0,0.0,0.0,0.0,1
Urban,4382,0,0,0,0.0,0.0,0.0,1
Urban,4383,0,0,0,0.0,0.0,0.0,1
Urban,4384,0,0,0,0.0,0.0,0.0,1
Urban,4385,0,0,0,0.0,0.0,0.0,1
Urban,4386,0,0,0,0.0,0.0,0.0,1
Urban,4387,0,0,0,0.0,0.0,0.0,1
Urban,4388,0,0,0,0.0,0.0,0.0,1
Urban,4389,0,0,0,0.0,0.0,0.0,1
Urban,4390,0,0,0,0.0,0.0,0.0,1
Urban,4391,0,0,0,0.0,0.0,0.0,1
Urban,4392,0,0,0,0.0,0.0,0.0,1
Urban,4393,0,0,0,0.0,0.0,0.0,1
Urban,4394,0,0,0,0.0,0.0,0.0,1
Urban,4395,0,0,0,0.0,0.0,0.0,1
Urban,4396,0,0,0,0.0,0.0,0.0,1
Urban,4397,0,0,0,0.0,0.0,0.0,1
Urban,4398,0,0,0,0.0,0.0,0.0,1
Urban,4399,0,0,0,0.0,0.0,0.0,1
Urban,4400,0,0,0,0.0,0.0,0.0,1
Urban,4401,0,0,0,0.0,0.0,0.0,1
Urban,4402,0,0,0,0.0,0.0,0.0,1
Urban,4403,0,0,0,0.0,0.0,0.0,1
Urban,4404,0,0,0,0.0,0.0,0.0,1
Urban,4405,0,0,0,0.0,0.0,0.0,1
Urban,4406,0,0,0,0.0,0.0,0.0,1
Urban,4407,0,0,0,0.0,0.0,0.0,1
Urban,4408,0,0,0,0.0,0.0,0.0,1
Urban,4409,0,0,0,0.0,0.0,0.0,1
Urban,4410,0,0,0,0.0,0.0,0.0,1
Urban,4411,0,0,0,0.0,0.0,0.0,1
Urban,4412,0,0,0,0.0,0.0,0.0,1
Urban,4413,0,0,0,0.0,0.0,0.0,1
Urban,4414,0,0,0,0.0,0.0,0.0,1
Urban,4415,0,0,0,0.0,0.0,0.0,1
Urban,4416,0,0,0,0.0,0.0,0.0,1
Urban,4417,0,0,0,0.0,0.0,0.0,1
Urban,4418,0,0,0,0.0,0.0,0.0,1
Urban,4419,0,0,0,0.0,0.0,0.0,1
Urban,4420,0,0,0,0.0,0.0,0.0,1
Urban,4421,0,0,0,0.0,0.0,0.0,1
Urban,4422,0,0,0,0.0,0.0,0.0,1
Urban,4423,0,0,0,0.0,0.0,0.0,1
Urban,4424,0,0,0,0.0,0.0,0.0,1
Urban,4425,0,0,0,0.0,0.0,0.0,1
Urban,4426,0,0,0,0.0,0.0,0.0,1
Urban,4427,0,0,0,0.0,0.0,0.0,1
Urban,4428,0,0,0,0.0,0.0,0.0,1
Urban,4429,0,0,0,0.0,0.0,0.0,1
Urban,4430,0,0,0,0.0,0.0,0.0,1
Urban,4431,0,0,0,0.0,0.0,0.0,1
Urban,4432,0,0,0,0.0,0.0,0.0,1
Urban,4433,0,0,0,0.0,0.0,0.0,1
Urban,4434,0,0,0,0.0,0.0,0.0,1
Urban,4435,0,0,0,0.0,0.0,0.0,1
Urban,4436,0,0,0,0.0,0.0,0.0,1
Urban,4437,0,0,0,0.0,0.0,0.0,1
Urban,4438,0,0,0,0.0,0.0,0.0,1
Urban,4439,0,0,0,0.0,0.0,0.0,1
Urban,4440,0,0,0,0.0,0.0,0.0,1
Urban,4441,0,0,0,0.0,0.0,0.0,1
Urban,4442,0,0,0,0.0,0.0,0.0,1
Urban,4443,0,0,0,0.0,0.0,0.0,1
Urban,4444,0,0,0,0.0,0.0,0.0,1
Urban,4445,0,0,0,0.0,0.0,0.0,1
Urban,4446,0,0,0,0.0,0.0,0.0,1
Urban,4447,0,0,0,0.0,0.0,0.0,1
Urban,4448,0,0,0,0.0,0.0,0.0,1
Urban,4449,0,0,0,0.0,0.0,0.0,1
Urban,4450,0,0,0,0.0,0.0,0.0,1
Urban,4451,0,0,0,0.0,0.0,0.0,1
Urban,4452,0,0,0,0.0,0.0,0.0,1
Urban,4453,0,0,0,0.0,0.0,0.0,1
Urban,4454,0,0,0,0.0,0.0,0.0,1
Urban,4455,0,0,0,0.0,0.0,0.0,1
Urban,4456,0,0,0,0.0,0.0,0.0,1
Urban,4457,0,0,0,0.0,0.0,0.0,1
Urban,4458,0,0,0,0.0,0.0,0.0,1
Urban,4459,0,0,0,0.0,0.0,0.0,1
Urban,4460,0,0,0,0.0,0.0,0.0,1
Urban,4461,0,0,0,0.0,0.0,0.0,1
Urban,4462,0,0,0,0.0,0.0,0.0,1
Urban,4463,0,0,0,0.0,0.0,0.0,1
Urban,4464,0,0,0,0.0,0.0,0.0,1
Urban,4465,0,0,0,0.0,0.0,0.0,1
Urban,4466,0,0,0,0.0,0.0,0.0,1
Urban,4467,0,0,0,0.0,0.0,0.0,1
Urban,4468,0,0,0,0.0,0.0,0.0,1
Urban,4469,0,0,0,0.0,0.0,0.0,1
Urban,4470,0,0,0,0.0,0.0,0.0,1
Urban,4471,0,0,0,0.0,0.0,0.0,1
Urban,4472,0,0,0,0.0,0.0,0.0,1
Urban,4473,0,0,0,0.0,0.0,0.0,1
Urban,4474,0,0,0,0.0,0.0,0.0,1
Urban,4475,0,0,0,0.0,0.0,0.0,1
Urban,4476,0,0,0,0.0,0.0,0.0,1
Urban,4477,0,0,0,0.0,0.0,0.0,1
Urban,4478,0,0,0,0.0,0.0,0.0,1
Urban,4479,0,0,0,0.0,0.0,0.0,1
Urban,4480,0,0,0,0.0,0.0,0.0,1
Urban,4481,0,0,0,0.0,0.0,0.0,1
Urban,4482,0,0,0,0.0,0.0,0.0,1
Urban,4483,0,0,0,0.0,0.0,0.0,1
Urban,4484,0,0,0,0.0,0.0,0.0,1
Urban,4485,0,0,0,0.0,0.0,0.0,1
Urban,4486,0,0,0,0.0,0.0,0.0,1
Urban,4487,0,0,0,0.0,0.0,0.0,1
Urban,4488,0,0,0,0.0,0.0,0.0,1
Urban,4489,0,0,0,0.0,0.0,0.0,1
Urban,4490,0,0,0,0.0,0.0,0.0,1
Urban,4491,0,0,0,0.0,0.0,0.0,1
Urban,4492,0,0,0,0.0,0.0,0.0,1
Urban,4493,0,0,0,0.0,0.0,0.0,1
Urban,4494,0,0,0,0.0,0.0,0.0,1
Urban,4495,0,0,0,0.0,0.0,0.0,1
Urban,4496,0,0,0,0.0,0.0,0.0,1
Urban,4497,0,0,0,0.0,0.0,0.0,1
Urban,4498,0,0,0,0.0,0.0,0.0,1
Urban,4499,0,0,0,0.0,0.0,0.0,1
Urban,4500,0,0,0,0.0,0.0,0.0,1
Urban,4501,0,0,0,0.0,0.0,0.0,1
Urban,4502,0,0,0,0.0,0.0,0.0,1
Urban,4503,0,0,0,0.0,0.0,0.0,1
Urban,4504,0,0,0,0.0,0.0,0.0,1
Urban,4505,0,0,0,0.0,0.0,0.0,1
Urban,4506,0,0,0,0.0,0.0,0.0,1
Urban,4507,0,0,0,0.0,0.0,0.0,1
Urban,4508,0,0,0,0.0,0.0,0.0,1
Urban,4509,0,0,0,0.0,0.0,0.0,1
Urban,4510,0,0,0,0.0,0.0,0.0,1
Urban,4511,0,0,0,0.0,0.0,0.0,1
Urban,4512,0,0,0,0.0,0.0,0.0,1
Urban,4513,0,0,0,0.0,0.0,0.0,1
Urban,4514,0,0,0,0.0,0.0,0.0,1
Urban,4515,0,0,0,0.0,0.0,0.0,1
Urban,4516,0,0,0,0.0,0.0,0.0,1
Urban,4517,0,0,0,0.0,0.0,0.0,1
Urban,4518,0,0,0,0.0,0.0,0.0,1
Urban,4519,0,0,0,0.0,0.0,0.0,1
Urban,4520,0,0,0,0.0,0.0,0.0,1
Urban,4521,0,0,0,0.0,0.0,0.0,1
Urban,4522,0,0,0,0.0,0.0,0.0,1
Urban,4523,0,0,0,0.0,0.0,0.0,1
Urban,4524,0,0,0,0.0,0.0,0.0,1
Urban,4525,0,0,0,0.0,0.0,0.0,1
Urban,4526,0,0,0,0.0,0.0,0.0,1
Urban,4527,0,0,0,0.0,0.0,0.0,1
Urban,4528,0,0,0,0.0,0.0,0.0,1
Urban,4529,0,0,0,0.0,0.0,0.0,1
Urban,4530,0,0,0,0.0,0.0,0.0,1
Urban,4531,0,0,0,0.0,0.0,0.0,1
Urban,4532,0,0,0,0.0,0.0,0.0,1
Urban,4533,0,0,0,0.0,0.0,0.0,1
Urban,4534,0,0,0,0.0,0.0,0.0,1
Urban,4535,0,0,0,0.0,0.0,0.0,1
Urban,4536,0,0,0,0.0,0.0,0.0,1
Urban,4537,0,0,0,0.0,0.0,0.0,1
Urban,4538,0,0,0,0.0,0.0,0.0,1
Urban,4539,0,0,0,0.0,0.0,0.0,1
Urban,4540,0,0,0,0.0,0.0,0.0,1
Urban,4541,0,0,0,0.0,0.0,0.0,1
Urban,4542,0,0,0,0.0,0.0,0.0,1
Urban,4543,0,0,0,0.0,0.0,0.0,1
Urban,4544,0,0,0,0.0,0.0,0.0,1
Urban,4545,0,0,0,0.0,0.0,0.0,1
Urban,4546,0,0,0,0.0,0.0,0.0,1
Urban,4547,0,0,0,0.0,0.0,0.0,1
Urban,4548,0,0,0,0.0,0.0,0.0,1
Urban,4549,0,0,0,0.0,0.0,0.0,1
Urban,4550,0,0,0,0.0,0.0,0.0,1
Urban,4551,0,0,0,0.0,0.0,0.0,1
Urban,4552,0,0,0,0.0,0.0,0.0,1
Urban,4553,0,0,0,0.0,0.0,0.0,1
Urban,4554,0,0,0,0.0,0.0,0.0,1
Urban,4555,0,0,0,0.0,0.0,0.0,1
Urban,4556,0,0,0,0.0,0.0,0.0,1
Urban,4557,0,0,0,0.0,0.0,0.0,1
Urban,4558,0,0,0,0.0,0.0,0.0,1
Urban,4559,0,0,0,0.0,0.0,0.0,1
Urban,4560,0,0,0,0.0,0.0,0.0,1
Urban,4561,0,0,0,0.0,0.0,0.0,1
Urban,4562,0,0,0,0.0,0.0,0.0,1
Urban,4563,0,0,0,0.0,0.0,0.0,1
Urban,4564,0,0,0,0.0,0.0,0.0,1
Urban,4565,0,0,0,0.0,0.0,0.0,1
Urban,4566,0,0,0,0.0,0.0,0.0,1
Urban,4567,0,0,0,0.0,0.0,0.0,1
Urban,4568,0,0,0,0.0,0.0,0.0,1
Urban,4569,0,0,0,0.0,0.0,0.0,1
Urban,4570,0,0,0,0.0,0.0,0.0,1
Urban,4571,0,0,0,0.0,0.0,0.0,1
Urban,4572,0,0,0,0.0,0.0,0.0,1
Urban,4573,0,0,0,0.0,0.0,0.0,1
Urban,4574,0,0,0,0.0,0.0,0.0,1
Urban,4575,0,0,0,0.0,0.0,0.0,1
Urban,4576,0,0,0,0.0,0.0,0.0,1
Urban,4577,0,0,0,0.0,0.0,0.0,1
Urban,4578,0,0,0,0.0,0.0,0.0,1
Urban,4579,0,0,0,0.0,0.0,0.0,1
Urban,4580,0,0,0,0.0,0.0,0.0,1
Urban,4581,0,0,0,0.0,0.0,0.0,1
Urban,4582,0,0,0,0.0,0.0,0.0,1
Urban,4583,0,0,0,0.0,0.0,0.0,1
Urban,4584,0,0,0,0.0,0.0,0.0,1
Urban,4585,0,0,0,0.0,0.0,0.0,1
Urban,4586,0,0,0,0.0,0.0,0.0,1
Urban,4587,0,0,0,0.0,0.0,0.0,1
Urban,4588,0,0,0,0.0,0.0,0.0,1
Urban,4589,0,0,0,0.0,0.0,0.0,1
Urban,4590,0,0,0,0.0,0.0,0.0,1
Urban,4591,0,0,0,0.0,0.0,0.0,1
Urban,4592,0,0,0,0.0,0.0,0.0,1
Urban,4593,0,0,0,0.0,0.0,0.0,1
Urban,4594,0,0,0,0.0,0.0,0.0,1
Urban,4595,0,0,0,0.0,0.0,0.0,1
Urban,4596,0,0,0,0.0,0.0,0.0,1
Urban,4597,0,0,0,0.0,0.0,0.0,1
Urban,4598,0,0,0,0.0,0.0,0.0,1
Urban,4599,0,0,0,0.0,0.0,0.0,1
Urban,4600,0,0,0,0.0,0.0,0.0,1
Urban,4601,0,0,0,0.0,0.0,0.0,1
Urban,4602,0,0,0,0.0,0.0,0.0,1
Urban,4603,0,0,0,0.0,0.0,0.0,1
Urban,4604,0,0,0,0.0,0.0,0.0,1
Urban,4605,0,0,0,0.0,0.0,0.0,1
Urban,4606,0,0,0,0.0,0.0,0.0,1
Urban,4607,0,0,0,0.0,0.0,0.0,1
Urban,4608,0,0,0,0.0,0.0,0.0,1
Urban,4609,0,0,0,0.0,0.0,0.0,1
Urban,4610,0,0,0,0.0,0.0,0.0,1
Urban,4611,0,0,0,0.0,0.0,0.0,1
Urban,4612,0,0,0,0.0,0.0,0.0,1
Urban,4613,0,0,0,0.0,0.0,0.0,1
Urban,4614,0,0,0,0.0,0.0,0.0,1
Urban,4615,0,0,0,0.0,0.0,0.0,1
Urban,4616,0,0,0,0.0,0.0,0.0,1
Urban,4617,0,0,0,0.0,0.0,0.0,1
Urban,4618,0,0,0,0.0,0.0,0.0,1
Urban,4619,0,0,0,0.0,0.0,0.0,1
Urban,4620,0,0,0,0.0,0.0,0.0,1
Urban,4621,0,0,0,0.0,0.0,0.0,1
Urban,4622,0,0,0,0.0,0.0,0.0,1
Urban,4623,0,0,0,0.0,0.0,0.0,1
Urban,4624,0,0,0,0.0,0.0,0.0,1
Urban,4625,0,0,0,0.0,0.0,0.0,1
Urban,4626,0,0,0,0.0,0.0,0.0,1
Urban,4627,0,0,0,0.0,0.0,0.0,1
Urban,4628,0,0,0,0.0,0.0,0.0,1
Urban,4629,0,0,0,0.0,0.0,0.0,1
Urban,4630,0,0,0,0.0,0.0,0.0,1
Urban,4631,0,0,0,0.0,0.0,0.0,1
Urban,4632,0,0,0,0.0,0.0,0.0,1
Urban,4633,0,0,0,0.0,0.0,0.0,1
Urban,4634,0,0,0,0.0,0.0,0.0,1
Urban,4635,0,0,0,0.0,0.0,0.0,1
Urban,4636,0,0,0,0.0,0.0,0.0,1
Urban,4637,0,0,0,0.0,0.0,0.0,1
Urban,4638,0,0,0,0.0,0.0,0.0,1
Urban,4639,0,0,0,0.0,0.0,0.0,1
Urban,4640,0,0,0,0.0,0.0,0.0,1
Urban,4641,0,0,0,0.0,0.0,0.0,1
Urban,4642,0,0,0,0.0,0.0,0.0,1
Urban,4643,0,0,0,0.0,0.0,0.0,1
Urban,4644,0,0,0,0.0,0.0,0.0,1
Urban,4645,0,0,0,0.0,0.0,0.0,1
Urban,4646,0,0,0,0.0,0.0,0.0,1
Urban,4647,0,0,0,0.0,0.0,0.0,1
Urban,4648,0,0,0,0.0,0.0,0.0,1
Urban,4649,0,0,0,0.0,0.0,0.0,1
Urban,4650,0,0,0,0.0,0.0,0.0,1
Urban,4651,0,0,0,0.0,0.0,0.0,1
Urban,4652,0,0,0,0.0,0.0,0.0,1
Urban,4653,0,0,0,0.0,0.0,0.0,1
Urban,4654,0,0,0,0.0,0.0,0.0,1
Urban,4655,0,0,0,0.0,0.0,0.0,1
Urban,4656,0,0,0,0.0,0.0,0.0,1
Urban,4657,0,0,0,0.0,0.0,0.0,1
Urban,4658,0,0,0,0.0,0.0,0.0,1
Urban,4659,0,0,0,0.0,0.0,0.0,1
Urban,4660,0,0,0,0.0,0.0,0.0,1
Urban,4661,0,0,0,0.0,0.0,0.0,1
Urban,4662,0,0,0,0.0,0.0,0.0,1
Urban,4663,0,0,0,0.0,0.0,0.0,1
Urban,4664,0,0,0,0.0,0.0,0.0,1
Urban,4665,0,0,0,0.0,0.0,0.0,1
Urban,4666,0,0,0,0.0,0.0,0.0,1
Urban,4667,0,0,0,0.0,0.0,0.0,1
Urban,4668,0,0,0,0.0,0.0,0.0,1
Urban,4669,0,0,0,0.0,0.0,0.0,1
Urban,4670,0,0,0,0.0,0.0,0.0,1
Urban,4671,0,0,0,0.0,0.0,0.0,1
Urban,4672,0,0,0,0.0,0.0,0.0,1
Urban,4673,0,0,0,0.0,0.0,0.0,1
Urban,4674,0,0,0,0.0,0.0,0.0,1
Urban,4675,0,0,0,0.0,0.0,0.0,1
Urban,4676,0,0,0,0.0,0.0,0.0,1
Urban,4677,0,0,0,0.0,0.0,0.0,1
Urban,4678,0,0,0,0.0,0.0,0.0,1
Urban,4679,0,0,0,0.0,0.0,0.0,1
Urban,4680,0,0,0,0.0,0.0,0.0,1
Urban,4681,0,0,0,0.0,0.0,0.0,1
Urban,4682,0,0,0,0.0,0.0,0.0,1
Urban,4683,0,0,0,0.0,0.0,0.0,1
Urban,4684,0,0,0,0.0,0.0,0.0,1
Urban,4685,0,0,0,0.0,0.0,0.0,1
Urban,4686,0,0,0,0.0,0.0,0.0,1
Urban,4687,0,0,0,0.0,0.0,0.0,1
Urban,4688,0,0,0,0.0,0.0,0.0,1
Urban,4689,0,0,0,0.0,0.0,0.0,1
Urban,4690,0,0,0,0.0,0.0,0.0,1
Urban,4691,0,0,0,0.0,0.0,0.0,1
Urban,4692,0,0,0,0.0,0.0,0.0,1
Urban,4693,0,0,0,0.0,0.0,0.0,1
Urban,4694,0,0,0,0.0,0.0,0.0,1
Urban,4695,0,0,0,0.0,0.0,0.0,1
Urban,4696,0,0,0,0.0,0.0,0.0,1
Urban,4697,0,0,0,0.0,0.0,0.0,1
Urban,4698,0,0,0,0.0,0.0,0.0,1
Urban,4699,0,0,0,0.0,0.0,0.0,1
Urban,4700,0,0,0,0.0,0.0,0.0,1
Urban,4701,0,0,0,0.0,0.0,0.0,1
Urban,4702,0,0,0,0.0,0.0,0.0,1
Urban,4703,0,0,0,0.0,0.0,0.0,1
Urban,4704,0,0,0,0.0,0.0,0.0,1
Urban,4705,0,0,0,0.0,0.0,0.0,1
Urban,4706,0,0,0,0.0,0.0,0.0,1
Urban,4707,0,0,0,0.0,0.0,0.0,1
Urban,4708,0,0,0,0.0,0.0,0.0,1
Urban,4709,0,0,0,0.0,0.0,0.0,1
Urban,4710,0,0,0,0.0,0.0,0.0,1
Urban,4711,0,0,0,0.0,0.0,0.0,1
Urban,4712,0,0,0,0.0,0.0,0.0,1
Urban,4713,0,0,0,0.0,0.0,0.0,1
Urban,4714,0,0,0,0.0,0.0,0.0,1
Urban,4715,0,0,0,0.0,0.0,0.0,1
Urban,4716,0,0,0,0.0,0.0,0.0,1
Urban,4717,0,0,0,0.0,0.0,0.0,1
Urban,4718,0,0,0,0.0,0.0,0.0,1
Urban,4719,0,0,0,0.0,0.0,0.0,1
Urban,4720,0,0,0,0.0,0.0,0.0,1
Urban,4721,0,0,0,0.0,0.0,0.0,1
Urban,4722,0,0,0,0.0,0.0,0.0,1
Urban,4723,0,0,0,0.0,0.0,0.0,1
Urban,4724,0,0,0,0.0,0.0,0.0,1
Urban,4725,0,0,0,0.0,0.0,0.0,1
Urban,4726,0,0,0,0.0,0.0,0.0,1
Urban,4727,0,0,0,0.0,0.0,0.0,1
Urban,4728,0,0,0,0.0,0.0,0.0,1
Urban,4729,0,0,0,0.0,0.0,0.0,1
Urban,4730,0,0,0,0.0,0.0,0.0,1
Urban,4731,0,0,0,0.0,0.0,0.0,1
Urban,4732,0,0,0,0.0,0.0,0.0,1
Urban,4733,0,0,0,0.0,0.0,0.0,1
Urban,4734,0,0,0,0.0,0.0,0.0,1
Urban,4735,0,0,0,0.0,0.0,0.0,1
Urban,4736,0,0,0,0.0,0.0,0.0,1
Urban,4737,0,0,0,0.0,0.0,0.0,1
Urban,4738,0,0,0,0.0,0.0,0.0,1
Urban,4739,0,0,0,0.0,0.0,0.0,1
Urban,4740,0,0,0,0.0,0.0,0.0,1
Urban,4741,0,0,0,0.0,0.0,0.0,1
Urban,4742,0,0,0,0.0,0.0,0.0,1
Urban,4743,0,0,0,0.0,0.0,0.0,1
Urban,4744,0,0,0,0.0,0.0,0.0,1
Urban,4745,0,0,0,0.0,0.0,0.0,1
Urban,4746,0,0,0,0.0,0.0,0.0,1
Urban,4747,0,0,0,0.0,0.0,0.0,1
Urban,4748,0,0,0,0.0,0.0,0.0,1
Urban,4749,0,0,0,0.0,0.0,0.0,1
Urban,4750,0,0,0,0.0,0.0,0.0,1
Urban,4751,0,0,0,0.0,0.0,0.0,1
Urban,4752,0,0,0,0.0,0.0,0.0,1
Urban,4753,0,0,0,0.0,0.0,0.0,1
Urban,4754,0,0,0,0.0,0.0,0.0,1
Urban,4755,0,0,0,0.0,0.0,0.0,1
Urban,4756,0,0,0,0.0,0.0,0.0,1
Urban,4757,0,0,0,0.0,0.0,0.0,1
Urban,4758,0,0,0,0.0,0.0,0.0,1
Urban,4759,0,0,0,0.0,0.0,0.0,1
Urban,4760,0,0,0,0.0,0.0,0.0,1
Urban,4761,0,0,0,0.0,0.0,0.0,1
Urban,4762,0,0,0,0.0,0.0,0.0,1
Urban,4763,0,0,0,0.0,0.0,0.0,1
Urban,4764,0,0,0,0.0,0.0,0.0,1
Urban,4765,0,0,0,0.0,0.0,0.0,1
Urban,4766,0,0,0,0.0,0.0,0.0,1
Urban,4767,0,0,0,0.0,0.0,0.0,1
Urban,4768,0,0,0,0.0,0.0,0.0,1
Urban,4769,0,0,0,0.0,0.0,0.0,1
Urban,4770,0,0,0,0.0,0.0,0.0,1
Urban,4771,0,0,0,0.0,0.0,0.0,1
Urban,4772,0,0,0,0.0,0.0,0.0,1
Urban,4773,0,0,0,0.0,0.0,0.0,1
Urban,4774,0,0,0,0.0,0.0,0.0,1
Urban,4775,0,0,0,0.0,0.0,0.0,1
Urban,4776,0,0,0,0.0,0.0,0.0,1
Urban,4777,0,0,0,0.0,0.0,0.0,1
Urban,4778,0,0,0,0.0,0.0,0.0,1
Urban,4779,0,0,0,0.0,0.0,0.0,1
Urban,4780,0,0,0,0.0,0.0,0.0,1
Urban,4781,0,0,0,0.0,0.0,0.0,1
Urban,4782,0,0,0,0.0,0.0,0.0,1
Urban,4783,0,0,0,0.0,0.0,0.0,1
Urban,4784,0,0,0,0.0,0.0,0.0,1
Urban,4785,0,0,0,0.0,0.0,0.0,1
Urban,4786,0,0,0,0.0,0.0,0.0,1
Urban,4787,0,0,0,0.0,0.0,0.0,1
Urban,4788,0,0,0,0.0,0.0,0.0,1
Urban,4789,0,0,0,0.0,0.0,0.0,1
Urban,4790,0,0,0,0.0,0.0,0.0,1
Urban,4791,0,0,0,0.0,0.0,0.0,1
Urban,4792,0,0,0,0.0,0.0,0.0,1
Urban,4793,0,0,0,0.0,0.0,0.0,1
Urban,4794,0,0,0,0.0,0.0,0.0,1
Urban,4795,0,0,0,0.0,0.0,0.0,1
Urban,4796,0,0,0,0.0,0.0,0.0,1
Urban,4797,0,0,0,0.0,0.0,0.0,1
Urban,4798,0,0,0,0.0,0.0,0.0,1
Urban,4799,0,0,0,0.0,0.0,0.0,1
Urban,4800,0,0,0,0.0,0.0,0.0,1
Urban,4801,0,0,0,0.0,0.0,0.0,1
Urban,4802,0,0,0,0.0,0.0,0.0,1
Urban,4803,0,0,0,0.0,0.0,0.0,1
Urban,4804,0,0,0,0.0,0.0,0.0,1
Urban,4805,0,0,0,0.0,0.0,0.0,1
Urban,4806,0,0,0,0.0,0.0,0.0,1
Urban,4807,0,0,0,0.0,0.0,0.0,1
Urban,4808,0,0,0,0.0,0.0,0.0,1
Urban,4809,0,0,0,0.0,0.0,0.0,1
Urban,4810,0,0,0,0.0,0.0,0.0,1
Urban,4811,0,0,0,0.0,0.0,0.0,1
Urban,4812,0,0,0,0.0,0.0,0.0,1
Urban,4813,0,0,0,0.0,0.0,0.0,1
Urban,4814,0,0,0,0.0,0.0,0.0,1
Urban,4815,0,0,0,0.0,0.0,0.0,1
Urban,4816,0,0,0,0.0,0.0,0.0,1
Urban,4817,0,0,0,0.0,0.0,0.0,1
Urban,4818,0,0,0,0.0,0.0,0.0,1
Urban,4819,0,0,0,0.0,0.0,0.0,1
Urban,4820,0,0,0,0.0,0.0,0.0,1
Urban,4821,0,0,0,0.0,0.0,0.0,1
Urban,4822,0,0,0,0.0,0.0,0.0,1
Urban,4823,0,0,0,0.0,0.0,0.0,1
Urban,4824,0,0,0,0.0,0.0,0.0,1
Urban,4825,0,0,0,0.0,0.0,0.0,1
Urban,4826,0,0,0,0.0,0.0,0.0,1
Urban,4827,0,0,0,0.0,0.0,0.0,1
Urban,4828,0,0,0,0.0,0.0,0.0,1
Urban,4829,0,0,0,0.0,0.0,0.0,1
Urban,4830,0,0,0,0.0,0.0,0.0,1
Urban,4831,0,0,0,0.0,0.0,0.0,1
Urban,4832,0,0,0,0.0,0.0,0.0,1
Urban,4833,0,0,0,0.0,0.0,0.0,1
Urban,4834,0,0,0,0.0,0.0,0.0,1
Urban,4835,0,0,0,0.0,0.0,0.0,1
Urban,4836,0,0,0,0.0,0.0,0.0,1
Urban,4837,0,0,0,0.0,0.0,0.0,1
Urban,4838,0,0,0,0.0,0.0,0.0,1
Urban,4839,0,0,0,0.0,0.0,0.0,1
Urban,4840,0,0,0,0.0,0.0,0.0,1
Urban,4841,0,0,0,0.0,0.0,0.0,1
Urban,4842,0,0,0,0.0,0.0,0.0,1
Urban,4843,0,0,0,0.0,0.0,0.0,1
Urban,4844,0,0,0,0.0,0.0,0.0,1
Urban,4845,0,0,0,0.0,0.0,0.0,1
Urban,4846,0,0,0,0.0,0.0,0.0,1
Urban,4847,0,0,0,0.0,0.0,0.0,1
Urban,4848,0,0,0,0.0,0.0,0.0,1
Urban,4849,0,0,0,0.0,0.0,0.0,1
Urban,4850,0,0,0,0.0,0.0,0.0,1
Urban,4851,0,0,0,0.0,0.0,0.0,1
Urban,4852,0,0,0,0.0,0.0,0.0,1
Urban,4853,0,0,0,0.0,0.0,0.0,1
Urban,4854,0,0,0,0.0,0.0,0.0,1
Urban,4855,0,0,0,0.0,0.0,0.0,1
Urban,4856,0,0,0,0.0,0.0,0.0,1
Urban,4857,0,0,0,0.0,0.0,0.0,1
Urban,4858,0,0,0,0.0,0.0,0.0,1
Urban,4859,0,0,0,0.0,0.0,0.0,1
Urban,4860,0,0,0,0.0,0.0,0.0,1
Urban,4861,0,0,0,0.0,0.0,0.0,1
Urban,4862,0,0,0,0.0,0.0,0.0,1
Urban,4863,0,0,0,0.0,0.0,0.0,1
Urban,4864,0,0,0,0.0,0.0,0.0,1
Urban,4865,0,0,0,0.0,0.0,0.0,1
Urban,4866,0,0,0,0.0,0.0,0.0,1
Urban,4867,0,0,0,0.0,0.0,0.0,1
Urban,4868,0,0,0,0.0,0.0,0.0,1
Urban,4869,0,0,0,0.0,0.0,0.0,1
Urban,4870,0,0,0,0.0,0.0,0.0,1
Urban,4871,0,0,0,0.0,0.0,0.0,1
Urban,4872,0,0,0,0.0,0.0,0.0,1
Urban,4873,0,0,0,0.0,0.0,0.0,1
Urban,4874,0,0,0,0.0,0.0,0.0,1
Urban,4875,0,0,0,0.0,0.0,0.0,1
Urban,4876,0,0,0,0.0,0.0,0.0,1
Urban,4877,0,0,0,0.0,0.0,0.0,1
Urban,4878,0,0,0,0.0,0.0,0.0,1
Urban,4879,0,0,0,0.0,0.0,0.0,1
Urban,4880,0,0,0,0.0,0.0,0.0,1
Urban,4881,0,0,0,0.0,0.0,0.0,1
Urban,4882,0,0,0,0.0,0.0,0.0,1
Urban,4883,0,0,0,0.0,0.0,0.0,1
Urban,4884,0,0,0,0.0,0.0,0.0,1
Urban,4885,0,0,0,0.0,0.0,0.0,1
Urban,4886,0,0,0,0.0,0.0,0.0,1
Urban,4887,0,0,0,0.0,0.0,0.0,1
Urban,4888,0,0,0,0.0,0.0,0.0,1
Urban,4889,0,0,0,0.0,0.0,0.0,1
Urban,4890,0,0,0,0.0,0.0,0.0,1
Urban,4891,0,0,0,0.0,0.0,0.0,1
Urban,4892,0,0,0,0.0,0.0,0.0,1
Urban,4893,0,0,0,0.0,0.0,0.0,1
Urban,4894,0,0,0,0.0,0.0,0.0,1
Urban,4895,0,0,0,0.0,0.0,0.0,1
Urban,4896,0,0,0,0.0,0.0,0.0,1
Urban,4897,0,0,0,0.0,0.0,0.0,1
Urban,4898,0,0,0,0.0,0.0,0.0,1
Urban,4899,0,0,0,0.0,0.0,0.0,1
Urban,4900,0,0,0,0.0,0.0,0.0,1
Urban,4901,0,0,0,0.0,0.0,0.0,1
Urban,4902,0,0,0,0.0,0.0,0.0,1
Urban,4903,0,0,0,0.0,0.0,0.0,1
Urban,4904,0,0,0,0.0,0.0,0.0,1
Urban,4905,0,0,0,0.0,0.0,0.0,1
Urban,4906,0,0,0,0.0,0.0,0.0,1
Urban,4907,0,0,0,0.0,0.0,0.0,1
Urban,4908,0,0,0,0.0,0.0,0.0,1
Urban,4909,0,0,0,0.0,0.0,0.0,1
Urban,4910,0,0,0,0.0,0.0,0.0,1
Urban,4911,0,0,0,0.0,0.0,0.0,1
Urban,4912,0,0,0,0.0,0.0,0.0,1
Urban,4913,0,0,0,0.0,0.0,0.0,1
Urban,4914,0,0,0,0.0,0.0,0.0,1
Urban,4915,0,0,0,0.0,0.0,0.0,1
Urban,4916,0,0,0,0.0,0.0,0.0,1
Urban,4917,0,0,0,0.0,0.0,0.0,1
Urban,4918,0,0,0,0.0,0.0,0.0,1
Urban,4919,0,0,0,0.0,0.0,0.0,1
Urban,4920,0,0,0,0.0,0.0,0.0,1
Urban,4921,0,0,0,0.0,0.0,0.0,1
Urban,4922,0,0,0,0.0,0.0,0.0,1
Urban,4923,0,0,0,0.0,0.0,0.0,1
Urban,4924,0,0,0,0.0,0.0,0.0,1
Urban,4925,0,0,0,0.0,0.0,0.0,1
Urban,4926,0,0,0,0.0,0.0,0.0,1
Urban,4927,0,0,0,0.0,0.0,0.0,1
Urban,4928,0,0,0,0.0,0.0,0.0,1
Urban,4929,0,0,0,0.0,0.0,0.0,1
Urban,4930,0,0,0,0.0,0.0,0.0,1
Urban,4931,0,0,0,0.0,0.0,0.0,1
Urban,4932,0,0,0,0.0,0.0,0.0,1
Urban,4933,0,0,0,0.0,0.0,0.0,1
Urban,4934,0,0,0,0.0,0.0,0.0,1
Urban,4935,0,0,0,0.0,0.0,0.0,1
Urban,4936,0,0,0,0.0,0.0,0.0,1
Urban,4937,0,0,0,0.0,0.0,0.0,1
Urban,4938,0,0,0,0.0,0.0,0.0,1
Urban,4939,0,0,0,0.0,0.0,0.0,1
Urban,4940,0,0,0,0.0,0.0,0.0,1
Urban,4941,0,0,0,0.0,0.0,0.0,1
Urban,4942,0,0,0,0.0,0.0,0.0,1
Urban,4943,0,0,0,0.0,0.0,0.0,1
Urban,4944,0,0,0,0.0,0.0,0.0,1
Urban,4945,0,0,0,0.0,0.0,0.0,1
Urban,4946,0,0,0,0.0,0.0,0.0,1
Urban,4947,0,0,0,0.0,0.0,0.0,1
Urban,4948,0,0,0,0.0,0.0,0.0,1
Urban,4949,0,0,0,0.0,0.0,0.0,1
Urban,4950,0,0,0,0.0,0.0,0.0,1
Urban,4951,0,0,0,0.0,0.0,0.0,1
Urban,4952,0,0,0,0.0,0.0,0.0,1
Urban,4953,0,0,0,0.0,0.0,0.0,1
Urban,4954,0,0,0,0.0,0.0,0.0,1
Urban,4955,0,0,0,0.0,0.0,0.0,1
Urban,4956,0,0,0,0.0,0.0,0.0,1
Urban,4957,0,0,0,0.0,0.0,0.0,1
Urban,4958,0,0,0,0.0,0.0,0.0,1
Urban,4959,0,0,0,0.0,0.0,0.0,1
Urban,4960,0,0,0,0.0,0.0,0.0,1
Urban,4961,0,0,0,0.0,0.0,0.0,1
Urban,4962,0,0,0,0.0,0.0,0.0,1
Urban,4963,0,0,0,0.0,0.0,0.0,1
Urban,4964,0,0,0,0.0,0.0,0.0,1
Urban,4965,0,0,0,0.0,0.0,0.0,1
Urban,4966,0,0,0,0.0,0.0,0.0,1
Urban,4967,0,0,0,0.0,0.0,0.0,1
Urban,4968,0,0,0,0.0,0.0,0.0,1
Urban,4969,0,0,0,0.0,0.0,0.0,1
Urban,4970,0,0,0,0.0,0.0,0.0,1
Urban,4971,0,0,0,0.0,0.0,0.0,1
Urban,4972,0,0,0,0.0,0.0,0.0,1
Urban,4973,0,0,0,0.0,0.0,0.0,1
Urban,4974,0,0,0,0.0,0.0,0.0,1
Urban,4975,0,0,0,0.0,0.0,0.0,1
Urban,4976,0,0,0,0.0,0.0,0.0,1
Urban,4977,0,0,0,0.0,0.0,0.0,1
Urban,4978,0,0,0,0.0,0.0,0.0,1
Urban,4979,0,0,0,0.0,0.0,0.0,1
Urban,4980,0,0,0,0.0,0.0,0.0,1
Urban,4981,0,0,0,0.0,0.0,0.0,1
Urban,4982,0,0,0,0.0,0.0,0.0,1
Urban,4983,0,0,0,0.0,0.0,0.0,1
Urban,4984,0,0,0,0.0,0.0,0.0,1
Urban,4985,0,0,0,0.0,0.0,0.0,1
Urban,4986,0,0,0,0.0,0.0,0.0,1
Urban,4987,0,0,0,0.0,0.0,0.0,1
Urban,4988,0,0,0,0.0,0.0,0.0,1
Urban,4989,0,0,0,0.0,0.0,0.0,1
Urban,4990,0,0,0,0.0,0.0,0.0,1
Urban,4991,0,0,0,0.0,0.0,0.0,1
Urban,4992,0,0,0,0.0,0.0,0.0,1
Urban,4993,0,0,0,0.0,0.0,0.0,1
Urban,4994,0,0,0,0.0,0.0,0.0,1
Urban,4995,0,0,0,0.0,0.0,0.0,1
Urban,4996,0,0,0,0.0,0.0,0.0,1
Urban,4997,0,0,0,0.0,0.0,0.0,1
Urban,4998,0,0,0,0.0,0.0,0.0,1
Urban,4999,0,0,0,0.0,0.0,0.0,1
Urban,5000,0,0,0,0.0,0.0,0.0,1
Urban,5001,0,0,0,0.0,0.0,0.0,1
Urban,5002,0,0,0,0.0,0.0,0.0,1
Urban,5003,0,0,0,0.0,0.0,0.0,1
Urban,5004,0,0,0,0.0,0.0,0.0,1
Urban,5005,0,0,0,0.0,0.0,0.0,1
Urban,5006,0,0,0,0.0,0.0,0.0,1
Urban,5007,0,0,0,0.0,0.0,0.0,1
Urban,5008,0,0,0,0.0,0.0,0.0,1
Urban,5009,0,0,0,0.0,0.0,0.0,1
Urban,5010,0,0,0,0.0,0.0,0.0,1
Urban,5011,0,0,0,0.0,0.0,0.0,1
Urban,5012,0,0,0,0.0,0.0,0.0,1
Urban,5013,0,0,0,0.0,0.0,0.0,1
Urban,5014,0,0,0,0.0,0.0,0.0,1
Urban,5015,0,0,0,0.0,0.0,0.0,1
Urban,5016,0,0,0,0.0,0.0,0.0,1
Urban,5017,0,0,0,0.0,0.0,0.0,1
Urban,5018,0,0,0,0.0,0.0,0.0,1
Urban,5019,0,0,0,0.0,0.0,0.0,1
Urban,5020,0,0,0,0.0,0.0,0.0,1
Urban,5021,0,0,0,0.0,0.0,0.0,1
Urban,5022,0,0,0,0.0,0.0,0.0,1
Urban,5023,0,0,0,0.0,0.0,0.0,1
Urban,5024,0,0,0,0.0,0.0,0.0,1
Urban,5025,0,0,0,0.0,0.0,0.0,1
Urban,5026,0,0,0,0.0,0.0,0.0,1
Urban,5027,0,0,0,0.0,0.0,0.0,1
Urban,5028,0,0,0,0.0,0.0,0.0,1
Urban,5029,0,0,0,0.0,0.0,0.0,1
Urban,5030,0,0,0,0.0,0.0,0.0,1
Urban,5031,0,0,0,0.0,0.0,0.0,1
Urban,5032,0,0,0,0.0,0.0,0.0,1
Urban,5033,0,0,0,0.0,0.0,0.0,1
Urban,5034,0,0,0,0.0,0.0,0.0,1
Urban,5035,0,0,0,0.0,0.0,0.0,1
Urban,5036,0,0,0,0.0,0.0,0.0,1
Urban,5037,0,0,0,0.0,0.0,0.0,1
Urban,5038,0,0,0,0.0,0.0,0.0,1
Urban,5039,0,0,0,0.0,0.0,0.0,1
Urban,5040,0,0,0,0.0,0.0,0.0,1
Urban,5041,0,0,0,0.0,0.0,0.0,1
Urban,5042,0,0,0,0.0,0.0,0.0,1
Urban,5043,0,0,0,0.0,0.0,0.0,1
Urban,5044,0,0,0,0.0,0.0,0.0,1
Urban,5045,0,0,0,0.0,0.0,0.0,1
Urban,5046,0,0,0,0.0,0.0,0.0,1
Urban,5047,0,0,0,0.0,0.0,0.0,1
Urban,5048,0,0,0,0.0,0.0,0.0,1
Urban,5049,0,0,0,0.0,0.0,0.0,1
Urban,5050,0,0,0,0.0,0.0,0.0,1
Urban,5051,0,0,0,0.0,0.0,0.0,1
Urban,5052,0,0,0,0.0,0.0,0.0,1
Urban,5053,0,0,0,0.0,0.0,0.0,1
Urban,5054,0,0,0,0.0,0.0,0.0,1
Urban,5055,0,0,0,0.0,0.0,0.0,1
Urban,5056,0,0,0,0.0,0.0,0.0,1
Urban,5057,0,0,0,0.0,0.0,0.0,1
Urban,5058,0,0,0,0.0,0.0,0.0,1
Urban,5059,0,0,0,0.0,0.0,0.0,1
Urban,5060,0,0,0,0.0,0.0,0.0,1
Urban,5061,0,0,0,0.0,0.0,0.0,1
Urban,5062,0,0,0,0.0,0.0,0.0,1
Urban,5063,0,0,0,0.0,0.0,0.0,1
Urban,5064,0,0,0,0.0,0.0,0.0,1
Urban,5065,0,0,0,0.0,0.0,0.0,1
Urban,5066,0,0,0,0.0,0.0,0.0,1
Urban,5067,0,0,0,0.0,0.0,0.0,1
Urban,5068,0,0,0,0.0,0.0,0.0,1
Urban,5069,0,0,0,0.0,0.0,0.0,1
Urban,5070,0,0,0,0.0,0.0,0.0,1
Urban,5071,0,0,0,0.0,0.0,0.0,1
Urban,5072,0,0,0,0.0,0.0,0.0,1
Urban,5073,0,0,0,0.0,0.0,0.0,1
Urban,5074,0,0,0,0.0,0.0,0.0,1
Urban,5075,0,0,0,0.0,0.0,0.0,1
Urban,5076,0,0,0,0.0,0.0,0.0,1
Urban,5077,0,0,0,0.0,0.0,0.0,1
Urban,5078,0,0,0,0.0,0.0,0.0,1
Urban,5079,0,0,0,0.0,0.0,0.0,1
Urban,5080,0,0,0,0.0,0.0,0.0,1
Urban,5081,0,0,0,0.0,0.0,0.0,1
Urban,5082,0,0,0,0.0,0.0,0.0,1
Urban,5083,0,0,0,0.0,0.0,0.0,1
Urban,5084,0,0,0,0.0,0.0,0.0,1
Urban,5085,0,0,0,0.0,0.0,0.0,1
Urban,5086,0,0,0,0.0,0.0,0.0,1
Urban,5087,0,0,0,0.0,0.0,0.0,1
Urban,5088,0,0,0,0.0,0.0,0.0,1
Urban,5089,0,0,0,0.0,0.0,0.0,1
Urban,5090,0,0,0,0.0,0.0,0.0,1
Urban,5091,0,0,0,0.0,0.0,0.0,1
Urban,5092,0,0,0,0.0,0.0,0.0,1
Urban,5093,0,0,0,0.0,0.0,0.0,1
Urban,5094,0,0,0,0.0,0.0,0.0,1
Urban,5095,0,0,0,0.0,0.0,0.0,1
Urban,5096,0,0,0,0.0,0.0,0.0,1
Urban,5097,0,0,0,0.0,0.0,0.0,1
Urban,5098,0,0,0,0.0,0.0,0.0,1
Urban,5099,0,0,0,0.0,0.0,0.0,1
Urban,5100,0,0,0,0.0,0.0,0.0,1
Urban,5101,0,0,0,0.0,0.0,0.0,1
Urban,5102,0,0,0,0.0,0.0,0.0,1
Urban,5103,0,0,0,0.0,0.0,0.0,1
Urban,5104,0,0,0,0.0,0.0,0.0,1
Urban,5105,0,0,0,0.0,0.0,0.0,1
Urban,5106,0,0,0,0.0,0.0,0.0,1
Urban,5107,0,0,0,0.0,0.0,0.0,1
Urban,5108,0,0,0,0.0,0.0,0.0,1
Urban,5109,0,0,0,0.0,0.0,0.0,1
Urban,5110,0,0,0,0.0,0.0,0.0,1
Urban,5111,0,0,0,0.0,0.0,0.0,1
Urban,5112,0,0,0,0.0,0.0,0.0,1
Urban,5113,0,0,0,0.0,0.0,0.0,1
Urban,5114,0,0,0,0.0,0.0,0.0,1
Urban,5115,0,0,0,0.0,0.0,0.0,1
Urban,5116,0,0,0,0.0,0.0,0.0,1
Urban,5117,0,0,0,0.0,0.0,0.0,1
Urban,5118,0,0,0,0.0,0.0,0.0,1
Urban,5119,0,0,0,0.0,0.0,0.0,1
Urban,5120,0,0,0,0.0,0.0,0.0,1
Urban,5121,0,0,0,0.0,0.0,0.0,1
Urban,5122,0,0,0,0.0,0.0,0.0,1
Urban,5123,0,0,0,0.0,0.0,0.0,1
Urban,5124,0,0,0,0.0,0.0,0.0,1
Urban,5125,0,0,0,0.0,0.0,0.0,1
Urban,5126,0,0,0,0.0,0.0,0.0,1
Urban,5127,0,0,0,0.0,0.0,0.0,1
Urban,5128,0,0,0,0.0,0.0,0.0,1
Urban,5129,0,0,0,0.0,0.0,0.0,1
Urban,5130,0,0,0,0.0,0.0,0.0,1
Urban,5131,0,0,0,0.0,0.0,0.0,1
Urban,5132,0,0,0,0.0,0.0,0.0,1
Urban,5133,0,0,0,0.0,0.0,0.0,1
Urban,5134,0,0,0,0.0,0.0,0.0,1
Urban,5135,0,0,0,0.0,0.0,0.0,1
Urban,5136,0,0,0,0.0,0.0,0.0,1
Urban,5137,0,0,0,0.0,0.0,0.0,1
Urban,5138,0,0,0,0.0,0.0,0.0,1
Urban,5139,0,0,0,0.0,0.0,0.0,1
Urban,5140,0,0,0,0.0,0.0,0.0,1
Urban,5141,0,0,0,0.0,0.0,0.0,1
Urban,5142,0,0,0,0.0,0.0,0.0,1
Urban,5143,0,0,0,0.0,0.0,0.0,1
Urban,5144,0,0,0,0.0,0.0,0.0,1
Urban,5145,0,0,0,0.0,0.0,0.0,1
Urban,5146,0,0,0,0.0,0.0,0.0,1
Urban,5147,0,0,0,0.0,0.0,0.0,1
Urban,5148,0,0,0,0.0,0.0,0.0,1
Urban,5149,0,0,0,0.0,0.0,0.0,1
Urban,5150,0,0,0,0.0,0.0,0.0,1
Urban,5151,0,0,0,0.0,0.0,0.0,1
Urban,5152,0,0,0,0.0,0.0,0.0,1
Urban,5153,0,0,0,0.0,0.0,0.0,1
Urban,5154,0,0,0,0.0,0.0,0.0,1
Urban,5155,0,0,0,0.0,0.0,0.0,1
Urban,5156,0,0,0,0.0,0.0,0.0,1
Urban,5157,0,0,0,0.0,0.0,0.0,1
Urban,5158,0,0,0,0.0,0.0,0.0,1
Urban,5159,0,0,0,0.0,0.0,0.0,1
Urban,5160,0,0,0,0.0,0.0,0.0,1
Urban,5161,0,0,0,0.0,0.0,0.0,1
Urban,5162,0,0,0,0.0,0.0,0.0,1
Urban,5163,0,0,0,0.0,0.0,0.0,1
Urban,5164,0,0,0,0.0,0.0,0.0,1
Urban,5165,0,0,0,0.0,0.0,0.0,1
Urban,5166,0,0,0,0.0,0.0,0.0,1
Urban,5167,0,0,0,0.0,0.0,0.0,1
Urban,5168,0,0,0,0.0,0.0,0.0,1
Urban,5169,0,0,0,0.0,0.0,0.0,1
Urban,5170,0,0,0,0.0,0.0,0.0,1
Urban,5171,0,0,0,0.0,0.0,0.0,1
Urban,5172,0,0,0,0.0,0.0,0.0,1
Urban,5173,0,0,0,0.0,0.0,0.0,1
Urban,5174,0,0,0,0.0,0.0,0.0,1
Urban,5175,0,0,0,0.0,0.0,0.0,1
Urban,5176,0,0,0,0.0,0.0,0.0,1
Urban,5177,0,0,0,0.0,0.0,0.0,1
Urban,5178,0,0,0,0.0,0.0,0.0,1
Urban,5179,0,0,0,0.0,0.0,0.0,1
Urban,5180,0,0,0,0.0,0.0,0.0,1
Urban,5181,0,0,0,0.0,0.0,0.0,1
Urban,5182,0,0,0,0.0,0.0,0.0,1
Urban,5183,0,0,0,0.0,0.0,0.0,1
Urban,5184,0,0,0,0.0,0.0,0.0,1
Urban,5185,0,0,0,0.0,0.0,0.0,1
Urban,5186,0,0,0,0.0,0.0,0.0,1
Urban,5187,0,0,0,0.0,0.0,0.0,1
Urban,5188,0,0,0,0.0,0.0,0.0,1
Urban,5189,0,0,0,0.0,0.0,0.0,1
Urban,5190,0,0,0,0.0,0.0,0.0,1
Urban,5191,0,0,0,0.0,0.0,0.0,1
Urban,5192,0,0,0,0.0,0.0,0.0,1
Urban,5193,0,0,0,0.0,0.0,0.0,1
Urban,5194,0,0,0,0.0,0.0,0.0,1
Urban,5195,0,0,0,0.0,0.0,0.0,1
Urban,5196,0,0,0,0.0,0.0,0.0,1
Urban,5197,0,0,0,0.0,0.0,0.0,1
Urban,5198,0,0,0,0.0,0.0,0.0,1
Urban,5199,0,0,0,0.0,0.0,0.0,1
Urban,5200,0,0,0,0.0,0.0,0.0,1
Urban,5201,0,0,0,0.0,0.0,0.0,1
Urban,5202,0,0,0,0.0,0.0,0.0,1
Urban,5203,0,0,0,0.0,0.0,0.0,1
Urban,5204,0,0,0,0.0,0.0,0.0,1
Urban,5205,0,0,0,0.0,0.0,0.0,1
Urban,5206,0,0,0,0.0,0.0,0.0,1
Urban,5207,0,0,0,0.0,0.0,0.0,1
Urban,5208,0,0,0,0.0,0.0,0.0,1
Urban,5209,0,0,0,0.0,0.0,0.0,1
Urban,5210,0,0,0,0.0,0.0,0.0,1
Urban,5211,0,0,0,0.0,0.0,0.0,1
Urban,5212,0,0,0,0.0,0.0,0.0,1
Urban,5213,0,0,0,0.0,0.0,0.0,1
Urban,5214,0,0,0,0.0,0.0,0.0,1
Urban,5215,0,0,0,0.0,0.0,0.0,1
Urban,5216,0,0,0,0.0,0.0,0.0,1
Urban,5217,0,0,0,0.0,0.0,0.0,1
Urban,5218,0,0,0,0.0,0.0,0.0,1
Urban,5219,0,0,0,0.0,0.0,0.0,1
Urban,5220,0,0,0,0.0,0.0,0.0,1
Urban,5221,0,0,0,0.0,0.0,0.0,1
Urban,5222,0,0,0,0.0,0.0,0.0,1
Urban,5223,0,0,0,0.0,0.0,0.0,1
Urban,5224,0,0,0,0.0,0.0,0.0,1
Urban,5225,0,0,0,0.0,0.0,0.0,1
Urban,5226,0,0,0,0.0,0.0,0.0,1
Urban,5227,0,0,0,0.0,0.0,0.0,1
Urban,5228,0,0,0,0.0,0.0,0.0,1
Urban,5229,0,0,0,0.0,0.0,0.0,1
Urban,5230,0,0,0,0.0,0.0,0.0,1
Urban,5231,0,0,0,0.0,0.0,0.0,1
Urban,5232,0,0,0,0.0,0.0,0.0,1
Urban,5233,0,0,0,0.0,0.0,0.0,1
Urban,5234,0,0,0,0.0,0.0,0.0,1
Urban,5235,0,0,0,0.0,0.0,0.0,1
Urban,5236,0,0,0,0.0,0.0,0.0,1
Urban,5237,0,0,0,0.0,0.0,0.0,1
Urban,5238,0,0,0,0.0,0.0,0.0,1
Urban,5239,0,0,0,0.0,0.0,0.0,1
Urban,5240,0,0,0,0.0,0.0,0.0,1
Urban,5241,0,0,0,0.0,0.0,0.0,1
Urban,5242,0,0,0,0.0,0.0,0.0,1
Urban,5243,0,0,0,0.0,0.0,0.0,1
Urban,5244,0,0,0,0.0,0.0,0.0,1
Urban,5245,0,0,0,0.0,0.0,0.0,1
Urban,5246,0,0,0,0.0,0.0,0.0,1
Urban,5247,0,0,0,0.0,0.0,0.0,1
Urban,5248,0,0,0,0.0,0.0,0.0,1
Urban,5249,0,0,0,0.0,0.0,0.0,1
Urban,5250,0,0,0,0.0,0.0,0.0,1
Urban,5251,0,0,0,0.0,0.0,0.0,1
Urban,5252,0,0,0,0.0,0.0,0.0,1
Urban,5253,0,0,0,0.0,0.0,0.0,1
Urban,5254,0,0,0,0.0,0.0,0.0,1
Urban,5255,0,0,0,0.0,0.0,0.0,1
Urban,5256,0,0,0,0.0,0.0,0.0,1
Urban,5257,0,0,0,0.0,0.0,0.0,1
Urban,5258,0,0,0,0.0,0.0,0.0,1
Urban,5259,0,0,0,0.0,0.0,0.0,1
Urban,5260,0,0,0,0.0,0.0,0.0,1
Urban,5261,0,0,0,0.0,0.0,0.0,1
Urban,5262,0,0,0,0.0,0.0,0.0,1
Urban,5263,0,0,0,0.0,0.0,0.0,1
Urban,5264,0,0,0,0.0,0.0,0.0,1
Urban,5265,0,0,0,0.0,0.0,0.0,1
Urban,5266,0,0,0,0.0,0.0,0.0,1
Urban,5267,0,0,0,0.0,0.0,0.0,1
Urban,5268,0,0,0,0.0,0.0,0.0,1
Urban,5269,0,0,0,0.0,0.0,0.0,1
Urban,5270,0,0,0,0.0,0.0,0.0,1
Urban,5271,0,0,0,0.0,0.0,0.0,1
Urban,5272,0,0,0,0.0,0.0,0.0,1
Urban,5273,0,0,0,0.0,0.0,0.0,1
Urban,5274,0,0,0,0.0,0.0,0.0,1
Urban,5275,0,0,0,0.0,0.0,0.0,1
Urban,5276,0,0,0,0.0,0.0,0.0,1
Urban,5277,0,0,0,0.0,0.0,0.0,1
Urban,5278,0,0,0,0.0,0.0,0.0,1
Urban,5279,0,0,0,0.0,0.0,0.0,1
Urban,5280,0,0,0,0.0,0.0,0.0,1
Urban,5281,0,0,0,0.0,0.0,0.0,1
Urban,5282,0,0,0,0.0,0.0,0.0,1
Urban,5283,0,0,0,0.0,0.0,0.0,1
Urban,5284,0,0,0,0.0,0.0,0.0,1
Urban,5285,0,0,0,0.0,0.0,0.0,1
Urban,5286,0,0,0,0.0,0.0,0.0,1
Urban,5287,0,0,0,0.0,0.0,0.0,1
Urban,5288,0,0,0,0.0,0.0,0.0,1
Urban,5289,0,0,0,0.0,0.0,0.0,1
Urban,5290,0,0,0,0.0,0.0,0.0,1
Urban,5291,0,0,0,0.0,0.0,0.0,1
Urban,5292,0,0,0,0.0,0.0,0.0,1
Urban,5293,0,0,0,0.0,0.0,0.0,1
Urban,5294,0,0,0,0.0,0.0,0.0,1
Urban,5295,0,0,0,0.0,0.0,0.0,1
Urban,5296,0,0,0,0.0,0.0,0.0,1
Urban,5297,0,0,0,0.0,0.0,0.0,1
Urban,5298,0,0,0,0.0,0.0,0.0,1
Urban,5299,0,0,0,0.0,0.0,0.0,1
Urban,5300,0,0,0,0.0,0.0,0.0,1
Urban,5301,0,0,0,0.0,0.0,0.0,1
Urban,5302,0,0,0,0.0,0.0,0.0,1
Urban,5303,0,0,0,0.0,0.0,0.0,1
Urban,5304,0,0,0,0.0,0.0,0.0,1
Urban,5305,0,0,0,0.0,0.0,0.0,1
Urban,5306,0,0,0,0.0,0.0,0.0,1
Urban,5307,0,0,0,0.0,0.0,0.0,1
Urban,5308,0,0,0,0.0,0.0,0.0,1
Urban,5309,0,0,0,0.0,0.0,0.0,1
Urban,5310,0,0,0,0.0,0.0,0.0,1
Urban,5311,0,0,0,0.0,0.0,0.0,1
Urban,5312,0,0,0,0.0,0.0,0.0,1
Urban,5313,0,0,0,0.0,0.0,0.0,1
Urban,5314,0,0,0,0.0,0.0,0.0,1
Urban,5315,0,0,0,0.0,0.0,0.0,1
Urban,5316,0,0,0,0.0,0.0,0.0,1
Urban,5317,0,0,0,0.0,0.0,0.0,1
Urban,5318,0,0,0,0.0,0.0,0.0,1
Urban,5319,0,0,0,0.0,0.0,0.0,1
Urban,5320,0,0,0,0.0,0.0,0.0,1
Urban,5321,0,0,0,0.0,0.0,0.0,1
Urban,5322,0,0,0,0.0,0.0,0.0,1
Urban,5323,0,0,0,0.0,0.0,0.0,1
Urban,5324,0,0,0,0.0,0.0,0.0,1
Urban,5325,0,0,0,0.0,0.0,0.0,1
Urban,5326,0,0,0,0.0,0.0,0.0,1
Urban,5327,0,0,0,0.0,0.0,0.0,1
Urban,5328,0,0,0,0.0,0.0,0.0,1
Urban,5329,0,0,0,0.0,0.0,0.0,1
Urban,5330,0,0,0,0.0,0.0,0.0,1
Urban,5331,0,0,0,0.0,0.0,0.0,1
Urban,5332,0,0,0,0.0,0.0,0.0,1
Urban,5333,0,0,0,0.0,0.0,0.0,1
Urban,5334,0,0,0,0.0,0.0,0.0,1
Urban,5335,0,0,0,0.0,0.0,0.0,1
Urban,5336,0,0,0,0.0,0.0,0.0,1
Urban,5337,0,0,0,0.0,0.0,0.0,1
Urban,5338,0,0,0,0.0,0.0,0.0,1
Urban,5339,0,0,0,0.0,0.0,0.0,1
Urban,5340,0,0,0,0.0,0.0,0.0,1
Urban,5341,0,0,0,0.0,0.0,0.0,1
Urban,5342,0,0,0,0.0,0.0,0.0,1
Urban,5343,0,0,0,0.0,0.0,0.0,1
Urban,5344,0,0,0,0.0,0.0,0.0,1
Urban,5345,0,0,0,0.0,0.0,0.0,1
Urban,5346,0,0,0,0.0,0.0,0.0,1
Urban,5347,0,0,0,0.0,0.0,0.0,1
Urban,5348,0,0,0,0.0,0.0,0.0,1
Urban,5349,0,0,0,0.0,0.0,0.0,1
Urban,5350,0,0,0,0.0,0.0,0.0,1
Urban,5351,0,0,0,0.0,0.0,0.0,1
Urban,5352,0,0,0,0.0,0.0,0.0,1
Urban,5353,0,0,0,0.0,0.0,0.0,1
Urban,5354,0,0,0,0.0,0.0,0.0,1
Urban,5355,0,0,0,0.0,0.0,0.0,1
Urban,5356,0,0,0,0.0,0.0,0.0,1
Urban,5357,0,0,0,0.0,0.0,0.0,1
Urban,5358,0,0,0,0.0,0.0,0.0,1
Urban,5359,0,0,0,0.0,0.0,0.0,1
Urban,5360,0,0,0,0.0,0.0,0.0,1
Urban,5361,0,0,0,0.0,0.0,0.0,1
Urban,5362,0,0,0,0.0,0.0,0.0,1
Urban,5363,0,0,0,0.0,0.0,0.0,1
Urban,5364,0,0,0,0.0,0.0,0.0,1
Urban,5365,0,0,0,0.0,0.0,0.0,1
Urban,5366,0,0,0,0.0,0.0,0.0,1
Urban,5367,0,0,0,0.0,0.0,0.0,1
Urban,5368,0,0,0,0.0,0.0,0.0,1
Urban,5369,0,0,0,0.0,0.0,0.0,1
Urban,5370,0,0,0,0.0,0.0,0.0,1
Urban,5371,0,0,0,0.0,0.0,0.0,1
Urban,5372,0,0,0,0.0,0.0,0.0,1
Urban,5373,0,0,0,0.0,0.0,0.0,1
Urban,5374,0,0,0,0.0,0.0,0.0,1
Urban,5375,0,0,0,0.0,0.0,0.0,1
Urban,5376,0,0,0,0.0,0.0,0.0,1
Urban,5377,0,0,0,0.0,0.0,0.0,1
Urban,5378,0,0,0,0.0,0.0,0.0,1
Urban,5379,0,0,0,0.0,0.0,0.0,1
Urban,5380,0,0,0,0.0,0.0,0.0,1
Urban,5381,0,0,0,0.0,0.0,0.0,1
Urban,5382,0,0,0,0.0,0.0,0.0,1
Urban,5383,0,0,0,0.0,0.0,0.0,1
Urban,5384,0,0,0,0.0,0.0,0.0,1
Urban,5385,0,0,0,0.0,0.0,0.0,1
Urban,5386,0,0,0,0.0,0.0,0.0,1
Urban,5387,0,0,0,0.0,0.0,0.0,1
Urban,5388,0,0,0,0.0,0.0,0.0,1
Urban,5389,0,0,0,0.0,0.0,0.0,1
Urban,5390,0,0,0,0.0,0.0,0.0,1
Urban,5391,0,0,0,0.0,0.0,0.0,1
Urban,5392,0,0,0,0.0,0.0,0.0,1
Urban,5393,0,0,0,0.0,0.0,0.0,1
Urban,5394,0,0,0,0.0,0.0,0.0,1
Urban,5395,0,0,0,0.0,0.0,0.0,1
Urban,5396,0,0,0,0.0,0.0,0.0,1
Urban,5397,0,0,0,0.0,0.0,0.0,1
Urban,5398,0,0,0,0.0,0.0,0.0,1
Urban,5399,0,0,0,0.0,0.0,0.0,1
Urban,5400,0,0,0,0.0,0.0,0.0,1
Urban,5401,0,0,0,0.0,0.0,0.0,1
Urban,5402,0,0,0,0.0,0.0,0.0,1
Urban,5403,0,0,0,0.0,0.0,0.0,1
Urban,5404,0,0,0,0.0,0.0,0.0,1
Urban,5405,0,0,0,0.0,0.0,0.0,1
Urban,5406,0,0,0,0.0,0.0,0.0,1
Urban,5407,0,0,0,0.0,0.0,0.0,1
Urban,5408,0,0,0,0.0,0.0,0.0,1
Urban,5409,0,0,0,0.0,0.0,0.0,1
Urban,5410,0,0,0,0.0,0.0,0.0,1
Urban,5411,0,0,0,0.0,0.0,0.0,1
Urban,5412,0,0,0,0.0,0.0,0.0,1
Urban,5413,0,0,0,0.0,0.0,0.0,1
Urban,5414,0,0,0,0.0,0.0,0.0,1
Urban,5415,0,0,0,0.0,0.0,0.0,1
Urban,5416,0,0,0,0.0,0.0,0.0,1
Urban,5417,0,0,0,0.0,0.0,0.0,1
Urban,5418,0,0,0,0.0,0.0,0.0,1
Urban,5419,0,0,0,0.0,0.0,0.0,1
Urban,5420,0,0,0,0.0,0.0,0.0,1
Urban,5421,0,0,0,0.0,0.0,0.0,1
Urban,5422,0,0,0,0.0,0.0,0.0,1
Urban,5423,0,0,0,0.0,0.0,0.0,1
Urban,5424,0,0,0,0.0,0.0,0.0,1
Urban,5425,0,0,0,0.0,0.0,0.0,1
Urban,5426,0,0,0,0.0,0.0,0.0,1
Urban,5427,0,0,0,0.0,0.0,0.0,1
Urban,5428,0,0,0,0.0,0.0,0.0,1
Urban,5429,0,0,0,0.0,0.0,0.0,1
Urban,5430,0,0,0,0.0,0.0,0.0,1
Urban,5431,0,0,0,0.0,0.0,0.0,1
Urban,5432,0,0,0,0.0,0.0,0.0,1
Urban,5433,0,0,0,0.0,0.0,0.0,1
Urban,5434,0,0,0,0.0,0.0,0.0,1
Urban,5435,0,0,0,0.0,0.0,0.0,1
Urban,5436,0,0,0,0.0,0.0,0.0,1
Urban,5437,0,0,0,0.0,0.0,0.0,1
Urban,5438,0,0,0,0.0,0.0,0.0,1
Urban,5439,0,0,0,0.0,0.0,0.0,1
Urban,5440,0,0,0,0.0,0.0,0.0,1
Urban,5441,0,0,0,0.0,0.0,0.0,1
Urban,5442,0,0,0,0.0,0.0,0.0,1
Urban,5443,0,0,0,0.0,0.0,0.0,1
Urban,5444,0,0,0,0.0,0.0,0.0,1
Urban,5445,0,0,0,0.0,0.0,0.0,1
Urban,5446,0,0,0,0.0,0.0,0.0,1
Urban,5447,0,0,0,0.0,0.0,0.0,1
Urban,5448,0,0,0,0.0,0.0,0.0,1
Urban,5449,0,0,0,0.0,0.0,0.0,1
Urban,5450,0,0,0,0.0,0.0,0.0,1
Urban,5451,0,0,0,0.0,0.0,0.0,1
Urban,5452,0,0,0,0.0,0.0,0.0,1
Urban,5453,0,0,0,0.0,0.0,0.0,1
Urban,5454,0,0,0,0.0,0.0,0.0,1
Urban,5455,0,0,0,0.0,0.0,0.0,1
Urban,5456,0,0,0,0.0,0.0,0.0,1
Urban,5457,0,0,0,0.0,0.0,0.0,1
Urban,5458,0,0,0,0.0,0.0,0.0,1
Urban,5459,0,0,0,0.0,0.0,0.0,1
Urban,5460,0,0,0,0.0,0.0,0.0,1
Urban,5461,0,0,0,0.0,0.0,0.0,1
Urban,5462,0,0,0,0.0,0.0,0.0,1
Urban,5463,0,0,0,0.0,0.0,0.0,1
Urban,5464,0,0,0,0.0,0.0,0.0,1
Urban,5465,0,0,0,0.0,0.0,0.0,1
Urban,5466,0,0,0,0.0,0.0,0.0,1
Urban,5467,0,0,0,0.0,0.0,0.0,1
Urban,5468,0,0,0,0.0,0.0,0.0,1
Urban,5469,0,0,0,0.0,0.0,0.0,1
Urban,5470,0,0,0,0.0,0.0,0.0,1
Urban,5471,0,0,0,0.0,0.0,0.0,1
Urban,5472,0,0,0,0.0,0.0,0.0,1
Urban,5473,0,0,0,0.0,0.0,0.0,1
Urban,5474,0,0,0,0.0,0.0,0.0,1
Urban,5475,0,0,0,0.0,0.0,0.0,1
Urban,5476,0,0,0,0.0,0.0,0.0,1
Urban,5477,0,0,0,0.0,0.0,0.0,1
Urban,5478,0,0,0,0.0,0.0,0.0,1
Urban,5479,0,0,0,0.0,0.0,0.0,1
Urban,5480,0,0,0,0.0,0.0,0.0,1
Urban,5481,0,0,0,0.0,0.0,0.0,1
Urban,5482,0,0,0,0.0,0.0,0.0,1
Urban,5483,0,0,0,0.0,0.0,0.0,1
Urban,5484,0,0,0,0.0,0.0,0.0,1
Urban,5485,0,0,0,0.0,0.0,0.0,1
Urban,5486,0,0,0,0.0,0.0,0.0,1
Urban,5487,0,0,0,0.0,0.0,0.0,1
Urban,5488,0,0,0,0.0,0.0,0.0,1
Urban,5489,0,0,0,0.0,0.0,0.0,1
Urban,5490,0,0,0,0.0,0.0,0.0,1
Urban,5491,0,0,0,0.0,0.0,0.0,1
Urban,5492,0,0,0,0.0,0.0,0.0,1
Urban,5493,0,0,0,0.0,0.0,0.0,1
Urban,5494,0,0,0,0.0,0.0,0.0,1
Urban,5495,0,0,0,0.0,0.0,0.0,1
Urban,5496,0,0,0,0.0,0.0,0.0,1
Urban,5497,0,0,0,0.0,0.0,0.0,1
Urban,5498,0,0,0,0.0,0.0,0.0,1
Urban,5499,0,0,0,0.0,0.0,0.0,1
Urban,5500,0,0,0,0.0,0.0,0.0,1
Urban,5501,0,0,0,0.0,0.0,0.0,1
Urban,5502,0,0,0,0.0,0.0,0.0,1
Urban,5503,0,0,0,0.0,0.0,0.0,1
Urban,5504,0,0,0,0.0,0.0,0.0,1
Urban,5505,0,0,0,0.0,0.0,0.0,1
Urban,5506,0,0,0,0.0,0.0,0.0,1
Urban,5507,0,0,0,0.0,0.0,0.0,1
Urban,5508,0,0,0,0.0,0.0,0.0,1
Urban,5509,0,0,0,0.0,0.0,0.0,1
Urban,5510,0,0,0,0.0,0.0,0.0,1
Urban,5511,0,0,0,0.0,0.0,0.0,1
Urban,5512,0,0,0,0.0,0.0,0.0,1
Urban,5513,0,0,0,0.0,0.0,0.0,1
Urban,5514,0,0,0,0.0,0.0,0.0,1
Urban,5515,0,0,0,0.0,0.0,0.0,1
Urban,5516,0,0,0,0.0,0.0,0.0,1
Urban,5517,0,0,0,0.0,0.0,0.0,1
Urban,5518,0,0,0,0.0,0.0,0.0,1
Urban,5519,0,0,0,0.0,0.0,0.0,1
Urban,5520,0,0,0,0.0,0.0,0.0,1
Urban,5521,0,0,0,0.0,0.0,0.0,1
Urban,5522,0,0,0,0.0,0.0,0.0,1
Urban,5523,0,0,0,0.0,0.0,0.0,1
Urban,5524,0,0,0,0.0,0.0,0.0,1
Urban,5525,0,0,0,0.0,0.0,0.0,1
Urban,5526,0,0,0,0.0,0.0,0.0,1
Urban,5527,0,0,0,0.0,0.0,0.0,1
Urban,5528,0,0,0,0.0,0.0,0.0,1
Urban,5529,0,0,0,0.0,0.0,0.0,1
Urban,5530,0,0,0,0.0,0.0,0.0,1
Urban,5531,0,0,0,0.0,0.0,0.0,1
Urban,5532,0,0,0,0.0,0.0,0.0,1
Urban,5533,0,0,0,0.0,0.0,0.0,1
Urban,5534,0,0,0,0.0,0.0,0.0,1
Urban,5535,0,0,0,0.0,0.0,0.0,1
Urban,5536,0,0,0,0.0,0.0,0.0,1
Urban,5537,0,0,0,0.0,0.0,0.0,1
Urban,5538,0,0,0,0.0,0.0,0.0,1
Urban,5539,0,0,0,0.0,0.0,0.0,1
Urban,5540,0,0,0,0.0,0.0,0.0,1
Urban,5541,0,0,0,0.0,0.0,0.0,1
Urban,5542,0,0,0,0.0,0.0,0.0,1
Urban,5543,0,0,0,0.0,0.0,0.0,1
Urban,5544,0,0,0,0.0,0.0,0.0,1
Urban,5545,0,0,0,0.0,0.0,0.0,1
Urban,5546,0,0,0,0.0,0.0,0.0,1
Urban,5547,0,0,0,0.0,0.0,0.0,1
Urban,5548,0,0,0,0.0,0.0,0.0,1
Urban,5549,0,0,0,0.0,0.0,0.0,1
Urban,5550,0,0,0,0.0,0.0,0.0,1
Urban,5551,0,0,0,0.0,0.0,0.0,1
Urban,5552,0,0,0,0.0,0.0,0.0,1
Urban,5553,0,0,0,0.0,0.0,0.0,1
Urban,5554,0,0,0,0.0,0.0,0.0,1
Urban,5555,0,0,0,0.0,0.0,0.0,1
Urban,5556,0,0,0,0.0,0.0,0.0,1
Urban,5557,0,0,0,0.0,0.0,0.0,1
Urban,5558,0,0,0,0.0,0.0,0.0,1
Urban,5559,0,0,0,0.0,0.0,0.0,1
Urban,5560,0,0,0,0.0,0.0,0.0,1
Urban,5561,0,0,0,0.0,0.0,0.0,1
Urban,5562,0,0,0,0.0,0.0,0.0,1
Urban,5563,0,0,0,0.0,0.0,0.0,1
Urban,5564,0,0,0,0.0,0.0,0.0,1
Urban,5565,0,0,0,0.0,0.0,0.0,1
Urban,5566,0,0,0,0.0,0.0,0.0,1
Urban,5567,0,0,0,0.0,0.0,0.0,1
Urban,5568,0,0,0,0.0,0.0,0.0,1
Urban,5569,0,0,0,0.0,0.0,0.0,1
Urban,5570,0,0,0,0.0,0.0,0.0,1
Urban,5571,0,0,0,0.0,0.0,0.0,1
Urban,5572,0,0,0,0.0,0.0,0.0,1
Urban,5573,0,0,0,0.0,0.0,0.0,1
Urban,5574,0,0,0,0.0,0.0,0.0,1
Urban,5575,0,0,0,0.0,0.0,0.0,1
Urban,5576,0,0,0,0.0,0.0,0.0,1
Urban,5577,0,0,0,0.0,0.0,0.0,1
Urban,5578,0,0,0,0.0,0.0,0.0,1
Urban,5579,0,0,0,0.0,0.0,0.0,1
Urban,5580,0,0,0,0.0,0.0,0.0,1
Urban,5581,0,0,0,0.0,0.0,0.0,1
Urban,5582,0,0,0,0.0,0.0,0.0,1
Urban,5583,0,0,0,0.0,0.0,0.0,1
Urban,5584,0,0,0,0.0,0.0,0.0,1
Urban,5585,0,0,0,0.0,0.0,0.0,1
Urban,5586,0,0,0,0.0,0.0,0.0,1
Urban,5587,0,0,0,0.0,0.0,0.0,1
Urban,5588,0,0,0,0.0,0.0,0.0,1
Urban,5589,0,0,0,0.0,0.0,0.0,1
Urban,5590,0,0,0,0.0,0.0,0.0,1
Urban,5591,0,0,0,0.0,0.0,0.0,1
Urban,5592,0,0,0,0.0,0.0,0.0,1
Urban,5593,0,0,0,0.0,0.0,0.0,1
Urban,5594,0,0,0,0.0,0.0,0.0,1
Urban,5595,0,0,0,0.0,0.0,0.0,1
Urban,5596,0,0,0,0.0,0.0,0.0,1
Urban,5597,0,0,0,0.0,0.0,0.0,1
Urban,5598,0,0,0,0.0,0.0,0.0,1
Urban,5599,0,0,0,0.0,0.0,0.0,1
Urban,5600,0,0,0,0.0,0.0,0.0,1
Urban,5601,0,0,0,0.0,0.0,0.0,1
Urban,5602,0,0,0,0.0,0.0,0.0,1
Urban,5603,0,0,0,0.0,0.0,0.0,1
Urban,5604,0,0,0,0.0,0.0,0.0,1
Urban,5605,0,0,0,0.0,0.0,0.0,1
Urban,5606,0,0,0,0.0,0.0,0.0,1
Urban,5607,0,0,0,0.0,0.0,0.0,1
Urban,5608,0,0,0,0.0,0.0,0.0,1
Urban,5609,0,0,0,0.0,0.0,0.0,1
Urban,5610,0,0,0,0.0,0.0,0.0,1
Urban,5611,0,0,0,0.0,0.0,0.0,1
Urban,5612,0,0,0,0.0,0.0,0.0,1
Urban,5613,0,0,0,0.0,0.0,0.0,1
Urban,5614,0,0,0,0.0,0.0,0.0,1
Urban,5615,0,0,0,0.0,0.0,0.0,1
Urban,5616,0,0,0,0.0,0.0,0.0,1
Urban,5617,0,0,0,0.0,0.0,0.0,1
Urban,5618,0,0,0,0.0,0.0,0.0,1
Urban,5619,0,0,0,0.0,0.0,0.0,1
Urban,5620,0,0,0,0.0,0.0,0.0,1
Urban,5621,0,0,0,0.0,0.0,0.0,1
Urban,5622,0,0,0,0.0,0.0,0.0,1
Urban,5623,0,0,0,0.0,0.0,0.0,1
Urban,5624,0,0,0,0.0,0.0,0.0,1
Urban,5625,0,0,0,0.0,0.0,0.0,1
Urban,5626,0,0,0,0.0,0.0,0.0,1
Urban,5627,0,0,0,0.0,0.0,0.0,1
Urban,5628,0,0,0,0.0,0.0,0.0,1
Urban,5629,0,0,0,0.0,0.0,0.0,1
Urban,5630,0,0,0,0.0,0.0,0.0,1
Urban,5631,0,0,0,0.0,0.0,0.0,1
Urban,5632,0,0,0,0.0,0.0,0.0,1
Urban,5633,0,0,0,0.0,0.0,0.0,1
Urban,5634,0,0,0,0.0,0.0,0.0,1
Urban,5635,0,0,0,0.0,0.0,0.0,1
Urban,5636,0,0,0,0.0,0.0,0.0,1
Urban,5637,0,0,0,0.0,0.0,0.0,1
Urban,5638,0,0,0,0.0,0.0,0.0,1
Urban,5639,0,0,0,0.0,0.0,0.0,1
Urban,5640,0,0,0,0.0,0.0,0.0,1
Urban,5641,0,0,0,0.0,0.0,0.0,1
Urban,5642,0,0,0,0.0,0.0,0.0,1
Urban,5643,0,0,0,0.0,0.0,0.0,1
Urban,5644,0,0,0,0.0,0.0,0.0,1
Urban,5645,0,0,0,0.0,0.0,0.0,1
Urban,5646,0,0,0,0.0,0.0,0.0,1
Urban,5647,0,0,0,0.0,0.0,0.0,1
Urban,5648,0,0,0,0.0,0.0,0.0,1
Urban,5649,0,0,0,0.0,0.0,0.0,1
Urban,5650,0,0,0,0.0,0.0,0.0,1
Urban,5651,0,0,0,0.0,0.0,0.0,1
Urban,5652,0,0,0,0.0,0.0,0.0,1
Urban,5653,0,0,0,0.0,0.0,0.0,1
Urban,5654,0,0,0,0.0,0.0,0.0,1
Urban,5655,0,0,0,0.0,0.0,0.0,1
Urban,5656,0,0,0,0.0,0.0,0.0,1
Urban,5657,0,0,0,0.0,0.0,0.0,1
Urban,5658,0,0,0,0.0,0.0,0.0,1
Urban,5659,0,0,0,0.0,0.0,0.0,1
Urban,5660,0,0,0,0.0,0.0,0.0,1
Urban,5661,0,0,0,0.0,0.0,0.0,1
Urban,5662,0,0,0,0.0,0.0,0.0,1
Urban,5663,0,0,0,0.0,0.0,0.0,1
Urban,5664,0,0,0,0.0,0.0,0.0,1
Urban,5665,0,0,0,0.0,0.0,0.0,1
Urban,5666,0,0,0,0.0,0.0,0.0,1
Urban,5667,0,0,0,0.0,0.0,0.0,1
Urban,5668,0,0,0,0.0,0.0,0.0,1
Urban,5669,0,0,0,0.0,0.0,0.0,1
Urban,5670,0,0,0,0.0,0.0,0.0,1
Urban,5671,0,0,0,0.0,0.0,0.0,1
Urban,5672,0,0,0,0.0,0.0,0.0,1
Urban,5673,0,0,0,0.0,0.0,0.0,1
Urban,5674,0,0,0,0.0,0.0,0.0,1
Urban,5675,0,0,0,0.0,0.0,0.0,1
Urban,5676,0,0,0,0.0,0.0,0.0,1
Urban,5677,0,0,0,0.0,0.0,0.0,1
Urban,5678,0,0,0,0.0,0.0,0.0,1
Urban,5679,0,0,0,0.0,0.0,0.0,1
Urban,5680,0,0,0,0.0,0.0,0.0,1
Urban,5681,0,0,0,0.0,0.0,0.0,1
Urban,5682,0,0,0,0.0,0.0,0.0,1
Urban,5683,0,0,0,0.0,0.0,0.0,1
Urban,5684,0,0,0,0.0,0.0,0.0,1
Urban,5685,0,0,0,0.0,0.0,0.0,1
Urban,5686,0,0,0,0.0,0.0,0.0,1
Urban,5687,0,0,0,0.0,0.0,0.0,1
Urban,5688,0,0,0,0.0,0.0,0.0,1
Urban,5689,0,0,0,0.0,0.0,0.0,1
Urban,5690,0,0,0,0.0,0.0,0.0,1
Urban,5691,0,0,0,0.0,0.0,0.0,1
Urban,5692,0,0,0,0.0,0.0,0.0,1
Urban,5693,0,0,0,0.0,0.0,0.0,1
Urban,5694,0,0,0,0.0,0.0,0.0,1
Urban,5695,0,0,0,0.0,0.0,0.0,1
Urban,5696,0,0,0,0.0,0.0,0.0,1
Urban,5697,0,0,0,0.0,0.0,0.0,1
Urban,5698,0,0,0,0.0,0.0,0.0,1
Urban,5699,0,0,0,0.0,0.0,0.0,1
Urban,5700,0,0,0,0.0,0.0,0.0,1
Urban,5701,0,0,0,0.0,0.0,0.0,1
Urban,5702,0,0,0,0.0,0.0,0.0,1
Urban,5703,0,0,0,0.0,0.0,0.0,1
Urban,5704,0,0,0,0.0,0.0,0.0,1
Urban,5705,0,0,0,0.0,0.0,0.0,1
Urban,5706,0,0,0,0.0,0.0,0.0,1
Urban,5707,0,0,0,0.0,0.0,0.0,1
Urban,5708,0,0,0,0.0,0.0,0.0,1
Urban,5709,0,0,0,0.0,0.0,0.0,1
Urban,5710,0,0,0,0.0,0.0,0.0,1
Urban,5711,0,0,0,0.0,0.0,0.0,1
Urban,5712,0,0,0,0.0,0.0,0.0,1
Urban,5713,0,0,0,0.0,0.0,0.0,1
Urban,5714,0,0,0,0.0,0.0,0.0,1
Urban,5715,0,0,0,0.0,0.0,0.0,1
Urban,5716,0,0,0,0.0,0.0,0.0,1
Urban,5717,0,0,0,0.0,0.0,0.0,1
Urban,5718,0,0,0,0.0,0.0,0.0,1
Urban,5719,0,0,0,0.0,0.0,0.0,1
Urban,5720,0,0,0,0.0,0.0,0.0,1
Urban,5721,0,0,0,0.0,0.0,0.0,1
Urban,5722,0,0,0,0.0,0.0,0.0,1
Urban,5723,0,0,0,0.0,0.0,0.0,1
Urban,5724,0,0,0,0.0,0.0,0.0,1
Urban,5725,0,0,0,0.0,0.0,0.0,1
Urban,5726,0,0,0,0.0,0.0,0.0,1
Urban,5727,0,0,0,0.0,0.0,0.0,1
Urban,5728,0,0,0,0.0,0.0,0.0,1
Urban,5729,0,0,0,0.0,0.0,0.0,1
Urban,5730,0,0,0,0.0,0.0,0.0,1
Urban,5731,0,0,0,0.0,0.0,0.0,1
Urban,5732,0,0,0,0.0,0.0,0.0,1
Urban,5733,0,0,0,0.0,0.0,0.0,1
Urban,5734,0,0,0,0.0,0.0,0.0,1
Urban,5735,0,0,0,0.0,0.0,0.0,1
Urban,5736,0,0,0,0.0,0.0,0.0,1
Urban,5737,0,0,0,0.0,0.0,0.0,1
Urban,5738,0,0,0,0.0,0.0,0.0,1
Urban,5739,0,0,0,0.0,0.0,0.0,1
Urban,5740,0,0,0,0.0,0.0,0.0,1
Urban,5741,0,0,0,0.0,0.0,0.0,1
Urban,5742,0,0,0,0.0,0.0,0.0,1
Urban,5743,0,0,0,0.0,0.0,0.0,1
Urban,5744,0,0,0,0.0,0.0,0.0,1
Urban,5745,0,0,0,0.0,0.0,0.0,1
Urban,5746,0,0,0,0.0,0.0,0.0,1
Urban,5747,0,0,0,0.0,0.0,0.0,1
Urban,5748,0,0,0,0.0,0.0,0.0,1
Urban,5749,0,0,0,0.0,0.0,0.0,1
Urban,5750,0,0,0,0.0,0.0,0.0,1
Urban,5751,0,0,0,0.0,0.0,0.0,1
Urban,5752,0,0,0,0.0,0.0,0.0,1
Urban,5753,0,0,0,0.0,0.0,0.0,1
Urban,5754,0,0,0,0.0,0.0,0.0,1
Urban,5755,0,0,0,0.0,0.0,0.0,1
Urban,5756,0,0,0,0.0,0.0,0.0,1
Urban,5757,0,0,0,0.0,0.0,0.0,1
Urban,5758,0,0,0,0.0,0.0,0.0,1
Urban,5759,0,0,0,0.0,0.0,0.0,1
Urban,5760,0,0,0,0.0,0.0,0.0,1
Urban,5761,0,0,0,0.0,0.0,0.0,1
Urban,5762,0,0,0,0.0,0.0,0.0,1
Urban,5763,0,0,0,0.0,0.0,0.0,1
Urban,5764,0,0,0,0.0,0.0,0.0,1
Urban,5765,0,0,0,0.0,0.0,0.0,1
Urban,5766,0,0,0,0.0,0.0,0.0,1
Urban,5767,0,0,0,0.0,0.0,0.0,1
Urban,5768,0,0,0,0.0,0.0,0.0,1
Urban,5769,0,0,0,0.0,0.0,0.0,1
Urban,5770,0,0,0,0.0,0.0,0.0,1
Urban,5771,0,0,0,0.0,0.0,0.0,1
Urban,5772,0,0,0,0.0,0.0,0.0,1
Urban,5773,0,0,0,0.0,0.0,0.0,1
Urban,5774,0,0,0,0.0,0.0,0.0,1
Urban,5775,0,0,0,0.0,0.0,0.0,1
Urban,5776,0,0,0,0.0,0.0,0.0,1
Urban,5777,0,0,0,0.0,0.0,0.0,1
Urban,5778,0,0,0,0.0,0.0,0.0,1
Urban,5779,0,0,0,0.0,0.0,0.0,1
Urban,5780,0,0,0,0.0,0.0,0.0,1
Urban,5781,0,0,0,0.0,0.0,0.0,1
Urban,5782,0,0,0,0.0,0.0,0.0,1
Urban,5783,0,0,0,0.0,0.0,0.0,1
Urban,5784,0,0,0,0.0,0.0,0.0,1
Urban,5785,0,0,0,0.0,0.0,0.0,1
Urban,5786,0,0,0,0.0,0.0,0.0,1
Urban,5787,0,0,0,0.0,0.0,0.0,1
Urban,5788,0,0,0,0.0,0.0,0.0,1
Urban,5789,0,0,0,0.0,0.0,0.0,1
Urban,5790,0,0,0,0.0,0.0,0.0,1
Urban,5791,0,0,0,0.0,0.0,0.0,1
Urban,5792,0,0,0,0.0,0.0,0.0,1
Urban,5793,0,0,0,0.0,0.0,0.0,1
Urban,5794,0,0,0,0.0,0.0,0.0,1
Urban,5795,0,0,0,0.0,0.0,0.0,1
Urban,5796,0,0,0,0.0,0.0,0.0,1
Urban,5797,0,0,0,0.0,0.0,0.0,1
Urban,5798,0,0,0,0.0,0.0,0.0,1
Urban,5799,0,0,0,0.0,0.0,0.0,1
Urban,5800,0,0,0,0.0,0.0,0.0,1
Urban,5801,0,0,0,0.0,0.0,0.0,1
Urban,5802,0,0,0,0.0,0.0,0.0,1
Urban,5803,0,0,0,0.0,0.0,0.0,1
Urban,5804,0,0,0,0.0,0.0,0.0,1
Urban,5805,0,0,0,0.0,0.0,0.0,1
Urban,5806,0,0,0,0.0,0.0,0.0,1
Urban,5807,0,0,0,0.0,0.0,0.0,1
Urban,5808,0,0,0,0.0,0.0,0.0,1
Urban,5809,0,0,0,0.0,0.0,0.0,1
Urban,5810,0,0,0,0.0,0.0,0.0,1
Urban,5811,0,0,0,0.0,0.0,0.0,1
Urban,5812,0,0,0,0.0,0.0,0.0,1
Urban,5813,0,0,0,0.0,0.0,0.0,1
Urban,5814,0,0,0,0.0,0.0,0.0,1
Urban,5815,0,0,0,0.0,0.0,0.0,1
Urban,5816,0,0,0,0.0,0.0,0.0,1
Urban,5817,0,0,0,0.0,0.0,0.0,1
Urban,5818,0,0,0,0.0,0.0,0.0,1
Urban,5819,0,0,0,0.0,0.0,0.0,1
Urban,5820,0,0,0,0.0,0.0,0.0,1
Urban,5821,0,0,0,0.0,0.0,0.0,1
Urban,5822,0,0,0,0.0,0.0,0.0,1
Urban,5823,0,0,0,0.0,0.0,0.0,1
Urban,5824,0,0,0,0.0,0.0,0.0,1
Urban,5825,0,0,0,0.0,0.0,0.0,1
Urban,5826,0,0,0,0.0,0.0,0.0,1
Urban,5827,0,0,0,0.0,0.0,0.0,1
Urban,5828,0,0,0,0.0,0.0,0.0,1
Urban,5829,0,0,0,0.0,0.0,0.0,1
Urban,5830,0,0,0,0.0,0.0,0.0,1
Urban,5831,0,0,0,0.0,0.0,0.0,1
Urban,5832,0,0,0,0.0,0.0,0.0,1
Urban,5833,0,0,0,0.0,0.0,0.0,1
Urban,5834,0,0,0,0.0,0.0,0.0,1
Urban,5835,0,0,0,0.0,0.0,0.0,1
Urban,5836,0,0,0,0.0,0.0,0.0,1
Urban,5837,0,0,0,0.0,0.0,0.0,1
Urban,5838,0,0,0,0.0,0.0,0.0,1
Urban,5839,0,0,0,0.0,0.0,0.0,1
Urban,5840,0,0,0,0.0,0.0,0.0,1
Urban,5841,0,0,0,0.0,0.0,0.0,1
Urban,5842,0,0,0,0.0,0.0,0.0,1
Urban,5843,0,0,0,0.0,0.0,0.0,1
Urban,5844,0,0,0,0.0,0.0,0.0,1
Urban,5845,0,0,0,0.0,0.0,0.0,1
Urban,5846,0,0,0,0.0,0.0,0.0,1
Urban,5847,0,0,0,0.0,0.0,0.0,1
Urban,5848,0,0,0,0.0,0.0,0.0,1
Urban,5849,0,0,0,0.0,0.0,0.0,1
Urban,5850,0,0,0,0.0,0.0,0.0,1
Urban,5851,0,0,0,0.0,0.0,0.0,1
Urban,5852,0,0,0,0.0,0.0,0.0,1
Urban,5853,0,0,0,0.0,0.0,0.0,1
Urban,5854,0,0,0,0.0,0.0,0.0,1
Urban,5855,0,0,0,0.0,0.0,0.0,1
Urban,5856,0,0,0,0.0,0.0,0.0,1
Urban,5857,0,0,0,0.0,0.0,0.0,1
Urban,5858,0,0,0,0.0,0.0,0.0,1
Urban,5859,0,0,0,0.0,0.0,0.0,1
Urban,5860,0,0,0,0.0,0.0,0.0,1
Urban,5861,0,0,0,0.0,0.0,0.0,1
Urban,5862,0,0,0,0.0,0.0,0.0,1
Urban,5863,0,0,0,0.0,0.0,0.0,1
Urban,5864,0,0,0,0.0,0.0,0.0,1
Urban,5865,0,0,0,0.0,0.0,0.0,1
Urban,5866,0,0,0,0.0,0.0,0.0,1
Urban,5867,0,0,0,0.0,0.0,0.0,1
Urban,5868,0,0,0,0.0,0.0,0.0,1
Urban,5869,0,0,0,0.0,0.0,0.0,1
Urban,5870,0,0,0,0.0,0.0,0.0,1
Urban,5871,0,0,0,0.0,0.0,0.0,1
Urban,5872,0,0,0,0.0,0.0,0.0,1
Urban,5873,0,0,0,0.0,0.0,0.0,1
Urban,5874,0,0,0,0.0,0.0,0.0,1
Urban,5875,0,0,0,0.0,0.0,0.0,1
Urban,5876,0,0,0,0.0,0.0,0.0,1
Urban,5877,0,0,0,0.0,0.0,0.0,1
Urban,5878,0,0,0,0.0,0.0,0.0,1
Urban,5879,0,0,0,0.0,0.0,0.0,1
Urban,5880,0,0,0,0.0,0.0,0.0,1
Urban,5881,0,0,0,0.0,0.0,0.0,1
Urban,5882,0,0,0,0.0,0.0,0.0,1
Urban,5883,0,0,0,0.0,0.0,0.0,1
Urban,5884,0,0,0,0.0,0.0,0.0,1
Urban,5885,0,0,0,0.0,0.0,0.0,1
Urban,5886,0,0,0,0.0,0.0,0.0,1
Urban,5887,0,0,0,0.0,0.0,0.0,1
Urban,5888,0,0,0,0.0,0.0,0.0,1
Urban,5889,0,0,0,0.0,0.0,0.0,1
Urban,5890,0,0,0,0.0,0.0,0.0,1
Urban,5891,0,0,0,0.0,0.0,0.0,1
Urban,5892,0,0,0,0.0,0.0,0.0,1
Urban,5893,0,0,0,0.0,0.0,0.0,1
Urban,5894,0,0,0,0.0,0.0,0.0,1
Urban,5895,0,0,0,0.0,0.0,0.0,1
Urban,5896,0,0,0,0.0,0.0,0.0,1
Urban,5897,0,0,0,0.0,0.0,0.0,1
Urban,5898,0,0,0,0.0,0.0,0.0,1
Urban,5899,0,0,0,0.0,0.0,0.0,1
Urban,5900,0,0,0,0.0,0.0,0.0,1
Urban,5901,0,0,0,0.0,0.0,0.0,1
Urban,5902,0,0,0,0.0,0.0,0.0,1
Urban,5903,0,0,0,0.0,0.0,0.0,1
Urban,5904,0,0,0,0.0,0.0,0.0,1
Urban,5905,0,0,0,0.0,0.0,0.0,1
Urban,5906,0,0,0,0.0,0.0,0.0,1
Urban,5907,0,0,0,0.0,0.0,0.0,1
Urban,5908,0,0,0,0.0,0.0,0.0,1
Urban,5909,0,0,0,0.0,0.0,0.0,1
Urban,5910,0,0,0,0.0,0.0,0.0,1
Urban,5911,0,0,0,0.0,0.0,0.0,1
Urban,5912,0,0,0,0.0,0.0,0.0,1
Urban,5913,0,0,0,0.0,0.0,0.0,1
Urban,5914,0,0,0,0.0,0.0,0.0,1
Urban,5915,0,0,0,0.0,0.0,0.0,1
Urban,5916,0,0,0,0.0,0.0,0.0,1
Urban,5917,0,0,0,0.0,0.0,0.0,1
Urban,5918,0,0,0,0.0,0.0,0.0,1
Urban,5919,0,0,0,0.0,0.0,0.0,1
Urban,5920,0,0,0,0.0,0.0,0.0,1
Urban,5921,0,0,0,0.0,0.0,0.0,1
Urban,5922,0,0,0,0.0,0.0,0.0,1
Urban,5923,0,0,0,0.0,0.0,0.0,1
Urban,5924,0,0,0,0.0,0.0,0.0,1
Urban,5925,0,0,0,0.0,0.0,0.0,1
Urban,5926,0,0,0,0.0,0.0,0.0,1
Urban,5927,0,0,0,0.0,0.0,0.0,1
Urban,5928,0,0,0,0.0,0.0,0.0,1
Urban,5929,0,0,0,0.0,0.0,0.0,1
Urban,5930,0,0,0,0.0,0.0,0.0,1
Urban,5931,0,0,0,0.0,0.0,0.0,1
Urban,5932,0,0,0,0.0,0.0,0.0,1
Urban,5933,0,0,0,0.0,0.0,0.0,1
Urban,5934,0,0,0,0.0,0.0,0.0,1
Urban,5935,0,0,0,0.0,0.0,0.0,1
Urban,5936,0,0,0,0.0,0.0,0.0,1
Urban,5937,0,0,0,0.0,0.0,0.0,1
Urban,5938,0,0,0,0.0,0.0,0.0,1
Urban,5939,0,0,0,0.0,0.0,0.0,1
Urban,5940,0,0,0,0.0,0.0,0.0,1
Urban,5941,0,0,0,0.0,0.0,0.0,1
Urban,5942,0,0,0,0.0,0.0,0.0,1
Urban,5943,0,0,0,0.0,0.0,0.0,1
Urban,5944,0,0,0,0.0,0.0,0.0,1
Urban,5945,0,0,0,0.0,0.0,0.0,1
Urban,5946,0,0,0,0.0,0.0,0.0,1
Urban,5947,0,0,0,0.0,0.0,0.0,1
Urban,5948,0,0,0,0.0,0.0,0.0,1
Urban,5949,0,0,0,0.0,0.0,0.0,1
Urban,5950,0,0,0,0.0,0.0,0.0,1
Urban,5951,0,0,0,0.0,0.0,0.0,1
Urban,5952,0,0,0,0.0,0.0,0.0,1
Urban,5953,0,0,0,0.0,0.0,0.0,1
Urban,5954,0,0,0,0.0,0.0,0.0,1
Urban,5955,0,0,0,0.0,0.0,0.0,1
Urban,5956,0,0,0,0.0,0.0,0.0,1
Urban,5957,0,0,0,0.0,0.0,0.0,1
Urban,5958,0,0,0,0.0,0.0,0.0,1
Urban,5959,0,0,0,0.0,0.0,0.0,1
Urban,5960,0,0,0,0.0,0.0,0.0,1
Urban,5961,0,0,0,0.0,0.0,0.0,1
Urban,5962,0,0,0,0.0,0.0,0.0,1
Urban,5963,0,0,0,0.0,0.0,0.0,1
Urban,5964,0,0,0,0.0,0.0,0.0,1
Urban,5965,0,0,0,0.0,0.0,0.0,1
Urban,5966,0,0,0,0.0,0.0,0.0,1
Urban,5967,0,0,0,0.0,0.0,0.0,1
Urban,5968,0,0,0,0.0,0.0,0.0,1
Urban,5969,0,0,0,0.0,0.0,0.0,1
Urban,5970,0,0,0,0.0,0.0,0.0,1
Urban,5971,0,0,0,0.0,0.0,0.0,1
Urban,5972,0,0,0,0.0,0.0,0.0,1
Urban,5973,0,0,0,0.0,0.0,0.0,1
Urban,5974,0,0,0,0.0,0.0,0.0,1
Urban,5975,0,0,0,0.0,0.0,0.0,1
Urban,5976,0,0,0,0.0,0.0,0.0,1
Urban,5977,0,0,0,0.0,0.0,0.0,1
Urban,5978,0,0,0,0.0,0.0,0.0,1
Urban,5979,0,0,0,0.0,0.0,0.0,1
Urban,5980,0,0,0,0.0,0.0,0.0,1
Urban,5981,0,0,0,0.0,0.0,0.0,1
Urban,5982,0,0,0,0.0,0.0,0.0,1
Urban,5983,0,0,0,0.0,0.0,0.0,1
Urban,5984,0,0,0,0.0,0.0,0.0,1
Urban,5985,0,0,0,0.0,0.0,0.0,1
Urban,5986,0,0,0,0.0,0.0,0.0,1
Urban,5987,0,0,0,0.0,0.0,0.0,1
Urban,5988,0,0,0,0.0,0.0,0.0,1
Urban,5989,0,0,0,0.0,0.0,0.0,1
Urban,5990,0,0,0,0.0,0.0,0.0,1
Urban,5991,0,0,0,0.0,0.0,0.0,1
Urban,5992,0,0,0,0.0,0.0,0.0,1
Urban,5993,0,0,0,0.0,0.0,0.0,1
Urban,5994,0,0,0,0.0,0.0,0.0,1
Urban,5995,0,0,0,0.0,0.0,0.0,1
Urban,5996,0,0,0,0.0,0.0,0.0,1
Urban,5997,0,0,0,0.0,0.0,0.0,1
Urban,5998,0,0,0,0.0,0.0,0.0,1
Urban,5999,0,0,0,0.0,0.0,0.0,1
Urban,6000,0,0,0,0.0,0.0,0.0,1
Urban,6001,0,0,0,0.0,0.0,0.0,1
Urban,6002,0,0,0,0.0,0.0,0.0,1
Urban,6003,0,0,0,0.0,0.0,0.0,1
Urban,6004,0,0,0,0.0,0.0,0.0,1
Urban,6005,0,0,0,0.0,0.0,0.0,1
Urban,6006,0,0,0,0.0,0.0,0.0,1
Urban,6007,0,0,0,0.0,0.0,0.0,1
Urban,6008,0,0,0,0.0,0.0,0.0,1
Urban,6009,0,0,0,0.0,0.0,0.0,1
Urban,6010,0,0,0,0.0,0.0,0.0,1
Urban,6011,0,0,0,0.0,0.0,0.0,1
Urban,6012,0,0,0,0.0,0.0,0.0,1
Urban,6013,0,0,0,0.0,0.0,0.0,1
Urban,6014,0,0,0,0.0,0.0,0.0,1
Urban,6015,0,0,0,0.0,0.0,0.0,1
Urban,6016,0,0,0,0.0,0.0,0.0,1
Urban,6017,0,0,0,0.0,0.0,0.0,1
Urban,6018,0,0,0,0.0,0.0,0.0,1
Urban,6019,0,0,0,0.0,0.0,0.0,1
Urban,6020,0,0,0,0.0,0.0,0.0,1
Urban,6021,0,0,0,0.0,0.0,0.0,1
Urban,6022,0,0,0,0.0,0.0,0.0,1
Urban,6023,0,0,0,0.0,0.0,0.0,1
Urban,6024,0,0,0,0.0,0.0,0.0,1
Urban,6025,0,0,0,0.0,0.0,0.0,1
Urban,6026,0,0,0,0.0,0.0,0.0,1
Urban,6027,0,0,0,0.0,0.0,0.0,1
Urban,6028,0,0,0,0.0,0.0,0.0,1
Urban,6029,0,0,0,0.0,0.0,0.0,1
Urban,6030,0,0,0,0.0,0.0,0.0,1
Urban,6031,0,0,0,0.0,0.0,0.0,1
Urban,6032,0,0,0,0.0,0.0,0.0,1
Urban,6033,0,0,0,0.0,0.0,0.0,1
Urban,6034,0,0,0,0.0,0.0,0.0,1
Urban,6035,0,0,0,0.0,0.0,0.0,1
Urban,6036,0,0,0,0.0,0.0,0.0,1
Urban,6037,0,0,0,0.0,0.0,0.0,1
Urban,6038,0,0,0,0.0,0.0,0.0,1
Urban,6039,0,0,0,0.0,0.0,0.0,1
Urban,6040,0,0,0,0.0,0.0,0.0,1
Urban,6041,0,0,0,0.0,0.0,0.0,1
Urban,6042,0,0,0,0.0,0.0,0.0,1
Urban,6043,0,0,0,0.0,0.0,0.0,1
Urban,6044,0,0,0,0.0,0.0,0.0,1
Urban,6045,0,0,0,0.0,0.0,0.0,1
Urban,6046,0,0,0,0.0,0.0,0.0,1
Urban,6047,0,0,0,0.0,0.0,0.0,1
Urban,6048,0,0,0,0.0,0.0,0.0,1
Urban,6049,0,0,0,0.0,0.0,0.0,1
Urban,6050,0,0,0,0.0,0.0,0.0,1
Urban,6051,0,0,0,0.0,0.0,0.0,1
Urban,6052,0,0,0,0.0,0.0,0.0,1
Urban,6053,0,0,0,0.0,0.0,0.0,1
Urban,6054,0,0,0,0.0,0.0,0.0,1
Urban,6055,0,0,0,0.0,0.0,0.0,1
Urban,6056,0,0,0,0.0,0.0,0.0,1
Urban,6057,0,0,0,0.0,0.0,0.0,1
Urban,6058,0,0,0,0.0,0.0,0.0,1
Urban,6059,0,0,0,0.0,0.0,0.0,1
Urban,6060,0,0,0,0.0,0.0,0.0,1
Urban,6061,0,0,0,0.0,0.0,0.0,1
Urban,6062,0,0,0,0.0,0.0,0.0,1
Urban,6063,0,0,0,0.0,0.0,0.0,1
Urban,6064,0,0,0,0.0,0.0,0.0,1
Urban,6065,0,0,0,0.0,0.0,0.0,1
Urban,6066,0,0,0,0.0,0.0,0.0,1
Urban,6067,0,0,0,0.0,0.0,0.0,1
Urban,6068,0,0,0,0.0,0.0,0.0,1
Urban,6069,0,0,0,0.0,0.0,0.0,1
Urban,6070,0,0,0,0.0,0.0,0.0,1
Urban,6071,0,0,0,0.0,0.0,0.0,1
Urban,6072,0,0,0,0.0,0.0,0.0,1
Urban,6073,0,0,0,0.0,0.0,0.0,1
Urban,6074,0,0,0,0.0,0.0,0.0,1
Urban,6075,0,0,0,0.0,0.0,0.0,1
Urban,6076,0,0,0,0.0,0.0,0.0,1
Urban,6077,0,0,0,0.0,0.0,0.0,1
Urban,6078,0,0,0,0.0,0.0,0.0,1
Urban,6079,0,0,0,0.0,0.0,0.0,1
Urban,6080,0,0,0,0.0,0.0,0.0,1
Urban,6081,0,0,0,0.0,0.0,0.0,1
Urban,6082,0,0,0,0.0,0.0,0.0,1
Urban,6083,0,0,0,0.0,0.0,0.0,1
Urban,6084,0,0,0,0.0,0.0,0.0,1
Urban,6085,0,0,0,0.0,0.0,0.0,1
Urban,6086,0,0,0,0.0,0.0,0.0,1
Urban,6087,0,0,0,0.0,0.0,0.0,1
Urban,6088,0,0,0,0.0,0.0,0.0,1
Urban,6089,0,0,0,0.0,0.0,0.0,1
Urban,6090,0,0,0,0.0,0.0,0.0,1
Urban,6091,0,0,0,0.0,0.0,0.0,1
Urban,6092,0,0,0,0.0,0.0,0.0,1
Urban,6093,0,0,0,0.0,0.0,0.0,1
Urban,6094,0,0,0,0.0,0.0,0.0,1
Urban,6095,0,0,0,0.0,0.0,0.0,1
Urban,6096,0,0,0,0.0,0.0,0.0,1
Urban,6097,0,0,0,0.0,0.0,0.0,1
Urban,6098,0,0,0,0.0,0.0,0.0,1
Urban,6099,0,0,0,0.0,0.0,0.0,1
Urban,6100,0,0,0,0.0,0.0,0.0,1
Urban,6101,0,0,0,0.0,0.0,0.0,1
Urban,6102,0,0,0,0.0,0.0,0.0,1
Urban,6103,0,0,0,0.0,0.0,0.0,1
Urban,6104,0,0,0,0.0,0.0,0.0,1
Urban,6105,0,0,0,0.0,0.0,0.0,1
Urban,6106,0,0,0,0.0,0.0,0.0,1
Urban,6107,0,0,0,0.0,0.0,0.0,1
Urban,6108,0,0,0,0.0,0.0,0.0,1
Urban,6109,0,0,0,0.0,0.0,0.0,1
Urban,6110,0,0,0,0.0,0.0,0.0,1
Urban,6111,0,0,0,0.0,0.0,0.0,1
Urban,6112,0,0,0,0.0,0.0,0.0,1
Urban,6113,0,0,0,0.0,0.0,0.0,1
Urban,6114,0,0,0,0.0,0.0,0.0,1
Urban,6115,0,0,0,0.0,0.0,0.0,1
Urban,6116,0,0,0,0.0,0.0,0.0,1
Urban,6117,0,0,0,0.0,0.0,0.0,1
Urban,6118,0,0,0,0.0,0.0,0.0,1
Urban,6119,0,0,0,0.0,0.0,0.0,1
Urban,6120,0,0,0,0.0,0.0,0.0,1
Urban,6121,0,0,0,0.0,0.0,0.0,1
Urban,6122,0,0,0,0.0,0.0,0.0,1
Urban,6123,0,0,0,0.0,0.0,0.0,1
Urban,6124,0,0,0,0.0,0.0,0.0,1
Urban,6125,0,0,0,0.0,0.0,0.0,1
Urban,6126,0,0,0,0.0,0.0,0.0,1
Urban,6127,0,0,0,0.0,0.0,0.0,1
Urban,6128,0,0,0,0.0,0.0,0.0,1
Urban,6129,0,0,0,0.0,0.0,0.0,1
Urban,6130,0,0,0,0.0,0.0,0.0,1
Urban,6131,0,0,0,0.0,0.0,0.0,1
Urban,6132,0,0,0,0.0,0.0,0.0,1
Urban,6133,0,0,0,0.0,0.0,0.0,1
Urban,6134,0,0,0,0.0,0.0,0.0,1
Urban,6135,0,0,0,0.0,0.0,0.0,1
Urban,6136,0,0,0,0.0,0.0,0.0,1
Urban,6137,0,0,0,0.0,0.0,0.0,1
Urban,6138,0,0,0,0.0,0.0,0.0,1
Urban,6139,0,0,0,0.0,0.0,0.0,1
Urban,6140,0,0,0,0.0,0.0,0.0,1
Urban,6141,0,0,0,0.0,0.0,0.0,1
Urban,6142,0,0,0,0.0,0.0,0.0,1
Urban,6143,0,0,0,0.0,0.0,0.0,1
Urban,6144,0,0,0,0.0,0.0,0.0,1
Urban,6145,0,0,0,0.0,0.0,0.0,1
Urban,6146,0,0,0,0.0,0.0,0.0,1
Urban,6147,0,0,0,0.0,0.0,0.0,1
Urban,6148,0,0,0,0.0,0.0,0.0,1
Urban,6149,0,0,0,0.0,0.0,0.0,1
Urban,6150,0,0,0,0.0,0.0,0.0,1
Urban,6151,0,0,0,0.0,0.0,0.0,1
Urban,6152,0,0,0,0.0,0.0,0.0,1
Urban,6153,0,0,0,0.0,0.0,0.0,1
Urban,6154,0,0,0,0.0,0.0,0.0,1
Urban,6155,0,0,0,0.0,0.0,0.0,1
Urban,6156,0,0,0,0.0,0.0,0.0,1
Urban,6157,0,0,0,0.0,0.0,0.0,1
Urban,6158,0,0,0,0.0,0.0,0.0,1
Urban,6159,0,0,0,0.0,0.0,0.0,1
Urban,6160,0,0,0,0.0,0.0,0.0,1
Urban,6161,0,0,0,0.0,0.0,0.0,1
Urban,6162,0,0,0,0.0,0.0,0.0,1
Urban,6163,0,0,0,0.0,0.0,0.0,1
Urban,6164,0,0,0,0.0,0.0,0.0,1
Urban,6165,0,0,0,0.0,0.0,0.0,1
Urban,6166,0,0,0,0.0,0.0,0.0,1
Urban,6167,0,0,0,0.0,0.0,0.0,1
Urban,6168,0,0,0,0.0,0.0,0.0,1
Urban,6169,0,0,0,0.0,0.0,0.0,1
Urban,6170,0,0,0,0.0,0.0,0.0,1
Urban,6171,0,0,0,0.0,0.0,0.0,1
Urban,6172,0,0,0,0.0,0.0,0.0,1
Urban,6173,0,0,0,0.0,0.0,0.0,1
Urban,6174,0,0,0,0.0,0.0,0.0,1
Urban,6175,0,0,0,0.0,0.0,0.0,1
Urban,6176,0,0,0,0.0,0.0,0.0,1
Urban,6177,0,0,0,0.0,0.0,0.0,1
Urban,6178,0,0,0,0.0,0.0,0.0,1
Urban,6179,0,0,0,0.0,0.0,0.0,1
Urban,6180,0,0,0,0.0,0.0,0.0,1
Urban,6181,0,0,0,0.0,0.0,0.0,1
Urban,6182,0,0,0,0.0,0.0,0.0,1
Urban,6183,0,0,0,0.0,0.0,0.0,1
Urban,6184,0,0,0,0.0,0.0,0.0,1
Urban,6185,0,0,0,0.0,0.0,0.0,1
Urban,6186,0,0,0,0.0,0.0,0.0,1
Urban,6187,0,0,0,0.0,0.0,0.0,1
Urban,6188,0,0,0,0.0,0.0,0.0,1
Urban,6189,0,0,0,0.0,0.0,0.0,1
Urban,6190,0,0,0,0.0,0.0,0.0,1
Urban,6191,0,0,0,0.0,0.0,0.0,1
Urban,6192,0,0,0,0.0,0.0,0.0,1
Urban,6193,0,0,0,0.0,0.0,0.0,1
Urban,6194,0,0,0,0.0,0.0,0.0,1
Urban,6195,0,0,0,0.0,0.0,0.0,1
Urban,6196,0,0,0,0.0,0.0,0.0,1
Urban,6197,0,0,0,0.0,0.0,0.0,1
Urban,6198,0,0,0,0.0,0.0,0.0,1
Urban,6199,0,0,0,0.0,0.0,0.0,1
Urban,6200,0,0,0,0.0,0.0,0.0,1
Urban,6201,0,0,0,0.0,0.0,0.0,1
Urban,6202,0,0,0,0.0,0.0,0.0,1
Urban,6203,0,0,0,0.0,0.0,0.0,1
Urban,6204,0,0,0,0.0,0.0,0.0,1
Urban,6205,0,0,0,0.0,0.0,0.0,1
Urban,6206,0,0,0,0.0,0.0,0.0,1
Urban,6207,0,0,0,0.0,0.0,0.0,1
Urban,6208,0,0,0,0.0,0.0,0.0,1
Urban,6209,0,0,0,0.0,0.0,0.0,1
Urban,6210,0,0,0,0.0,0.0,0.0,1
Urban,6211,0,0,0,0.0,0.0,0.0,1
Urban,6212,0,0,0,0.0,0.0,0.0,1
Urban,6213,0,0,0,0.0,0.0,0.0,1
Urban,6214,0,0,0,0.0,0.0,0.0,1
Urban,6215,0,0,0,0.0,0.0,0.0,1
Urban,6216,0,0,0,0.0,0.0,0.0,1
Urban,6217,0,0,0,0.0,0.0,0.0,1
Urban,6218,0,0,0,0.0,0.0,0.0,1
Urban,6219,0,0,0,0.0,0.0,0.0,1
Urban,6220,0,0,0,0.0,0.0,0.0,1
Urban,6221,0,0,0,0.0,0.0,0.0,1
Urban,6222,0,0,0,0.0,0.0,0.0,1
Urban,6223,0,0,0,0.0,0.0,0.0,1
Urban,6224,0,0,0,0.0,0.0,0.0,1
Urban,6225,0,0,0,0.0,0.0,0.0,1
Urban,6226,0,0,0,0.0,0.0,0.0,1
Urban,6227,0,0,0,0.0,0.0,0.0,1
Urban,6228,0,0,0,0.0,0.0,0.0,1
Urban,6229,0,0,0,0.0,0.0,0.0,1
Urban,6230,0,0,0,0.0,0.0,0.0,1
Urban,6231,0,0,0,0.0,0.0,0.0,1
Urban,6232,0,0,0,0.0,0.0,0.0,1
Urban,6233,0,0,0,0.0,0.0,0.0,1
Urban,6234,0,0,0,0.0,0.0,0.0,1
Urban,6235,0,0,0,0.0,0.0,0.0,1
Urban,6236,0,0,0,0.0,0.0,0.0,1
Urban,6237,0,0,0,0.0,0.0,0.0,1
Urban,6238,0,0,0,0.0,0.0,0.0,1
Urban,6239,0,0,0,0.0,0.0,0.0,1
Urban,6240,0,0,0,0.0,0.0,0.0,1
Urban,6241,0,0,0,0.0,0.0,0.0,1
Urban,6242,0,0,0,0.0,0.0,0.0,1
Urban,6243,0,0,0,0.0,0.0,0.0,1
Urban,6244,0,0,0,0.0,0.0,0.0,1
Urban,6245,0,0,0,0.0,0.0,0.0,1
Urban,6246,0,0,0,0.0,0.0,0.0,1
Urban,6247,0,0,0,0.0,0.0,0.0,1
Urban,6248,0,0,0,0.0,0.0,0.0,1
Urban,6249,0,0,0,0.0,0.0,0.0,1
Urban,6250,0,0,0,0.0,0.0,0.0,1
Urban,6251,0,0,0,0.0,0.0,0.0,1
Urban,6252,0,0,0,0.0,0.0,0.0,1
Urban,6253,0,0,0,0.0,0.0,0.0,1
Urban,6254,0,0,0,0.0,0.0,0.0,1
Urban,6255,0,0,0,0.0,0.0,0.0,1
Urban,6256,0,0,0,0.0,0.0,0.0,1
Urban,6257,0,0,0,0.0,0.0,0.0,1
Urban,6258,0,0,0,0.0,0.0,0.0,1
Urban,6259,0,0,0,0.0,0.0,0.0,1
Urban,6260,0,0,0,0.0,0.0,0.0,1
Urban,6261,0,0,0,0.0,0.0,0.0,1
Urban,6262,0,0,0,0.0,0.0,0.0,1
Urban,6263,0,0,0,0.0,0.0,0.0,1
Urban,6264,0,0,0,0.0,0.0,0.0,1
Urban,6265,0,0,0,0.0,0.0,0.0,1
Urban,6266,0,0,0,0.0,0.0,0.0,1
Urban,6267,0,0,0,0.0,0.0,0.0,1
Urban,6268,0,0,0,0.0,0.0,0.0,1
Urban,6269,0,0,0,0.0,0.0,0.0,1
Urban,6270,0,0,0,0.0,0.0,0.0,1
Urban,6271,0,0,0,0.0,0.0,0.0,1
Urban,6272,0,0,0,0.0,0.0,0.0,1
Urban,6273,0,0,0,0.0,0.0,0.0,1
Urban,6274,0,0,0,0.0,0.0,0.0,1
Urban,6275,0,0,0,0.0,0.0,0.0,1
Urban,6276,0,0,0,0.0,0.0,0.0,1
Urban,6277,0,0,0,0.0,0.0,0.0,1
Urban,6278,0,0,0,0.0,0.0,0.0,1
Urban,6279,0,0,0,0.0,0.0,0.0,1
Urban,6280,0,0,0,0.0,0.0,0.0,1
Urban,6281,0,0,0,0.0,0.0,0.0,1
Urban,6282,0,0,0,0.0,0.0,0.0,1
Urban,6283,0,0,0,0.0,0.0,0.0,1
Urban,6284,0,0,0,0.0,0.0,0.0,1
Urban,6285,0,0,0,0.0,0.0,0.0,1
Urban,6286,0,0,0,0.0,0.0,0.0,1
Urban,6287,0,0,0,0.0,0.0,0.0,1
Urban,6288,0,0,0,0.0,0.0,0.0,1
Urban,6289,0,0,0,0.0,0.0,0.0,1
Urban,6290,0,0,0,0.0,0.0,0.0,1
Urban,6291,0,0,0,0.0,0.0,0.0,1
Urban,6292,0,0,0,0.0,0.0,0.0,1
Urban,6293,0,0,0,0.0,0.0,0.0,1
Urban,6294,0,0,0,0.0,0.0,0.0,1
Urban,6295,0,0,0,0.0,0.0,0.0,1
Urban,6296,0,0,0,0.0,0.0,0.0,1
Urban,6297,0,0,0,0.0,0.0,0.0,1
Urban,6298,0,0,0,0.0,0.0,0.0,1
Urban,6299,0,0,0,0.0,0.0,0.0,1
Urban,6300,0,0,0,0.0,0.0,0.0,1
Urban,6301,0,0,0,0.0,0.0,0.0,1
Urban,6302,0,0,0,0.0,0.0,0.0,1
Urban,6303,0,0,0,0.0,0.0,0.0,1
Urban,6304,0,0,0,0.0,0.0,0.0,1
Urban,6305,0,0,0,0.0,0.0,0.0,1
Urban,6306,0,0,0,0.0,0.0,0.0,1
Urban,6307,0,0,0,0.0,0.0,0.0,1
Urban,6308,0,0,0,0.0,0.0,0.0,1
Urban,6309,0,0,0,0.0,0.0,0.0,1
Urban,6310,0,0,0,0.0,0.0,0.0,1
Urban,6311,0,0,0,0.0,0.0,0.0,1
Urban,6312,0,0,0,0.0,0.0,0.0,1
Urban,6313,0,0,0,0.0,0.0,0.0,1
Urban,6314,0,0,0,0.0,0.0,0.0,1
Urban,6315,0,0,0,0.0,0.0,0.0,1
Urban,6316,0,0,0,0.0,0.0,0.0,1
Urban,6317,0,0,0,0.0,0.0,0.0,1
Urban,6318,0,0,0,0.0,0.0,0.0,1
Urban,6319,0,0,0,0.0,0.0,0.0,1
Urban,6320,0,0,0,0.0,0.0,0.0,1
Urban,6321,0,0,0,0.0,0.0,0.0,1
Urban,6322,0,0,0,0.0,0.0,0.0,1
Urban,6323,0,0,0,0.0,0.0,0.0,1
Urban,6324,0,0,0,0.0,0.0,0.0,1
Urban,6325,0,0,0,0.0,0.0,0.0,1
Urban,6326,0,0,0,0.0,0.0,0.0,1
Urban,6327,0,0,0,0.0,0.0,0.0,1
Urban,6328,0,0,0,0.0,0.0,0.0,1
Urban,6329,0,0,0,0.0,0.0,0.0,1
Urban,6330,0,0,0,0.0,0.0,0.0,1
Urban,6331,0,0,0,0.0,0.0,0.0,1
Urban,6332,0,0,0,0.0,0.0,0.0,1
Urban,6333,0,0,0,0.0,0.0,0.0,1
Urban,6334,0,0,0,0.0,0.0,0.0,1
Urban,6335,0,0,0,0.0,0.0,0.0,1
Urban,6336,0,0,0,0.0,0.0,0.0,1
Urban,6337,0,0,0,0.0,0.0,0.0,1
Urban,6338,0,0,0,0.0,0.0,0.0,1
Urban,6339,0,0,0,0.0,0.0,0.0,1
Urban,6340,0,0,0,0.0,0.0,0.0,1
Urban,6341,0,0,0,0.0,0.0,0.0,1
Urban,6342,0,0,0,0.0,0.0,0.0,1
Urban,6343,0,0,0,0.0,0.0,0.0,1
Urban,6344,0,0,0,0.0,0.0,0.0,1
Urban,6345,0,0,0,0.0,0.0,0.0,1
Urban,6346,0,0,0,0.0,0.0,0.0,1
Urban,6347,0,0,0,0.0,0.0,0.0,1
Urban,6348,0,0,0,0.0,0.0,0.0,1
Urban,6349,0,0,0,0.0,0.0,0.0,1
Urban,6350,0,0,0,0.0,0.0,0.0,1
Urban,6351,0,0,0,0.0,0.0,0.0,1
Urban,6352,0,0,0,0.0,0.0,0.0,1
Urban,6353,0,0,0,0.0,0.0,0.0,1
Urban,6354,0,0,0,0.0,0.0,0.0,1
Urban,6355,0,0,0,0.0,0.0,0.0,1
Urban,6356,0,0,0,0.0,0.0,0.0,1
Urban,6357,0,0,0,0.0,0.0,0.0,1
Urban,6358,0,0,0,0.0,0.0,0.0,1
Urban,6359,0,0,0,0.0,0.0,0.0,1
Urban,6360,0,0,0,0.0,0.0,0.0,1
Urban,6361,0,0,0,0.0,0.0,0.0,1
Urban,6362,0,0,0,0.0,0.0,0.0,1
Urban,6363,0,0,0,0.0,0.0,0.0,1
Urban,6364,0,0,0,0.0,0.0,0.0,1
Urban,6365,0,0,0,0.0,0.0,0.0,1
Urban,6366,0,0,0,0.0,0.0,0.0,1
Urban,6367,0,0,0,0.0,0.0,0.0,1
Urban,6368,0,0,0,0.0,0.0,0.0,1
Urban,6369,0,0,0,0.0,0.0,0.0,1
Urban,6370,0,0,0,0.0,0.0,0.0,1
Urban,6371,0,0,0,0.0,0.0,0.0,1
Urban,6372,0,0,0,0.0,0.0,0.0,1
Urban,6373,0,0,0,0.0,0.0,0.0,1
Urban,6374,0,0,0,0.0,0.0,0.0,1
Urban,6375,0,0,0,0.0,0.0,0.0,1
Urban,6376,0,0,0,0.0,0.0,0.0,1
Urban,6377,0,0,0,0.0,0.0,0.0,1
Urban,6378,0,0,0,0.0,0.0,0.0,1
Urban,6379,0,0,0,0.0,0.0,0.0,1
Urban,6380,0,0,0,0.0,0.0,0.0,1
Urban,6381,0,0,0,0.0,0.0,0.0,1
Urban,6382,0,0,0,0.0,0.0,0.0,1
Urban,6383,0,0,0,0.0,0.0,0.0,1
Urban,6384,0,0,0,0.0,0.0,0.0,1
Urban,6385,0,0,0,0.0,0.0,0.0,1
Urban,6386,0,0,0,0.0,0.0,0.0,1
Urban,6387,0,0,0,0.0,0.0,0.0,1
Urban,6388,0,0,0,0.0,0.0,0.0,1
Urban,6389,0,0,0,0.0,0.0,0.0,1
Urban,6390,0,0,0,0.0,0.0,0.0,1
Urban,6391,0,0,0,0.0,0.0,0.0,1
Urban,6392,0,0,0,0.0,0.0,0.0,1
Urban,6393,0,0,0,0.0,0.0,0.0,1
Urban,6394,0,0,0,0.0,0.0,0.0,1
Urban,6395,0,0,0,0.0,0.0,0.0,1
Urban,6396,0,0,0,0.0,0.0,0.0,1
Urban,6397,0,0,0,0.0,0.0,0.0,1
Urban,6398,0,0,0,0.0,0.0,0.0,1
Urban,6399,0,0,0,0.0,0.0,0.0,1
Urban,6400,0,0,0,0.0,0.0,0.0,1
Urban,6401,0,0,0,0.0,0.0,0.0,1
Urban,6402,0,0,0,0.0,0.0,0.0,1
Urban,6403,0,0,0,0.0,0.0,0.0,1
Urban,6404,0,0,0,0.0,0.0,0.0,1
Urban,6405,0,0,0,0.0,0.0,0.0,1
Urban,6406,0,0,0,0.0,0.0,0.0,1
Urban,6407,0,0,0,0.0,0.0,0.0,1
Urban,6408,0,0,0,0.0,0.0,0.0,1
Urban,6409,0,0,0,0.0,0.0,0.0,1
Urban,6410,0,0,0,0.0,0.0,0.0,1
Urban,6411,0,0,0,0.0,0.0,0.0,1
Urban,6412,0,0,0,0.0,0.0,0.0,1
Urban,6413,0,0,0,0.0,0.0,0.0,1
Urban,6414,0,0,0,0.0,0.0,0.0,1
Urban,6415,0,0,0,0.0,0.0,0.0,1
Urban,6416,0,0,0,0.0,0.0,0.0,1
Urban,6417,0,0,0,0.0,0.0,0.0,1
Urban,6418,0,0,0,0.0,0.0,0.0,1
Urban,6419,0,0,0,0.0,0.0,0.0,1
Urban,6420,0,0,0,0.0,0.0,0.0,1
Urban,6421,0,0,0,0.0,0.0,0.0,1
Urban,6422,0,0,0,0.0,0.0,0.0,1
Urban,6423,0,0,0,0.0,0.0,0.0,1
Urban,6424,0,0,0,0.0,0.0,0.0,1
Urban,6425,0,0,0,0.0,0.0,0.0,1
Urban,6426,0,0,0,0.0,0.0,0.0,1
Urban,6427,0,0,0,0.0,0.0,0.0,1
Urban,6428,0,0,0,0.0,0.0,0.0,1
Urban,6429,0,0,0,0.0,0.0,0.0,1
Urban,6430,0,0,0,0.0,0.0,0.0,1
Urban,6431,0,0,0,0.0,0.0,0.0,1
Urban,6432,0,0,0,0.0,0.0,0.0,1
Urban,6433,0,0,0,0.0,0.0,0.0,1
Urban,6434,0,0,0,0.0,0.0,0.0,1
Urban,6435,0,0,0,0.0,0.0,0.0,1
Urban,6436,0,0,0,0.0,0.0,0.0,1
Urban,6437,0,0,0,0.0,0.0,0.0,1
Urban,6438,0,0,0,0.0,0.0,0.0,1
Urban,6439,0,0,0,0.0,0.0,0.0,1
Urban,6440,0,0,0,0.0,0.0,0.0,1
Urban,6441,0,0,0,0.0,0.0,0.0,1
Urban,6442,0,0,0,0.0,0.0,0.0,1
Urban,6443,0,0,0,0.0,0.0,0.0,1
Urban,6444,0,0,0,0.0,0.0,0.0,1
Urban,6445,0,0,0,0.0,0.0,0.0,1
Urban,6446,0,0,0,0.0,0.0,0.0,1
Urban,6447,0,0,0,0.0,0.0,0.0,1
Urban,6448,0,0,0,0.0,0.0,0.0,1
Urban,6449,0,0,0,0.0,0.0,0.0,1
Urban,6450,0,0,0,0.0,0.0,0.0,1
Urban,6451,0,0,0,0.0,0.0,0.0,1
Urban,6452,0,0,0,0.0,0.0,0.0,1
Urban,6453,0,0,0,0.0,0.0,0.0,1
Urban,6454,0,0,0,0.0,0.0,0.0,1
Urban,6455,0,0,0,0.0,0.0,0.0,1
Urban,6456,0,0,0,0.0,0.0,0.0,1
Urban,6457,0,0,0,0.0,0.0,0.0,1
Urban,6458,0,0,0,0.0,0.0,0.0,1
Urban,6459,0,0,0,0.0,0.0,0.0,1
Urban,6460,0,0,0,0.0,0.0,0.0,1
Urban,6461,0,0,0,0.0,0.0,0.0,1
Urban,6462,0,0,0,0.0,0.0,0.0,1
Urban,6463,0,0,0,0.0,0.0,0.0,1
Urban,6464,0,0,0,0.0,0.0,0.0,1
Urban,6465,0,0,0,0.0,0.0,0.0,1
Urban,6466,0,0,0,0.0,0.0,0.0,1
Urban,6467,0,0,0,0.0,0.0,0.0,1
Urban,6468,0,0,0,0.0,0.0,0.0,1
Urban,6469,0,0,0,0.0,0.0,0.0,1
Urban,6470,0,0,0,0.0,0.0,0.0,1
Urban,6471,0,0,0,0.0,0.0,0.0,1
Urban,6472,0,0,0,0.0,0.0,0.0,1
Urban,6473,0,0,0,0.0,0.0,0.0,1
Urban,6474,0,0,0,0.0,0.0,0.0,1
Urban,6475,0,0,0,0.0,0.0,0.0,1
Urban,6476,0,0,0,0.0,0.0,0.0,1
Urban,6477,0,0,0,0.0,0.0,0.0,1
Urban,6478,0,0,0,0.0,0.0,0.0,1
Urban,6479,0,0,0,0.0,0.0,0.0,1
Urban,6480,0,0,0,0.0,0.0,0.0,1
Urban,6481,0,0,0,0.0,0.0,0.0,1
Urban,6482,0,0,0,0.0,0.0,0.0,1
Urban,6483,0,0,0,0.0,0.0,0.0,1
Urban,6484,0,0,0,0.0,0.0,0.0,1
Urban,6485,0,0,0,0.0,0.0,0.0,1
Urban,6486,0,0,0,0.0,0.0,0.0,1
Urban,6487,0,0,0,0.0,0.0,0.0,1
Urban,6488,0,0,0,0.0,0.0,0.0,1
Urban,6489,0,0,0,0.0,0.0,0.0,1
Urban,6490,0,0,0,0.0,0.0,0.0,1
Urban,6491,0,0,0,0.0,0.0,0.0,1
Urban,6492,0,0,0,0.0,0.0,0.0,1
Urban,6493,0,0,0,0.0,0.0,0.0,1
Urban,6494,0,0,0,0.0,0.0,0.0,1
Urban,6495,0,0,0,0.0,0.0,0.0,1
Urban,6496,0,0,0,0.0,0.0,0.0,1
Urban,6497,0,0,0,0.0,0.0,0.0,1
Urban,6498,0,0,0,0.0,0.0,0.0,1
Urban,6499,0,0,0,0.0,0.0,0.0,1
Urban,6500,0,0,0,0.0,0.0,0.0,1
Urban,6501,0,0,0,0.0,0.0,0.0,1
Urban,6502,0,0,0,0.0,0.0,0.0,1
Urban,6503,0,0,0,0.0,0.0,0.0,1
Urban,6504,0,0,0,0.0,0.0,0.0,1
Urban,6505,0,0,0,0.0,0.0,0.0,1
Urban,6506,0,0,0,0.0,0.0,0.0,1
Urban,6507,0,0,0,0.0,0.0,0.0,1
Urban,6508,0,0,0,0.0,0.0,0.0,1
Urban,6509,0,0,0,0.0,0.0,0.0,1
Urban,6510,0,0,0,0.0,0.0,0.0,1
Urban,6511,0,0,0,0.0,0.0,0.0,1
Urban,6512,0,0,0,0.0,0.0,0.0,1
Urban,6513,0,0,0,0.0,0.0,0.0,1
Urban,6514,0,0,0,0.0,0.0,0.0,1
Urban,6515,0,0,0,0.0,0.0,0.0,1
Urban,6516,0,0,0,0.0,0.0,0.0,1
Urban,6517,0,0,0,0.0,0.0,0.0,1
Urban,6518,0,0,0,0.0,0.0,0.0,1
Urban,6519,0,0,0,0.0,0.0,0.0,1
Urban,6520,0,0,0,0.0,0.0,0.0,1
Urban,6521,0,0,0,0.0,0.0,0.0,1
Urban,6522,0,0,0,0.0,0.0,0.0,1
Urban,6523,0,0,0,0.0,0.0,0.0,1
Urban,6524,0,0,0,0.0,0.0,0.0,1
Urban,6525,0,0,0,0.0,0.0,0.0,1
Urban,6526,0,0,0,0.0,0.0,0.0,1
Urban,6527,0,0,0,0.0,0.0,0.0,1
Urban,6528,0,0,0,0.0,0.0,0.0,1
Urban,6529,0,0,0,0.0,0.0,0.0,1
Urban,6530,0,0,0,0.0,0.0,0.0,1
Urban,6531,0,0,0,0.0,0.0,0.0,1
Urban,6532,0,0,0,0.0,0.0,0.0,1
Urban,6533,0,0,0,0.0,0.0,0.0,1
Urban,6534,0,0,0,0.0,0.0,0.0,1
Urban,6535,0,0,0,0.0,0.0,0.0,1
Urban,6536,0,0,0,0.0,0.0,0.0,1
Urban,6537,0,0,0,0.0,0.0,0.0,1
Urban,6538,0,0,0,0.0,0.0,0.0,1
Urban,6539,0,0,0,0.0,0.0,0.0,1
Urban,6540,0,0,0,0.0,0.0,0.0,1
Urban,6541,0,0,0,0.0,0.0,0.0,1
Urban,6542,0,0,0,0.0,0.0,0.0,1
Urban,6543,0,0,0,0.0,0.0,0.0,1
Urban,6544,0,0,0,0.0,0.0,0.0,1
Urban,6545,0,0,0,0.0,0.0,0.0,1
Urban,6546,0,0,0,0.0,0.0,0.0,1
Urban,6547,0,0,0,0.0,0.0,0.0,1
Urban,6548,0,0,0,0.0,0.0,0.0,1
Urban,6549,0,0,0,0.0,0.0,0.0,1
Urban,6550,0,0,0,0.0,0.0,0.0,1
Urban,6551,0,0,0,0.0,0.0,0.0,1
Urban,6552,0,0,0,0.0,0.0,0.0,1
Urban,6553,0,0,0,0.0,0.0,0.0,1
Urban,6554,0,0,0,0.0,0.0,0.0,1
Urban,6555,0,0,0,0.0,0.0,0.0,1
Urban,6556,0,0,0,0.0,0.0,0.0,1
Urban,6557,0,0,0,0.0,0.0,0.0,1
Urban,6558,0,0,0,0.0,0.0,0.0,1
Urban,6559,0,0,0,0.0,0.0,0.0,1
Urban,6560,0,0,0,0.0,0.0,0.0,1
Urban,6561,0,0,0,0.0,0.0,0.0,1
Urban,6562,0,0,0,0.0,0.0,0.0,1
Urban,6563,0,0,0,0.0,0.0,0.0,1
Urban,6564,0,0,0,0.0,0.0,0.0,1
Urban,6565,0,0,0,0.0,0.0,0.0,1
Urban,6566,0,0,0,0.0,0.0,0.0,1
Urban,6567,0,0,0,0.0,0.0,0.0,1
Urban,6568,0,0,0,0.0,0.0,0.0,1
Urban,6569,0,0,0,0.0,0.0,0.0,1
Urban,6570,0,0,0,0.0,0.0,0.0,1
Urban,6571,0,0,0,0.0,0.0,0.0,1
Urban,6572,0,0,0,0.0,0.0,0.0,1
Urban,6573,0,0,0,0.0,0.0,0.0,1
Urban,6574,0,0,0,0.0,0.0,0.0,1
Urban,6575,0,0,0,0.0,0.0,0.0,1
Urban,6576,0,0,0,0.0,0.0,0.0,1
Urban,6577,0,0,0,0.0,0.0,0.0,1
Urban,6578,0,0,0,0.0,0.0,0.0,1
Urban,6579,0,0,0,0.0,0.0,0.0,1
Urban,6580,0,0,0,0.0,0.0,0.0,1
Urban,6581,0,0,0,0.0,0.0,0.0,1
Urban,6582,0,0,0,0.0,0.0,0.0,1
Urban,6583,0,0,0,0.0,0.0,0.0,1
Urban,6584,0,0,0,0.0,0.0,0.0,1
Urban,6585,0,0,0,0.0,0.0,0.0,1
Urban,6586,0,0,0,0.0,0.0,0.0,1
Urban,6587,0,0,0,0.0,0.0,0.0,1
Urban,6588,0,0,0,0.0,0.0,0.0,1
Urban,6589,0,0,0,0.0,0.0,0.0,1
Urban,6590,0,0,0,0.0,0.0,0.0,1
Urban,6591,0,0,0,0.0,0.0,0.0,1
Urban,6592,0,0,0,0.0,0.0,0.0,1
Urban,6593,0,0,0,0.0,0.0,0.0,1
Urban,6594,0,0,0,0.0,0.0,0.0,1
Urban,6595,0,0,0,0.0,0.0,0.0,1
Urban,6596,0,0,0,0.0,0.0,0.0,1
Urban,6597,0,0,0,0.0,0.0,0.0,1
Urban,6598,0,0,0,0.0,0.0,0.0,1
Urban,6599,0,0,0,0.0,0.0,0.0,1
Urban,6600,0,0,0,0.0,0.0,0.0,1
Urban,6601,0,0,0,0.0,0.0,0.0,1
Urban,6602,0,0,0,0.0,0.0,0.0,1
Urban,6603,0,0,0,0.0,0.0,0.0,1
Urban,6604,0,0,0,0.0,0.0,0.0,1
Urban,6605,0,0,0,0.0,0.0,0.0,1
Urban,6606,0,0,0,0.0,0.0,0.0,1
Urban,6607,0,0,0,0.0,0.0,0.0,1
Urban,6608,0,0,0,0.0,0.0,0.0,1
Urban,6609,0,0,0,0.0,0.0,0.0,1
Urban,6610,0,0,0,0.0,0.0,0.0,1
Urban,6611,0,0,0,0.0,0.0,0.0,1
Urban,6612,0,0,0,0.0,0.0,0.0,1
Urban,6613,0,0,0,0.0,0.0,0.0,1
Urban,6614,0,0,0,0.0,0.0,0.0,1
Urban,6615,0,0,0,0.0,0.0,0.0,1
Urban,6616,0,0,0,0.0,0.0,0.0,1
Urban,6617,0,0,0,0.0,0.0,0.0,1
Urban,6618,0,0,0,0.0,0.0,0.0,1
Urban,6619,0,0,0,0.0,0.0,0.0,1
Urban,6620,0,0,0,0.0,0.0,0.0,1
Urban,6621,0,0,0,0.0,0.0,0.0,1
Urban,6622,0,0,0,0.0,0.0,0.0,1
Urban,6623,0,0,0,0.0,0.0,0.0,1
Urban,6624,0,0,0,0.0,0.0,0.0,1
Urban,6625,0,0,0,0.0,0.0,0.0,1
Urban,6626,0,0,0,0.0,0.0,0.0,1
Urban,6627,0,0,0,0.0,0.0,0.0,1
Urban,6628,0,0,0,0.0,0.0,0.0,1
Urban,6629,0,0,0,0.0,0.0,0.0,1
Urban,6630,0,0,0,0.0,0.0,0.0,1
Urban,6631,0,0,0,0.0,0.0,0.0,1
Urban,6632,0,0,0,0.0,0.0,0.0,1
Urban,6633,0,0,0,0.0,0.0,0.0,1
Urban,6634,0,0,0,0.0,0.0,0.0,1
Urban,6635,0,0,0,0.0,0.0,0.0,1
Urban,6636,0,0,0,0.0,0.0,0.0,1
Urban,6637,0,0,0,0.0,0.0,0.0,1
Urban,6638,0,0,0,0.0,0.0,0.0,1
Urban,6639,0,0,0,0.0,0.0,0.0,1
Urban,6640,0,0,0,0.0,0.0,0.0,1
Urban,6641,0,0,0,0.0,0.0,0.0,1
Urban,6642,0,0,0,0.0,0.0,0.0,1
Urban,6643,0,0,0,0.0,0.0,0.0,1
Urban,6644,0,0,0,0.0,0.0,0.0,1
Urban,6645,0,0,0,0.0,0.0,0.0,1
Urban,6646,0,0,0,0.0,0.0,0.0,1
Urban,6647,0,0,0,0.0,0.0,0.0,1
Urban,6648,0,0,0,0.0,0.0,0.0,1
Urban,6649,0,0,0,0.0,0.0,0.0,1
Urban,6650,0,0,0,0.0,0.0,0.0,1
Urban,6651,0,0,0,0.0,0.0,0.0,1
Urban,6652,0,0,0,0.0,0.0,0.0,1
Urban,6653,0,0,0,0.0,0.0,0.0,1
Urban,6654,0,0,0,0.0,0.0,0.0,1
Urban,6655,0,0,0,0.0,0.0,0.0,1
Urban,6656,0,0,0,0.0,0.0,0.0,1
Urban,6657,0,0,0,0.0,0.0,0.0,1
Urban,6658,0,0,0,0.0,0.0,0.0,1
Urban,6659,0,0,0,0.0,0.0,0.0,1
Urban,6660,0,0,0,0.0,0.0,0.0,1
Urban,6661,0,0,0,0.0,0.0,0.0,1
Urban,6662,0,0,0,0.0,0.0,0.0,1
Urban,6663,0,0,0,0.0,0.0,0.0,1
Urban,6664,0,0,0,0.0,0.0,0.0,1
Urban,6665,0,0,0,0.0,0.0,0.0,1
Urban,6666,0,0,0,0.0,0.0,0.0,1
Urban,6667,0,0,0,0.0,0.0,0.0,1
Urban,6668,0,0,0,0.0,0.0,0.0,1
Urban,6669,0,0,0,0.0,0.0,0.0,1
Urban,6670,0,0,0,0.0,0.0,0.0,1
Urban,6671,0,0,0,0.0,0.0,0.0,1
Urban,6672,0,0,0,0.0,0.0,0.0,1
Urban,6673,0,0,0,0.0,0.0,0.0,1
Urban,6674,0,0,0,0.0,0.0,0.0,1
Urban,6675,0,0,0,0.0,0.0,0.0,1
Urban,6676,0,0,0,0.0,0.0,0.0,1
Urban,6677,0,0,0,0.0,0.0,0.0,1
Urban,6678,0,0,0,0.0,0.0,0.0,1
Urban,6679,0,0,0,0.0,0.0,0.0,1
Urban,6680,0,0,0,0.0,0.0,0.0,1
Urban,6681,0,0,0,0.0,0.0,0.0,1
Urban,6682,0,0,0,0.0,0.0,0.0,1
Urban,6683,0,0,0,0.0,0.0,0.0,1
Urban,6684,0,0,0,0.0,0.0,0.0,1
Urban,6685,0,0,0,0.0,0.0,0.0,1
Urban,6686,0,0,0,0.0,0.0,0.0,1
Urban,6687,0,0,0,0.0,0.0,0.0,1
Urban,6688,0,0,0,0.0,0.0,0.0,1
Urban,6689,0,0,0,0.0,0.0,0.0,1
Urban,6690,0,0,0,0.0,0.0,0.0,1
Urban,6691,0,0,0,0.0,0.0,0.0,1
Urban,6692,0,0,0,0.0,0.0,0.0,1
Urban,6693,0,0,0,0.0,0.0,0.0,1
Urban,6694,0,0,0,0.0,0.0,0.0,1
Urban,6695,0,0,0,0.0,0.0,0.0,1
Urban,6696,0,0,0,0.0,0.0,0.0,1
Urban,6697,0,0,0,0.0,0.0,0.0,1
Urban,6698,0,0,0,0.0,0.0,0.0,1
Urban,6699,0,0,0,0.0,0.0,0.0,1
Urban,6700,0,0,0,0.0,0.0,0.0,1
Urban,6701,0,0,0,0.0,0.0,0.0,1
Urban,6702,0,0,0,0.0,0.0,0.0,1
Urban,6703,0,0,0,0.0,0.0,0.0,1
Urban,6704,0,0,0,0.0,0.0,0.0,1
Urban,6705,0,0,0,0.0,0.0,0.0,1
Urban,6706,0,0,0,0.0,0.0,0.0,1
Urban,6707,0,0,0,0.0,0.0,0.0,1
Urban,6708,0,0,0,0.0,0.0,0.0,1
Urban,6709,0,0,0,0.0,0.0,0.0,1
Urban,6710,0,0,0,0.0,0.0,0.0,1
Urban,6711,0,0,0,0.0,0.0,0.0,1
Urban,6712,0,0,0,0.0,0.0,0.0,1
Urban,6713,0,0,0,0.0,0.0,0.0,1
Urban,6714,0,0,0,0.0,0.0,0.0,1
Urban,6715,0,0,0,0.0,0.0,0.0,1
Urban,6716,0,0,0,0.0,0.0,0.0,1
Urban,6717,0,0,0,0.0,0.0,0.0,1
Urban,6718,0,0,0,0.0,0.0,0.0,1
Urban,6719,0,0,0,0.0,0.0,0.0,1
Urban,6720,0,0,0,0.0,0.0,0.0,1
Urban,6721,0,0,0,0.0,0.0,0.0,1
Urban,6722,0,0,0,0.0,0.0,0.0,1
Urban,6723,0,0,0,0.0,0.0,0.0,1
Urban,6724,0,0,0,0.0,0.0,0.0,1
Urban,6725,0,0,0,0.0,0.0,0.0,1
Urban,6726,0,0,0,0.0,0.0,0.0,1
Urban,6727,0,0,0,0.0,0.0,0.0,1
Urban,6728,0,0,0,0.0,0.0,0.0,1
Urban,6729,0,0,0,0.0,0.0,0.0,1
Urban,6730,0,0,0,0.0,0.0,0.0,1
Urban,6731,0,0,0,0.0,0.0,0.0,1
Urban,6732,0,0,0,0.0,0.0,0.0,1
Urban,6733,0,0,0,0.0,0.0,0.0,1
Urban,6734,0,0,0,0.0,0.0,0.0,1
Urban,6735,0,0,0,0.0,0.0,0.0,1
Urban,6736,0,0,0,0.0,0.0,0.0,1
Urban,6737,0,0,0,0.0,0.0,0.0,1
Urban,6738,0,0,0,0.0,0.0,0.0,1
Urban,6739,0,0,0,0.0,0.0,0.0,1
Urban,6740,0,0,0,0.0,0.0,0.0,1
Urban,6741,0,0,0,0.0,0.0,0.0,1
Urban,6742,0,0,0,0.0,0.0,0.0,1
Urban,6743,0,0,0,0.0,0.0,0.0,1
Urban,6744,0,0,0,0.0,0.0,0.0,1
Urban,6745,0,0,0,0.0,0.0,0.0,1
Urban,6746,0,0,0,0.0,0.0,0.0,1
Urban,6747,0,0,0,0.0,0.0,0.0,1
Urban,6748,0,0,0,0.0,0.0,0.0,1
Urban,6749,0,0,0,0.0,0.0,0.0,1
Urban,6750,0,0,0,0.0,0.0,0.0,1
Urban,6751,0,0,0,0.0,0.0,0.0,1
Urban,6752,0,0,0,0.0,0.0,0.0,1
Urban,6753,0,0,0,0.0,0.0,0.0,1
Urban,6754,0,0,0,0.0,0.0,0.0,1
Urban,6755,0,0,0,0.0,0.0,0.0,1
Urban,6756,0,0,0,0.0,0.0,0.0,1
Urban,6757,0,0,0,0.0,0.0,0.0,1
Urban,6758,0,0,0,0.0,0.0,0.0,1
Urban,6759,0,0,0,0.0,0.0,0.0,1
Urban,6760,0,0,0,0.0,0.0,0.0,1
Urban,6761,0,0,0,0.0,0.0,0.0,1
Urban,6762,0,0,0,0.0,0.0,0.0,1
Urban,6763,0,0,0,0.0,0.0,0.0,1
Urban,6764,0,0,0,0.0,0.0,0.0,1
Urban,6765,0,0,0,0.0,0.0,0.0,1
Urban,6766,0,0,0,0.0,0.0,0.0,1
Urban,6767,0,0,0,0.0,0.0,0.0,1
Urban,6768,0,0,0,0.0,0.0,0.0,1
Urban,6769,0,0,0,0.0,0.0,0.0,1
Urban,6770,0,0,0,0.0,0.0,0.0,1
Urban,6771,0,0,0,0.0,0.0,0.0,1
Urban,6772,0,0,0,0.0,0.0,0.0,1
Urban,6773,0,0,0,0.0,0.0,0.0,1
Urban,6774,0,0,0,0.0,0.0,0.0,1
Urban,6775,0,0,0,0.0,0.0,0.0,1
Urban,6776,0,0,0,0.0,0.0,0.0,1
Urban,6777,0,0,0,0.0,0.0,0.0,1
Urban,6778,0,0,0,0.0,0.0,0.0,1
Urban,6779,0,0,0,0.0,0.0,0.0,1
Urban,6780,0,0,0,0.0,0.0,0.0,1
Urban,6781,0,0,0,0.0,0.0,0.0,1
Urban,6782,0,0,0,0.0,0.0,0.0,1
Urban,6783,0,0,0,0.0,0.0,0.0,1
Urban,6784,0,0,0,0.0,0.0,0.0,1
Urban,6785,0,0,0,0.0,0.0,0.0,1
Urban,6786,0,0,0,0.0,0.0,0.0,1
Urban,6787,0,0,0,0.0,0.0,0.0,1
Urban,6788,0,0,0,0.0,0.0,0.0,1
Urban,6789,0,0,0,0.0,0.0,0.0,1
Urban,6790,0,0,0,0.0,0.0,0.0,1
Urban,6791,0,0,0,0.0,0.0,0.0,1
Urban,6792,0,0,0,0.0,0.0,0.0,1
Urban,6793,0,0,0,0.0,0.0,0.0,1
Urban,6794,0,0,0,0.0,0.0,0.0,1
Urban,6795,0,0,0,0.0,0.0,0.0,1
Urban,6796,0,0,0,0.0,0.0,0.0,1
Urban,6797,0,0,0,0.0,0.0,0.0,1
Urban,6798,0,0,0,0.0,0.0,0.0,1
Urban,6799,0,0,0,0.0,0.0,0.0,1
Urban,6800,0,0,0,0.0,0.0,0.0,1
Urban,6801,0,0,0,0.0,0.0,0.0,1
Urban,6802,0,0,0,0.0,0.0,0.0,1
Urban,6803,0,0,0,0.0,0.0,0.0,1
Urban,6804,0,0,0,0.0,0.0,0.0,1
Urban,6805,0,0,0,0.0,0.0,0.0,1
Urban,6806,0,0,0,0.0,0.0,0.0,1
Urban,6807,0,0,0,0.0,0.0,0.0,1
Urban,6808,0,0,0,0.0,0.0,0.0,1
Urban,6809,0,0,0,0.0,0.0,0.0,1
Urban,6810,0,0,0,0.0,0.0,0.0,1
Urban,6811,0,0,0,0.0,0.0,0.0,1
Urban,6812,0,0,0,0.0,0.0,0.0,1
Urban,6813,0,0,0,0.0,0.0,0.0,1
Urban,6814,0,0,0,0.0,0.0,0.0,1
Urban,6815,0,0,0,0.0,0.0,0.0,1
Urban,6816,0,0,0,0.0,0.0,0.0,1
Urban,6817,0,0,0,0.0,0.0,0.0,1
Urban,6818,0,0,0,0.0,0.0,0.0,1
Urban,6819,0,0,0,0.0,0.0,0.0,1
Urban,6820,0,0,0,0.0,0.0,0.0,1
Urban,6821,0,0,0,0.0,0.0,0.0,1
Urban,6822,0,0,0,0.0,0.0,0.0,1
Urban,6823,0,0,0,0.0,0.0,0.0,1
Urban,6824,0,0,0,0.0,0.0,0.0,1
Urban,6825,0,0,0,0.0,0.0,0.0,1
Urban,6826,0,0,0,0.0,0.0,0.0,1
Urban,6827,0,0,0,0.0,0.0,0.0,1
Urban,6828,0,0,0,0.0,0.0,0.0,1
Urban,6829,0,0,0,0.0,0.0,0.0,1
Urban,6830,0,0,0,0.0,0.0,0.0,1
Urban,6831,0,0,0,0.0,0.0,0.0,1
Urban,6832,0,0,0,0.0,0.0,0.0,1
Urban,6833,0,0,0,0.0,0.0,0.0,1
Urban,6834,0,0,0,0.0,0.0,0.0,1
Urban,6835,0,0,0,0.0,0.0,0.0,1
Urban,6836,0,0,0,0.0,0.0,0.0,1
Urban,6837,0,0,0,0.0,0.0,0.0,1
Urban,6838,0,0,0,0.0,0.0,0.0,1
Urban,6839,0,0,0,0.0,0.0,0.0,1
Urban,6840,0,0,0,0.0,0.0,0.0,1
Urban,6841,0,0,0,0.0,0.0,0.0,1
Urban,6842,0,0,0,0.0,0.0,0.0,1
Urban,6843,0,0,0,0.0,0.0,0.0,1
Urban,6844,0,0,0,0.0,0.0,0.0,1
Urban,6845,0,0,0,0.0,0.0,0.0,1
Urban,6846,0,0,0,0.0,0.0,0.0,1
Urban,6847,0,0,0,0.0,0.0,0.0,1
Urban,6848,0,0,0,0.0,0.0,0.0,1
Urban,6849,0,0,0,0.0,0.0,0.0,1
Urban,6850,0,0,0,0.0,0.0,0.0,1
Urban,6851,0,0,0,0.0,0.0,0.0,1
Urban,6852,0,0,0,0.0,0.0,0.0,1
Urban,6853,0,0,0,0.0,0.0,0.0,1
Urban,6854,0,0,0,0.0,0.0,0.0,1
Urban,6855,0,0,0,0.0,0.0,0.0,1
Urban,6856,0,0,0,0.0,0.0,0.0,1
Urban,6857,0,0,0,0.0,0.0,0.0,1
Urban,6858,0,0,0,0.0,0.0,0.0,1
Urban,6859,0,0,0,0.0,0.0,0.0,1
Urban,6860,0,0,0,0.0,0.0,0.0,1
Urban,6861,0,0,0,0.0,0.0,0.0,1
Urban,6862,0,0,0,0.0,0.0,0.0,1
Urban,6863,0,0,0,0.0,0.0,0.0,1
Urban,6864,0,0,0,0.0,0.0,0.0,1
Urban,6865,0,0,0,0.0,0.0,0.0,1
Urban,6866,0,0,0,0.0,0.0,0.0,1
Urban,6867,0,0,0,0.0,0.0,0.0,1
Urban,6868,0,0,0,0.0,0.0,0.0,1
Urban,6869,0,0,0,0.0,0.0,0.0,1
Urban,6870,0,0,0,0.0,0.0,0.0,1
Urban,6871,0,0,0,0.0,0.0,0.0,1
Urban,6872,0,0,0,0.0,0.0,0.0,1
Urban,6873,0,0,0,0.0,0.0,0.0,1
Urban,6874,0,0,0,0.0,0.0,0.0,1
Urban,6875,0,0,0,0.0,0.0,0.0,1
Urban,6876,0,0,0,0.0,0.0,0.0,1
Urban,6877,0,0,0,0.0,0.0,0.0,1
Urban,6878,0,0,0,0.0,0.0,0.0,1
Urban,6879,0,0,0,0.0,0.0,0.0,1
Urban,6880,0,0,0,0.0,0.0,0.0,1
Urban,6881,0,0,0,0.0,0.0,0.0,1
Urban,6882,0,0,0,0.0,0.0,0.0,1
Urban,6883,0,0,0,0.0,0.0,0.0,1
Urban,6884,0,0,0,0.0,0.0,0.0,1
Urban,6885,0,0,0,0.0,0.0,0.0,1
Urban,6886,0,0,0,0.0,0.0,0.0,1
Urban,6887,0,0,0,0.0,0.0,0.0,1
Urban,6888,0,0,0,0.0,0.0,0.0,1
Urban,6889,0,0,0,0.0,0.0,0.0,1
Urban,6890,0,0,0,0.0,0.0,0.0,1
Urban,6891,0,0,0,0.0,0.0,0.0,1
Urban,6892,0,0,0,0.0,0.0,0.0,1
Urban,6893,0,0,0,0.0,0.0,0.0,1
Urban,6894,0,0,0,0.0,0.0,0.0,1
Urban,6895,0,0,0,0.0,0.0,0.0,1
Urban,6896,0,0,0,0.0,0.0,0.0,1
Urban,6897,0,0,0,0.0,0.0,0.0,1
Urban,6898,0,0,0,0.0,0.0,0.0,1
Urban,6899,0,0,0,0.0,0.0,0.0,1
Urban,6900,0,0,0,0.0,0.0,0.0,1
Urban,6901,0,0,0,0.0,0.0,0.0,1
Urban,6902,0,0,0,0.0,0.0,0.0,1
Urban,6903,0,0,0,0.0,0.0,0.0,1
Urban,6904,0,0,0,0.0,0.0,0.0,1
Urban,6905,0,0,0,0.0,0.0,0.0,1
Urban,6906,0,0,0,0.0,0.0,0.0,1
Urban,6907,0,0,0,0.0,0.0,0.0,1
Urban,6908,0,0,0,0.0,0.0,0.0,1
Urban,6909,0,0,0,0.0,0.0,0.0,1
Urban,6910,0,0,0,0.0,0.0,0.0,1
Urban,6911,0,0,0,0.0,0.0,0.0,1
Urban,6912,0,0,0,0.0,0.0,0.0,1
Urban,6913,0,0,0,0.0,0.0,0.0,1
Urban,6914,0,0,0,0.0,0.0,0.0,1
Urban,6915,0,0,0,0.0,0.0,0.0,1
Urban,6916,0,0,0,0.0,0.0,0.0,1
Urban,6917,0,0,0,0.0,0.0,0.0,1
Urban,6918,0,0,0,0.0,0.0,0.0,1
Urban,6919,0,0,0,0.0,0.0,0.0,1
Urban,6920,0,0,0,0.0,0.0,0.0,1
Urban,6921,0,0,0,0.0,0.0,0.0,1
Urban,6922,0,0,0,0.0,0.0,0.0,1
Urban,6923,0,0,0,0.0,0.0,0.0,1
Urban,6924,0,0,0,0.0,0.0,0.0,1
Urban,6925,0,0,0,0.0,0.0,0.0,1
Urban,6926,0,0,0,0.0,0.0,0.0,1
Urban,6927,0,0,0,0.0,0.0,0.0,1
Urban,6928,0,0,0,0.0,0.0,0.0,1
Urban,6929,0,0,0,0.0,0.0,0.0,1
Urban,6930,0,0,0,0.0,0.0,0.0,1
Urban,6931,0,0,0,0.0,0.0,0.0,1
Urban,6932,0,0,0,0.0,0.0,0.0,1
Urban,6933,0,0,0,0.0,0.0,0.0,1
Urban,6934,0,0,0,0.0,0.0,0.0,1
Urban,6935,0,0,0,0.0,0.0,0.0,1
Urban,6936,0,0,0,0.0,0.0,0.0,1
Urban,6937,0,0,0,0.0,0.0,0.0,1
Urban,6938,0,0,0,0.0,0.0,0.0,1
Urban,6939,0,0,0,0.0,0.0,0.0,1
Urban,6940,0,0,0,0.0,0.0,0.0,1
Urban,6941,0,0,0,0.0,0.0,0.0,1
Urban,6942,0,0,0,0.0,0.0,0.0,1
Urban,6943,0,0,0,0.0,0.0,0.0,1
Urban,6944,0,0,0,0.0,0.0,0.0,1
Urban,6945,0,0,0,0.0,0.0,0.0,1
Urban,6946,0,0,0,0.0,0.0,0.0,1
Urban,6947,0,0,0,0.0,0.0,0.0,1
Urban,6948,0,0,0,0.0,0.0,0.0,1
Urban,6949,0,0,0,0.0,0.0,0.0,1
Urban,6950,0,0,0,0.0,0.0,0.0,1
Urban,6951,0,0,0,0.0,0.0,0.0,1
Urban,6952,0,0,0,0.0,0.0,0.0,1
Urban,6953,0,0,0,0.0,0.0,0.0,1
Urban,6954,0,0,0,0.0,0.0,0.0,1
Urban,6955,0,0,0,0.0,0.0,0.0,1
Urban,6956,0,0,0,0.0,0.0,0.0,1
Urban,6957,0,0,0,0.0,0.0,0.0,1
Urban,6958,0,0,0,0.0,0.0,0.0,1
Urban,6959,0,0,0,0.0,0.0,0.0,1
Urban,6960,0,0,0,0.0,0.0,0.0,1
Urban,6961,0,0,0,0.0,0.0,0.0,1
Urban,6962,0,0,0,0.0,0.0,0.0,1
Urban,6963,0,0,0,0.0,0.0,0.0,1
Urban,6964,0,0,0,0.0,0.0,0.0,1
Urban,6965,0,0,0,0.0,0.0,0.0,1
Urban,6966,0,0,0,0.0,0.0,0.0,1
Urban,6967,0,0,0,0.0,0.0,0.0,1
Urban,6968,0,0,0,0.0,0.0,0.0,1
Urban,6969,0,0,0,0.0,0.0,0.0,1
Urban,6970,0,0,0,0.0,0.0,0.0,1
Urban,6971,0,0,0,0.0,0.0,0.0,1
Urban,6972,0,0,0,0.0,0.0,0.0,1
Urban,6973,0,0,0,0.0,0.0,0.0,1
Urban,6974,0,0,0,0.0,0.0,0.0,1
Urban,6975,0,0,0,0.0,0.0,0.0,1
Urban,6976,0,0,0,0.0,0.0,0.0,1
Urban,6977,0,0,0,0.0,0.0,0.0,1
Urban,6978,0,0,0,0.0,0.0,0.0,1
Urban,6979,0,0,0,0.0,0.0,0.0,1
Urban,6980,0,0,0,0.0,0.0,0.0,1
Urban,6981,0,0,0,0.0,0.0,0.0,1
Urban,6982,0,0,0,0.0,0.0,0.0,1
Urban,6983,0,0,0,0.0,0.0,0.0,1
Urban,6984,0,0,0,0.0,0.0,0.0,1
Urban,6985,0,0,0,0.0,0.0,0.0,1
Urban,6986,0,0,0,0.0,0.0,0.0,1
Urban,6987,0,0,0,0.0,0.0,0.0,1
Urban,6988,0,0,0,0.0,0.0,0.0,1
Urban,6989,0,0,0,0.0,0.0,0.0,1
Urban,6990,0,0,0,0.0,0.0,0.0,1
Urban,6991,0,0,0,0.0,0.0,0.0,1
Urban,6992,0,0,0,0.0,0.0,0.0,1
Urban,6993,0,0,0,0.0,0.0,0.0,1
Urban,6994,0,0,0,0.0,0.0,0.0,1
Urban,6995,0,0,0,0.0,0.0,0.0,1
Urban,6996,0,0,0,0.0,0.0,0.0,1
Urban,6997,0,0,0,0.0,0.0,0.0,1
Urban,6998,0,0,0,0.0,0.0,0.0,1
Urban,6999,0,0,0,0.0,0.0,0.0,1
Urban,7000,0,0,0,0.0,0.0,0.0,1
Urban,7001,0,0,0,0.0,0.0,0.0,1
Urban,7002,0,0,0,0.0,0.0,0.0,1
Urban,7003,0,0,0,0.0,0.0,0.0,1
Urban,7004,0,0,0,0.0,0.0,0.0,1
Urban,7005,0,0,0,0.0,0.0,0.0,1
Urban,7006,0,0,0,0.0,0.0,0.0,1
Urban,7007,0,0,0,0.0,0.0,0.0,1
Urban,7008,0,0,0,0.0,0.0,0.0,1
Urban,7009,0,0,0,0.0,0.0,0.0,1
Urban,7010,0,0,0,0.0,0.0,0.0,1
Urban,7011,0,0,0,0.0,0.0,0.0,1
Urban,7012,0,0,0,0.0,0.0,0.0,1
Urban,7013,0,0,0,0.0,0.0,0.0,1
Urban,7014,0,0,0,0.0,0.0,0.0,1
Urban,7015,0,0,0,0.0,0.0,0.0,1
Urban,7016,0,0,0,0.0,0.0,0.0,1
Urban,7017,0,0,0,0.0,0.0,0.0,1
Urban,7018,0,0,0,0.0,0.0,0.0,1
Urban,7019,0,0,0,0.0,0.0,0.0,1
Urban,7020,0,0,0,0.0,0.0,0.0,1
Urban,7021,0,0,0,0.0,0.0,0.0,1
Urban,7022,0,0,0,0.0,0.0,0.0,1
Urban,7023,0,0,0,0.0,0.0,0.0,1
Urban,7024,0,0,0,0.0,0.0,0.0,1
Urban,7025,0,0,0,0.0,0.0,0.0,1
Urban,7026,0,0,0,0.0,0.0,0.0,1
Urban,7027,0,0,0,0.0,0.0,0.0,1
Urban,7028,0,0,0,0.0,0.0,0.0,1
Urban,7029,0,0,0,0.0,0.0,0.0,1
Urban,7030,0,0,0,0.0,0.0,0.0,1
Urban,7031,0,0,0,0.0,0.0,0.0,1
Urban,7032,0,0,0,0.0,0.0,0.0,1
Urban,7033,0,0,0,0.0,0.0,0.0,1
Urban,7034,0,0,0,0.0,0.0,0.0,1
Urban,7035,0,0,0,0.0,0.0,0.0,1
Urban,7036,0,0,0,0.0,0.0,0.0,1
Urban,7037,0,0,0,0.0,0.0,0.0,1
Urban,7038,0,0,0,0.0,0.0,0.0,1
Urban,7039,0,0,0,0.0,0.0,0.0,1
Urban,7040,0,0,0,0.0,0.0,0.0,1
Urban,7041,0,0,0,0.0,0.0,0.0,1
Urban,7042,0,0,0,0.0,0.0,0.0,1
Urban,7043,0,0,0,0.0,0.0,0.0,1
Urban,7044,0,0,0,0.0,0.0,0.0,1
Urban,7045,0,0,0,0.0,0.0,0.0,1
Urban,7046,0,0,0,0.0,0.0,0.0,1
Urban,7047,0,0,0,0.0,0.0,0.0,1
Urban,7048,0,0,0,0.0,0.0,0.0,1
Urban,7049,0,0,0,0.0,0.0,0.0,1
Urban,7050,0,0,0,0.0,0.0,0.0,1
Urban,7051,0,0,0,0.0,0.0,0.0,1
Urban,7052,0,0,0,0.0,0.0,0.0,1
Urban,7053,0,0,0,0.0,0.0,0.0,1
Urban,7054,0,0,0,0.0,0.0,0.0,1
Urban,7055,0,0,0,0.0,0.0,0.0,1
Urban,7056,0,0,0,0.0,0.0,0.0,1
Urban,7057,0,0,0,0.0,0.0,0.0,1
Urban,7058,0,0,0,0.0,0.0,0.0,1
Urban,7059,0,0,0,0.0,0.0,0.0,1
Urban,7060,0,0,0,0.0,0.0,0.0,1
Urban,7061,0,0,0,0.0,0.0,0.0,1
Urban,7062,0,0,0,0.0,0.0,0.0,1
Urban,7063,0,0,0,0.0,0.0,0.0,1
Urban,7064,0,0,0,0.0,0.0,0.0,1
Urban,7065,0,0,0,0.0,0.0,0.0,1
Urban,7066,0,0,0,0.0,0.0,0.0,1
Urban,7067,0,0,0,0.0,0.0,0.0,1
Urban,7068,0,0,0,0.0,0.0,0.0,1
Urban,7069,0,0,0,0.0,0.0,0.0,1
Urban,7070,0,0,0,0.0,0.0,0.0,1
Urban,7071,0,0,0,0.0,0.0,0.0,1
Urban,7072,0,0,0,0.0,0.0,0.0,1
Urban,7073,0,0,0,0.0,0.0,0.0,1
Urban,7074,0,0,0,0.0,0.0,0.0,1
Urban,7075,0,0,0,0.0,0.0,0.0,1
Urban,7076,0,0,0,0.0,0.0,0.0,1
Urban,7077,0,0,0,0.0,0.0,0.0,1
Urban,7078,0,0,0,0.0,0.0,0.0,1
Urban,7079,0,0,0,0.0,0.0,0.0,1
Urban,7080,0,0,0,0.0,0.0,0.0,1
Urban,7081,0,0,0,0.0,0.0,0.0,1
Urban,7082,0,0,0,0.0,0.0,0.0,1
Urban,7083,0,0,0,0.0,0.0,0.0,1
Urban,7084,0,0,0,0.0,0.0,0.0,1
Urban,7085,0,0,0,0.0,0.0,0.0,1
Urban,7086,0,0,0,0.0,0.0,0.0,1
Urban,7087,0,0,0,0.0,0.0,0.0,1
Urban,7088,0,0,0,0.0,0.0,0.0,1
Urban,7089,0,0,0,0.0,0.0,0.0,1
Urban,7090,0,0,0,0.0,0.0,0.0,1
Urban,7091,0,0,0,0.0,0.0,0.0,1
Urban,7092,0,0,0,0.0,0.0,0.0,1
Urban,7093,0,0,0,0.0,0.0,0.0,1
Urban,7094,0,0,0,0.0,0.0,0.0,1
Urban,7095,0,0,0,0.0,0.0,0.0,1
Urban,7096,0,0,0,0.0,0.0,0.0,1
Urban,7097,0,0,0,0.0,0.0,0.0,1
Urban,7098,0,0,0,0.0,0.0,0.0,1
Urban,7099,0,0,0,0.0,0.0,0.0,1
Urban,7100,0,0,0,0.0,0.0,0.0,1
Urban,7101,0,0,0,0.0,0.0,0.0,1
Urban,7102,0,0,0,0.0,0.0,0.0,1
Urban,7103,0,0,0,0.0,0.0,0.0,1
Urban,7104,0,0,0,0.0,0.0,0.0,1
Urban,7105,0,0,0,0.0,0.0,0.0,1
Urban,7106,0,0,0,0.0,0.0,0.0,1
Urban,7107,0,0,0,0.0,0.0,0.0,1
Urban,7108,0,0,0,0.0,0.0,0.0,1
Urban,7109,0,0,0,0.0,0.0,0.0,1
Urban,7110,0,0,0,0.0,0.0,0.0,1
Urban,7111,0,0,0,0.0,0.0,0.0,1
Urban,7112,0,0,0,0.0,0.0,0.0,1
Urban,7113,0,0,0,0.0,0.0,0.0,1
Urban,7114,0,0,0,0.0,0.0,0.0,1
Urban,7115,0,0,0,0.0,0.0,0.0,1
Urban,7116,0,0,0,0.0,0.0,0.0,1
Urban,7117,0,0,0,0.0,0.0,0.0,1
Urban,7118,0,0,0,0.0,0.0,0.0,1
Urban,7119,0,0,0,0.0,0.0,0.0,1
Urban,7120,0,0,0,0.0,0.0,0.0,1
Urban,7121,0,0,0,0.0,0.0,0.0,1
Urban,7122,0,0,0,0.0,0.0,0.0,1
Urban,7123,0,0,0,0.0,0.0,0.0,1
Urban,7124,0,0,0,0.0,0.0,0.0,1
Urban,7125,0,0,0,0.0,0.0,0.0,1
Urban,7126,0,0,0,0.0,0.0,0.0,1
Urban,7127,0,0,0,0.0,0.0,0.0,1
Urban,7128,0,0,0,0.0,0.0,0.0,1
Urban,7129,0,0,0,0.0,0.0,0.0,1
Urban,7130,0,0,0,0.0,0.0,0.0,1
Urban,7131,0,0,0,0.0,0.0,0.0,1
Urban,7132,0,0,0,0.0,0.0,0.0,1
Urban,7133,0,0,0,0.0,0.0,0.0,1
Urban,7134,0,0,0,0.0,0.0,0.0,1
Urban,7135,0,0,0,0.0,0.0,0.0,1
Urban,7136,0,0,0,0.0,0.0,0.0,1
Urban,7137,0,0,0,0.0,0.0,0.0,1
Urban,7138,0,0,0,0.0,0.0,0.0,1
Urban,7139,0,0,0,0.0,0.0,0.0,1
Urban,7140,0,0,0,0.0,0.0,0.0,1
Urban,7141,0,0,0,0.0,0.0,0.0,1
Urban,7142,0,0,0,0.0,0.0,0.0,1
Urban,7143,0,0,0,0.0,0.0,0.0,1
Urban,7144,0,0,0,0.0,0.0,0.0,1
Urban,7145,0,0,0,0.0,0.0,0.0,1
Urban,7146,0,0,0,0.0,0.0,0.0,1
Urban,7147,0,0,0,0.0,0.0,0.0,1
Urban,7148,0,0,0,0.0,0.0,0.0,1
Urban,7149,0,0,0,0.0,0.0,0.0,1
Urban,7150,0,0,0,0.0,0.0,0.0,1
Urban,7151,0,0,0,0.0,0.0,0.0,1
Urban,7152,0,0,0,0.0,0.0,0.0,1
Urban,7153,0,0,0,0.0,0.0,0.0,1
Urban,7154,0,0,0,0.0,0.0,0.0,1
Urban,7155,0,0,0,0.0,0.0,0.0,1
Urban,7156,0,0,0,0.0,0.0,0.0,1
Urban,7157,0,0,0,0.0,0.0,0.0,1
Urban,7158,0,0,0,0.0,0.0,0.0,1
Urban,7159,0,0,0,0.0,0.0,0.0,1
Urban,7160,0,0,0,0.0,0.0,0.0,1
Urban,7161,0,0,0,0.0,0.0,0.0,1
Urban,7162,0,0,0,0.0,0.0,0.0,1
Urban,7163,0,0,0,0.0,0.0,0.0,1
Urban,7164,0,0,0,0.0,0.0,0.0,1
Urban,7165,0,0,0,0.0,0.0,0.0,1
Urban,7166,0,0,0,0.0,0.0,0.0,1
Urban,7167,0,0,0,0.0,0.0,0.0,1
Urban,7168,0,0,0,0.0,0.0,0.0,1
Urban,7169,0,0,0,0.0,0.0,0.0,1
Urban,7170,0,0,0,0.0,0.0,0.0,1
Urban,7171,0,0,0,0.0,0.0,0.0,1
Urban,7172,0,0,0,0.0,0.0,0.0,1
Urban,7173,0,0,0,0.0,0.0,0.0,1
Urban,7174,0,0,0,0.0,0.0,0.0,1
Urban,7175,0,0,0,0.0,0.0,0.0,1
Urban,7176,0,0,0,0.0,0.0,0.0,1
Urban,7177,0,0,0,0.0,0.0,0.0,1
Urban,7178,0,0,0,0.0,0.0,0.0,1
Urban,7179,0,0,0,0.0,0.0,0.0,1
Urban,7180,0,0,0,0.0,0.0,0.0,1
Urban,7181,0,0,0,0.0,0.0,0.0,1
Urban,7182,0,0,0,0.0,0.0,0.0,1
Urban,7183,0,0,0,0.0,0.0,0.0,1
Urban,7184,0,0,0,0.0,0.0,0.0,1
Urban,7185,0,0,0,0.0,0.0,0.0,1
Urban,7186,0,0,0,0.0,0.0,0.0,1
Urban,7187,0,0,0,0.0,0.0,0.0,1
Urban,7188,0,0,0,0.0,0.0,0.0,1
Urban,7189,0,0,0,0.0,0.0,0.0,1
Urban,7190,0,0,0,0.0,0.0,0.0,1
Urban,7191,0,0,0,0.0,0.0,0.0,1
Urban,7192,0,0,0,0.0,0.0,0.0,1
Urban,7193,0,0,0,0.0,0.0,0.0,1
Urban,7194,0,0,0,0.0,0.0,0.0,1
Urban,7195,0,0,0,0.0,0.0,0.0,1
Urban,7196,0,0,0,0.0,0.0,0.0,1
Urban,7197,0,0,0,0.0,0.0,0.0,1
Urban,7198,0,0,0,0.0,0.0,0.0,1
Urban,7199,0,0,0,0.0,0.0,0.0,1
Urban,7200,0,0,0,0.0,0.0,0.0,1
Urban,7201,0,0,0,0.0,0.0,0.0,1
Urban,7202,0,0,0,0.0,0.0,0.0,1
Urban,7203,0,0,0,0.0,0.0,0.0,1
Urban,7204,0,0,0,0.0,0.0,0.0,1
Urban,7205,0,0,0,0.0,0.0,0.0,1
Urban,7206,0,0,0,0.0,0.0,0.0,1
Urban,7207,0,0,0,0.0,0.0,0.0,1
Urban,7208,0,0,0,0.0,0.0,0.0,1
Urban,7209,0,0,0,0.0,0.0,0.0,1
Urban,7210,0,0,0,0.0,0.0,0.0,1
Urban,7211,0,0,0,0.0,0.0,0.0,1
Urban,7212,0,0,0,0.0,0.0,0.0,1
Urban,7213,0,0,0,0.0,0.0,0.0,1
Urban,7214,0,0,0,0.0,0.0,0.0,1
Urban,7215,0,0,0,0.0,0.0,0.0,1
Urban,7216,0,0,0,0.0,0.0,0.0,1
Urban,7217,0,0,0,0.0,0.0,0.0,1
Urban,7218,0,0,0,0.0,0.0,0.0,1
Urban,7219,0,0,0,0.0,0.0,0.0,1
Urban,7220,0,0,0,0.0,0.0,0.0,1
Urban,7221,0,0,0,0.0,0.0,0.0,1
Urban,7222,0,0,0,0.0,0.0,0.0,1
Urban,7223,0,0,0,0.0,0.0,0.0,1
Urban,7224,0,0,0,0.0,0.0,0.0,1
Urban,7225,0,0,0,0.0,0.0,0.0,1
Urban,7226,0,0,0,0.0,0.0,0.0,1
Urban,7227,0,0,0,0.0,0.0,0.0,1
Urban,7228,0,0,0,0.0,0.0,0.0,1
Urban,7229,0,0,0,0.0,0.0,0.0,1
Urban,7230,0,0,0,0.0,0.0,0.0,1
Urban,7231,0,0,0,0.0,0.0,0.0,1
Urban,7232,0,0,0,0.0,0.0,0.0,1
Urban,7233,0,0,0,0.0,0.0,0.0,1
Urban,7234,0,0,0,0.0,0.0,0.0,1
Urban,7235,0,0,0,0.0,0.0,0.0,1
Urban,7236,0,0,0,0.0,0.0,0.0,1
Urban,7237,0,0,0,0.0,0.0,0.0,1
Urban,7238,0,0,0,0.0,0.0,0.0,1
Urban,7239,0,0,0,0.0,0.0,0.0,1
Urban,7240,0,0,0,0.0,0.0,0.0,1
Urban,7241,0,0,0,0.0,0.0,0.0,1
Urban,7242,0,0,0,0.0,0.0,0.0,1
Urban,7243,0,0,0,0.0,0.0,0.0,1
Urban,7244,0,0,0,0.0,0.0,0.0,1
Urban,7245,0,0,0,0.0,0.0,0.0,1
Urban,7246,0,0,0,0.0,0.0,0.0,1
Urban,7247,0,0,0,0.0,0.0,0.0,1
Urban,7248,0,0,0,0.0,0.0,0.0,1
Urban,7249,0,0,0,0.0,0.0,0.0,1
Urban,7250,0,0,0,0.0,0.0,0.0,1
Urban,7251,0,0,0,0.0,0.0,0.0,1
Urban,7252,0,0,0,0.0,0.0,0.0,1
Urban,7253,0,0,0,0.0,0.0,0.0,1
Urban,7254,0,0,0,0.0,0.0,0.0,1
Urban,7255,0,0,0,0.0,0.0,0.0,1
Urban,7256,0,0,0,0.0,0.0,0.0,1
Urban,7257,0,0,0,0.0,0.0,0.0,1
Urban,7258,0,0,0,0.0,0.0,0.0,1
Urban,7259,0,0,0,0.0,0.0,0.0,1
Urban,7260,0,0,0,0.0,0.0,0.0,1
Urban,7261,0,0,0,0.0,0.0,0.0,1
Urban,7262,0,0,0,0.0,0.0,0.0,1
Urban,7263,0,0,0,0.0,0.0,0.0,1
Urban,7264,0,0,0,0.0,0.0,0.0,1
Urban,7265,0,0,0,0.0,0.0,0.0,1
Urban,7266,0,0,0,0.0,0.0,0.0,1
Urban,7267,0,0,0,0.0,0.0,0.0,1
Urban,7268,0,0,0,0.0,0.0,0.0,1
Urban,7269,0,0,0,0.0,0.0,0.0,1
Urban,7270,0,0,0,0.0,0.0,0.0,1
Urban,7271,0,0,0,0.0,0.0,0.0,1
Urban,7272,0,0,0,0.0,0.0,0.0,1
Urban,7273,0,0,0,0.0,0.0,0.0,1
Urban,7274,0,0,0,0.0,0.0,0.0,1
Urban,7275,0,0,0,0.0,0.0,0.0,1
Urban,7276,0,0,0,0.0,0.0,0.0,1
Urban,7277,0,0,0,0.0,0.0,0.0,1
Urban,7278,0,0,0,0.0,0.0,0.0,1
Urban,7279,0,0,0,0.0,0.0,0.0,1
Urban,7280,0,0,0,0.0,0.0,0.0,1
Urban,7281,0,0,0,0.0,0.0,0.0,1
Urban,7282,0,0,0,0.0,0.0,0.0,1
Urban,7283,0,0,0,0.0,0.0,0.0,1
Urban,7284,0,0,0,0.0,0.0,0.0,1
Urban,7285,0,0,0,0.0,0.0,0.0,1
Urban,7286,0,0,0,0.0,0.0,0.0,1
Urban,7287,0,0,0,0.0,0.0,0.0,1
Urban,7288,0,0,0,0.0,0.0,0.0,1
Urban,7289,0,0,0,0.0,0.0,0.0,1
Urban,7290,0,0,0,0.0,0.0,0.0,1
Urban,7291,0,0,0,0.0,0.0,0.0,1
Urban,7292,0,0,0,0.0,0.0,0.0,1
Urban,7293,0,0,0,0.0,0.0,0.0,1
Urban,7294,0,0,0,0.0,0.0,0.0,1
Urban,7295,0,0,0,0.0,0.0,0.0,1
Urban,7296,0,0,0,0.0,0.0,0.0,1
Urban,7297,0,0,0,0.0,0.0,0.0,1
Urban,7298,0,0,0,0.0,0.0,0.0,1
Urban,7299,0,0,0,0.0,0.0,0.0,1
Urban,7300,0,0,0,0.0,0.0,0.0,1
Urban,7301,0,0,0,0.0,0.0,0.0,1
Urban,7302,0,0,0,0.0,0.0,0.0,1
Urban,7303,0,0,0,0.0,0.0,0.0,1
Urban,7304,0,0,0,0.0,0.0,0.0,1
Urban,7305,0,0,0,0.0,0.0,0.0,1
Urban,7306,0,0,0,0.0,0.0,0.0,1
Urban,7307,0,0,0,0.0,0.0,0.0,1
Urban,7308,0,0,0,0.0,0.0,0.0,1
Urban,7309,0,0,0,0.0,0.0,0.0,1
Urban,7310,0,0,0,0.0,0.0,0.0,1
Urban,7311,0,0,0,0.0,0.0,0.0,1
Urban,7312,0,0,0,0.0,0.0,0.0,1
Urban,7313,0,0,0,0.0,0.0,0.0,1
Urban,7314,0,0,0,0.0,0.0,0.0,1
Urban,7315,0,0,0,0.0,0.0,0.0,1
Urban,7316,0,0,0,0.0,0.0,0.0,1
Urban,7317,0,0,0,0.0,0.0,0.0,1
Urban,7318,0,0,0,0.0,0.0,0.0,1
Urban,7319,0,0,0,0.0,0.0,0.0,1
Urban,7320,0,0,0,0.0,0.0,0.0,1
Urban,7321,0,0,0,0.0,0.0,0.0,1
Urban,7322,0,0,0,0.0,0.0,0.0,1
Urban,7323,0,0,0,0.0,0.0,0.0,1
Urban,7324,0,0,0,0.0,0.0,0.0,1
Urban,7325,0,0,0,0.0,0.0,0.0,1
Urban,7326,0,0,0,0.0,0.0,0.0,1
Urban,7327,0,0,0,0.0,0.0,0.0,1
Urban,7328,0,0,0,0.0,0.0,0.0,1
Urban,7329,0,0,0,0.0,0.0,0.0,1
Urban,7330,0,0,0,0.0,0.0,0.0,1
Urban,7331,0,0,0,0.0,0.0,0.0,1
Urban,7332,0,0,0,0.0,0.0,0.0,1
Urban,7333,0,0,0,0.0,0.0,0.0,1
Urban,7334,0,0,0,0.0,0.0,0.0,1
Urban,7335,0,0,0,0.0,0.0,0.0,1
Urban,7336,0,0,0,0.0,0.0,0.0,1
Urban,7337,0,0,0,0.0,0.0,0.0,1
Urban,7338,0,0,0,0.0,0.0,0.0,1
Urban,7339,0,0,0,0.0,0.0,0.0,1
Urban,7340,0,0,0,0.0,0.0,0.0,1
Urban,7341,0,0,0,0.0,0.0,0.0,1
Urban,7342,0,0,0,0.0,0.0,0.0,1
Urban,7343,0,0,0,0.0,0.0,0.0,1
Urban,7344,0,0,0,0.0,0.0,0.0,1
Urban,7345,0,0,0,0.0,0.0,0.0,1
Urban,7346,0,0,0,0.0,0.0,0.0,1
Urban,7347,0,0,0,0.0,0.0,0.0,1
Urban,7348,0,0,0,0.0,0.0,0.0,1
Urban,7349,0,0,0,0.0,0.0,0.0,1
Urban,7350,0,0,0,0.0,0.0,0.0,1
Urban,7351,0,0,0,0.0,0.0,0.0,1
Urban,7352,0,0,0,0.0,0.0,0.0,1
Urban,7353,0,0,0,0.0,0.0,0.0,1
Urban,7354,0,0,0,0.0,0.0,0.0,1
Urban,7355,0,0,0,0.0,0.0,0.0,1
Urban,7356,0,0,0,0.0,0.0,0.0,1
Urban,7357,0,0,0,0.0,0.0,0.0,1
Urban,7358,0,0,0,0.0,0.0,0.0,1
Urban,7359,0,0,0,0.0,0.0,0.0,1
Urban,7360,0,0,0,0.0,0.0,0.0,1
Urban,7361,0,0,0,0.0,0.0,0.0,1
Urban,7362,0,0,0,0.0,0.0,0.0,1
Urban,7363,0,0,0,0.0,0.0,0.0,1
Urban,7364,0,0,0,0.0,0.0,0.0,1
Urban,7365,0,0,0,0.0,0.0,0.0,1
Urban,7366,0,0,0,0.0,0.0,0.0,1
Urban,7367,0,0,0,0.0,0.0,0.0,1
Urban,7368,0,0,0,0.0,0.0,0.0,1
Urban,7369,0,0,0,0.0,0.0,0.0,1
Urban,7370,0,0,0,0.0,0.0,0.0,1
Urban,7371,0,0,0,0.0,0.0,0.0,1
Urban,7372,0,0,0,0.0,0.0,0.0,1
Urban,7373,0,0,0,0.0,0.0,0.0,1
Urban,7374,0,0,0,0.0,0.0,0.0,1
Urban,7375,0,0,0,0.0,0.0,0.0,1
Urban,7376,0,0,0,0.0,0.0,0.0,1
Urban,7377,0,0,0,0.0,0.0,0.0,1
Urban,7378,0,0,0,0.0,0.0,0.0,1
Urban,7379,0,0,0,0.0,0.0,0.0,1
Urban,7380,0,0,0,0.0,0.0,0.0,1
Urban,7381,0,0,0,0.0,0.0,0.0,1
Urban,7382,0,0,0,0.0,0.0,0.0,1
Urban,7383,0,0,0,0.0,0.0,0.0,1
Urban,7384,0,0,0,0.0,0.0,0.0,1
Urban,7385,0,0,0,0.0,0.0,0.0,1
Urban,7386,0,0,0,0.0,0.0,0.0,1
Urban,7387,0,0,0,0.0,0.0,0.0,1
Urban,7388,0,0,0,0.0,0.0,0.0,1
Urban,7389,0,0,0,0.0,0.0,0.0,1
Urban,7390,0,0,0,0.0,0.0,0.0,1
Urban,7391,0,0,0,0.0,0.0,0.0,1
Urban,7392,0,0,0,0.0,0.0,0.0,1
Urban,7393,0,0,0,0.0,0.0,0.0,1
Urban,7394,0,0,0,0.0,0.0,0.0,1
Urban,7395,0,0,0,0.0,0.0,0.0,1
Urban,7396,0,0,0,0.0,0.0,0.0,1
Urban,7397,0,0,0,0.0,0.0,0.0,1
Urban,7398,0,0,0,0.0,0.0,0.0,1
Urban,7399,0,0,0,0.0,0.0,0.0,1
Urban,7400,0,0,0,0.0,0.0,0.0,1
Urban,7401,0,0,0,0.0,0.0,0.0,1
Urban,7402,0,0,0,0.0,0.0,0.0,1
Urban,7403,0,0,0,0.0,0.0,0.0,1
Urban,7404,0,0,0,0.0,0.0,0.0,1
Urban,7405,0,0,0,0.0,0.0,0.0,1
Urban,7406,0,0,0,0.0,0.0,0.0,1
Urban,7407,0,0,0,0.0,0.0,0.0,1
Urban,7408,0,0,0,0.0,0.0,0.0,1
Urban,7409,0,0,0,0.0,0.0,0.0,1
Urban,7410,0,0,0,0.0,0.0,0.0,1
Urban,7411,0,0,0,0.0,0.0,0.0,1
Urban,7412,0,0,0,0.0,0.0,0.0,1
Urban,7413,0,0,0,0.0,0.0,0.0,1
Urban,7414,0,0,0,0.0,0.0,0.0,1
Urban,7415,0,0,0,0.0,0.0,0.0,1
Urban,7416,0,0,0,0.0,0.0,0.0,1
Urban,7417,0,0,0,0.0,0.0,0.0,1
Urban,7418,0,0,0,0.0,0.0,0.0,1
Urban,7419,0,0,0,0.0,0.0,0.0,1
Urban,7420,0,0,0,0.0,0.0,0.0,1
Urban,7421,0,0,0,0.0,0.0,0.0,1
Urban,7422,0,0,0,0.0,0.0,0.0,1
Urban,7423,0,0,0,0.0,0.0,0.0,1
Urban,7424,0,0,0,0.0,0.0,0.0,1
Urban,7425,0,0,0,0.0,0.0,0.0,1
Urban,7426,0,0,0,0.0,0.0,0.0,1
Urban,7427,0,0,0,0.0,0.0,0.0,1
Urban,7428,0,0,0,0.0,0.0,0.0,1
Urban,7429,0,0,0,0.0,0.0,0.0,1
Urban,7430,0,0,0,0.0,0.0,0.0,1
Urban,7431,0,0,0,0.0,0.0,0.0,1
Urban,7432,0,0,0,0.0,0.0,0.0,1
Urban,7433,0,0,0,0.0,0.0,0.0,1
Urban,7434,0,0,0,0.0,0.0,0.0,1
Urban,7435,0,0,0,0.0,0.0,0.0,1
Urban,7436,0,0,0,0.0,0.0,0.0,1
Urban,7437,0,0,0,0.0,0.0,0.0,1
Urban,7438,0,0,0,0.0,0.0,0.0,1
Urban,7439,0,0,0,0.0,0.0,0.0,1
Urban,7440,0,0,0,0.0,0.0,0.0,1
Urban,7441,0,0,0,0.0,0.0,0.0,1
Urban,7442,0,0,0,0.0,0.0,0.0,1
Urban,7443,0,0,0,0.0,0.0,0.0,1
Urban,7444,0,0,0,0.0,0.0,0.0,1
Urban,7445,0,0,0,0.0,0.0,0.0,1
Urban,7446,0,0,0,0.0,0.0,0.0,1
Urban,7447,0,0,0,0.0,0.0,0.0,1
Urban,7448,0,0,0,0.0,0.0,0.0,1
Urban,7449,0,0,0,0.0,0.0,0.0,1
Urban,7450,0,0,0,0.0,0.0,0.0,1
Urban,7451,0,0,0,0.0,0.0,0.0,1
Urban,7452,0,0,0,0.0,0.0,0.0,1
Urban,7453,0,0,0,0.0,0.0,0.0,1
Urban,7454,0,0,0,0.0,0.0,0.0,1
Urban,7455,0,0,0,0.0,0.0,0.0,1
Urban,7456,0,0,0,0.0,0.0,0.0,1
Urban,7457,0,0,0,0.0,0.0,0.0,1
Urban,7458,0,0,0,0.0,0.0,0.0,1
Urban,7459,0,0,0,0.0,0.0,0.0,1
Urban,7460,0,0,0,0.0,0.0,0.0,1
Urban,7461,0,0,0,0.0,0.0,0.0,1
Urban,7462,0,0,0,0.0,0.0,0.0,1
Urban,7463,0,0,0,0.0,0.0,0.0,1
Urban,7464,0,0,0,0.0,0.0,0.0,1
Urban,7465,0,0,0,0.0,0.0,0.0,1
Urban,7466,0,0,0,0.0,0.0,0.0,1
Urban,7467,0,0,0,0.0,0.0,0.0,1
Urban,7468,0,0,0,0.0,0.0,0.0,1
Urban,7469,0,0,0,0.0,0.0,0.0,1
Urban,7470,0,0,0,0.0,0.0,0.0,1
Urban,7471,0,0,0,0.0,0.0,0.0,1
Urban,7472,0,0,0,0.0,0.0,0.0,1
Urban,7473,0,0,0,0.0,0.0,0.0,1
Urban,7474,0,0,0,0.0,0.0,0.0,1
Urban,7475,0,0,0,0.0,0.0,0.0,1
Urban,7476,0,0,0,0.0,0.0,0.0,1
Urban,7477,0,0,0,0.0,0.0,0.0,1
Urban,7478,0,0,0,0.0,0.0,0.0,1
Urban,7479,0,0,0,0.0,0.0,0.0,1
Urban,7480,0,0,0,0.0,0.0,0.0,1
Urban,7481,0,0,0,0.0,0.0,0.0,1
Urban,7482,0,0,0,0.0,0.0,0.0,1
Urban,7483,0,0,0,0.0,0.0,0.0,1
Urban,7484,0,0,0,0.0,0.0,0.0,1
Urban,7485,0,0,0,0.0,0.0,0.0,1
Urban,7486,0,0,0,0.0,0.0,0.0,1
Urban,7487,0,0,0,0.0,0.0,0.0,1
Urban,7488,0,0,0,0.0,0.0,0.0,1
Urban,7489,0,0,0,0.0,0.0,0.0,1
Urban,7490,0,0,0,0.0,0.0,0.0,1
Urban,7491,0,0,0,0.0,0.0,0.0,1
Urban,7492,0,0,0,0.0,0.0,0.0,1
Urban,7493,0,0,0,0.0,0.0,0.0,1
Urban,7494,0,0,0,0.0,0.0,0.0,1
Urban,7495,0,0,0,0.0,0.0,0.0,1
Urban,7496,0,0,0,0.0,0.0,0.0,1
Urban,7497,0,0,0,0.0,0.0,0.0,1
Urban,7498,0,0,0,0.0,0.0,0.0,1
Urban,7499,0,0,0,0.0,0.0,0.0,1
Urban,7500,0,0,0,0.0,0.0,0.0,1
Urban,7501,0,0,0,0.0,0.0,0.0,1
Urban,7502,0,0,0,0.0,0.0,0.0,1
Urban,7503,0,0,0,0.0,0.0,0.0,1
Urban,7504,0,0,0,0.0,0.0,0.0,1
Urban,7505,0,0,0,0.0,0.0,0.0,1
Urban,7506,0,0,0,0.0,0.0,0.0,1
Urban,7507,0,0,0,0.0,0.0,0.0,1
Urban,7508,0,0,0,0.0,0.0,0.0,1
Urban,7509,0,0,0,0.0,0.0,0.0,1
Urban,7510,0,0,0,0.0,0.0,0.0,1
Urban,7511,0,0,0,0.0,0.0,0.0,1
Urban,7512,0,0,0,0.0,0.0,0.0,1
Urban,7513,0,0,0,0.0,0.0,0.0,1
Urban,7514,0,0,0,0.0,0.0,0.0,1
Urban,7515,0,0,0,0.0,0.0,0.0,1
Urban,7516,0,0,0,0.0,0.0,0.0,1
Urban,7517,0,0,0,0.0,0.0,0.0,1
Urban,7518,0,0,0,0.0,0.0,0.0,1
Urban,7519,0,0,0,0.0,0.0,0.0,1
Urban,7520,0,0,0,0.0,0.0,0.0,1
Urban,7521,0,0,0,0.0,0.0,0.0,1
Urban,7522,0,0,0,0.0,0.0,0.0,1
Urban,7523,0,0,0,0.0,0.0,0.0,1
Urban,7524,0,0,0,0.0,0.0,0.0,1
Urban,7525,0,0,0,0.0,0.0,0.0,1
Urban,7526,0,0,0,0.0,0.0,0.0,1
Urban,7527,0,0,0,0.0,0.0,0.0,1
Urban,7528,0,0,0,0.0,0.0,0.0,1
Urban,7529,0,0,0,0.0,0.0,0.0,1
Urban,7530,0,0,0,0.0,0.0,0.0,1
Urban,7531,0,0,0,0.0,0.0,0.0,1
Urban,7532,0,0,0,0.0,0.0,0.0,1
Urban,7533,0,0,0,0.0,0.0,0.0,1
Urban,7534,0,0,0,0.0,0.0,0.0,1
Urban,7535,0,0,0,0.0,0.0,0.0,1
Urban,7536,0,0,0,0.0,0.0,0.0,1
Urban,7537,0,0,0,0.0,0.0,0.0,1
Urban,7538,0,0,0,0.0,0.0,0.0,1
Urban,7539,0,0,0,0.0,0.0,0.0,1
Urban,7540,0,0,0,0.0,0.0,0.0,1
Urban,7541,0,0,0,0.0,0.0,0.0,1
Urban,7542,0,0,0,0.0,0.0,0.0,1
Urban,7543,0,0,0,0.0,0.0,0.0,1
Urban,7544,0,0,0,0.0,0.0,0.0,1
Urban,7545,0,0,0,0.0,0.0,0.0,1
Urban,7546,0,0,0,0.0,0.0,0.0,1
Urban,7547,0,0,0,0.0,0.0,0.0,1
Urban,7548,0,0,0,0.0,0.0,0.0,1
Urban,7549,0,0,0,0.0,0.0,0.0,1
Urban,7550,0,0,0,0.0,0.0,0.0,1
Urban,7551,0,0,0,0.0,0.0,0.0,1
Urban,7552,0,0,0,0.0,0.0,0.0,1
Urban,7553,0,0,0,0.0,0.0,0.0,1
Urban,7554,0,0,0,0.0,0.0,0.0,1
Urban,7555,0,0,0,0.0,0.0,0.0,1
Urban,7556,0,0,0,0.0,0.0,0.0,1
Urban,7557,0,0,0,0.0,0.0,0.0,1
Urban,7558,0,0,0,0.0,0.0,0.0,1
Urban,7559,0,0,0,0.0,0.0,0.0,1
Urban,7560,0,0,0,0.0,0.0,0.0,1
Urban,7561,0,0,0,0.0,0.0,0.0,1
Urban,7562,0,0,0,0.0,0.0,0.0,1
Urban,7563,0,0,0,0.0,0.0,0.0,1
Urban,7564,0,0,0,0.0,0.0,0.0,1
Urban,7565,0,0,0,0.0,0.0,0.0,1
Urban,7566,0,0,0,0.0,0.0,0.0,1
Urban,7567,0,0,0,0.0,0.0,0.0,1
Urban,7568,0,0,0,0.0,0.0,0.0,1
Urban,7569,0,0,0,0.0,0.0,0.0,1
Urban,7570,0,0,0,0.0,0.0,0.0,1
Urban,7571,0,0,0,0.0,0.0,0.0,1
Urban,7572,0,0,0,0.0,0.0,0.0,1
Urban,7573,0,0,0,0.0,0.0,0.0,1
Urban,7574,0,0,0,0.0,0.0,0.0,1
Urban,7575,0,0,0,0.0,0.0,0.0,1
Urban,7576,0,0,0,0.0,0.0,0.0,1
Urban,7577,0,0,0,0.0,0.0,0.0,1
Urban,7578,0,0,0,0.0,0.0,0.0,1
Urban,7579,0,0,0,0.0,0.0,0.0,1
Urban,7580,0,0,0,0.0,0.0,0.0,1
Urban,7581,0,0,0,0.0,0.0,0.0,1
Urban,7582,0,0,0,0.0,0.0,0.0,1
Urban,7583,0,0,0,0.0,0.0,0.0,1
Urban,7584,0,0,0,0.0,0.0,0.0,1
Urban,7585,0,0,0,0.0,0.0,0.0,1
Urban,7586,0,0,0,0.0,0.0,0.0,1
Urban,7587,0,0,0,0.0,0.0,0.0,1
Urban,7588,0,0,0,0.0,0.0,0.0,1
Urban,7589,0,0,0,0.0,0.0,0.0,1
Urban,7590,0,0,0,0.0,0.0,0.0,1
Urban,7591,0,0,0,0.0,0.0,0.0,1
Urban,7592,0,0,0,0.0,0.0,0.0,1
Urban,7593,0,0,0,0.0,0.0,0.0,1
Urban,7594,0,0,0,0.0,0.0,0.0,1
Urban,7595,0,0,0,0.0,0.0,0.0,1
Urban,7596,0,0,0,0.0,0.0,0.0,1
Urban,7597,0,0,0,0.0,0.0,0.0,1
Urban,7598,0,0,0,0.0,0.0,0.0,1
Urban,7599,0,0,0,0.0,0.0,0.0,1
Urban,7600,0,0,0,0.0,0.0,0.0,1
Urban,7601,0,0,0,0.0,0.0,0.0,1
Urban,7602,0,0,0,0.0,0.0,0.0,1
Urban,7603,0,0,0,0.0,0.0,0.0,1
Urban,7604,0,0,0,0.0,0.0,0.0,1
Urban,7605,0,0,0,0.0,0.0,0.0,1
Urban,7606,0,0,0,0.0,0.0,0.0,1
Urban,7607,0,0,0,0.0,0.0,0.0,1
Urban,7608,0,0,0,0.0,0.0,0.0,1
Urban,7609,0,0,0,0.0,0.0,0.0,1
Urban,7610,0,0,0,0.0,0.0,0.0,1
Urban,7611,0,0,0,0.0,0.0,0.0,1
Urban,7612,0,0,0,0.0,0.0,0.0,1
Urban,7613,0,0,0,0.0,0.0,0.0,1
Urban,7614,0,0,0,0.0,0.0,0.0,1
Urban,7615,0,0,0,0.0,0.0,0.0,1
Urban,7616,0,0,0,0.0,0.0,0.0,1
Urban,7617,0,0,0,0.0,0.0,0.0,1
Urban,7618,0,0,0,0.0,0.0,0.0,1
Urban,7619,0,0,0,0.0,0.0,0.0,1
Urban,7620,0,0,0,0.0,0.0,0.0,1
Urban,7621,0,0,0,0.0,0.0,0.0,1
Urban,7622,0,0,0,0.0,0.0,0.0,1
Urban,7623,0,0,0,0.0,0.0,0.0,1
Urban,7624,0,0,0,0.0,0.0,0.0,1
Urban,7625,0,0,0,0.0,0.0,0.0,1
Urban,7626,0,0,0,0.0,0.0,0.0,1
Urban,7627,0,0,0,0.0,0.0,0.0,1
Urban,7628,0,0,0,0.0,0.0,0.0,1
Urban,7629,0,0,0,0.0,0.0,0.0,1
Urban,7630,0,0,0,0.0,0.0,0.0,1
Urban,7631,0,0,0,0.0,0.0,0.0,1
Urban,7632,0,0,0,0.0,0.0,0.0,1
Urban,7633,0,0,0,0.0,0.0,0.0,1
Urban,7634,0,0,0,0.0,0.0,0.0,1
Urban,7635,0,0,0,0.0,0.0,0.0,1
Urban,7636,0,0,0,0.0,0.0,0.0,1
Urban,7637,0,0,0,0.0,0.0,0.0,1
Urban,7638,0,0,0,0.0,0.0,0.0,1
Urban,7639,0,0,0,0.0,0.0,0.0,1
Urban,7640,0,0,0,0.0,0.0,0.0,1
Urban,7641,0,0,0,0.0,0.0,0.0,1
Urban,7642,0,0,0,0.0,0.0,0.0,1
Urban,7643,0,0,0,0.0,0.0,0.0,1
Urban,7644,0,0,0,0.0,0.0,0.0,1
Urban,7645,0,0,0,0.0,0.0,0.0,1
Urban,7646,0,0,0,0.0,0.0,0.0,1
Urban,7647,0,0,0,0.0,0.0,0.0,1
Urban,7648,0,0,0,0.0,0.0,0.0,1
Urban,7649,0,0,0,0.0,0.0,0.0,1
Urban,7650,0,0,0,0.0,0.0,0.0,1
Urban,7651,0,0,0,0.0,0.0,0.0,1
Urban,7652,0,0,0,0.0,0.0,0.0,1
Urban,7653,0,0,0,0.0,0.0,0.0,1
Urban,7654,0,0,0,0.0,0.0,0.0,1
Urban,7655,0,0,0,0.0,0.0,0.0,1
Urban,7656,0,0,0,0.0,0.0,0.0,1
Urban,7657,0,0,0,0.0,0.0,0.0,1
Urban,7658,0,0,0,0.0,0.0,0.0,1
Urban,7659,0,0,0,0.0,0.0,0.0,1
Urban,7660,0,0,0,0.0,0.0,0.0,1
Urban,7661,0,0,0,0.0,0.0,0.0,1
Urban,7662,0,0,0,0.0,0.0,0.0,1
Urban,7663,0,0,0,0.0,0.0,0.0,1
Urban,7664,0,0,0,0.0,0.0,0.0,1
Urban,7665,0,0,0,0.0,0.0,0.0,1
Urban,7666,0,0,0,0.0,0.0,0.0,1
Urban,7667,0,0,0,0.0,0.0,0.0,1
Urban,7668,0,0,0,0.0,0.0,0.0,1
Urban,7669,0,0,0,0.0,0.0,0.0,1
Urban,7670,0,0,0,0.0,0.0,0.0,1
Urban,7671,0,0,0,0.0,0.0,0.0,1
Urban,7672,0,0,0,0.0,0.0,0.0,1
Urban,7673,0,0,0,0.0,0.0,0.0,1
Urban,7674,0,0,0,0.0,0.0,0.0,1
Urban,7675,0,0,0,0.0,0.0,0.0,1
Urban,7676,0,0,0,0.0,0.0,0.0,1
Urban,7677,0,0,0,0.0,0.0,0.0,1
Urban,7678,0,0,0,0.0,0.0,0.0,1
Urban,7679,0,0,0,0.0,0.0,0.0,1
Urban,7680,0,0,0,0.0,0.0,0.0,1
Urban,7681,0,0,0,0.0,0.0,0.0,1
Urban,7682,0,0,0,0.0,0.0,0.0,1
Urban,7683,0,0,0,0.0,0.0,0.0,1
Urban,7684,0,0,0,0.0,0.0,0.0,1
Urban,7685,0,0,0,0.0,0.0,0.0,1
Urban,7686,0,0,0,0.0,0.0,0.0,1
Urban,7687,0,0,0,0.0,0.0,0.0,1
Urban,7688,0,0,0,0.0,0.0,0.0,1
Urban,7689,0,0,0,0.0,0.0,0.0,1
Urban,7690,0,0,0,0.0,0.0,0.0,1
Urban,7691,0,0,0,0.0,0.0,0.0,1
Urban,7692,0,0,0,0.0,0.0,0.0,1
Urban,7693,0,0,0,0.0,0.0,0.0,1
Urban,7694,0,0,0,0.0,0.0,0.0,1
Urban,7695,0,0,0,0.0,0.0,0.0,1
Urban,7696,0,0,0,0.0,0.0,0.0,1
Urban,7697,0,0,0,0.0,0.0,0.0,1
Urban,7698,0,0,0,0.0,0.0,0.0,1
Urban,7699,0,0,0,0.0,0.0,0.0,1
Urban,7700,0,0,0,0.0,0.0,0.0,1
Urban,7701,0,0,0,0.0,0.0,0.0,1
Urban,7702,0,0,0,0.0,0.0,0.0,1
Urban,7703,0,0,0,0.0,0.0,0.0,1
Urban,7704,0,0,0,0.0,0.0,0.0,1
Urban,7705,0,0,0,0.0,0.0,0.0,1
Urban,7706,0,0,0,0.0,0.0,0.0,1
Urban,7707,0,0,0,0.0,0.0,0.0,1
Urban,7708,0,0,0,0.0,0.0,0.0,1
Urban,7709,0,0,0,0.0,0.0,0.0,1
Urban,7710,0,0,0,0.0,0.0,0.0,1
Urban,7711,0,0,0,0.0,0.0,0.0,1
Urban,7712,0,0,0,0.0,0.0,0.0,1
Urban,7713,0,0,0,0.0,0.0,0.0,1
Urban,7714,0,0,0,0.0,0.0,0.0,1
Urban,7715,0,0,0,0.0,0.0,0.0,1
Urban,7716,0,0,0,0.0,0.0,0.0,1
Urban,7717,0,0,0,0.0,0.0,0.0,1
Urban,7718,0,0,0,0.0,0.0,0.0,1
Urban,7719,0,0,0,0.0,0.0,0.0,1
Urban,7720,0,0,0,0.0,0.0,0.0,1
Urban,7721,0,0,0,0.0,0.0,0.0,1
Urban,7722,0,0,0,0.0,0.0,0.0,1
Urban,7723,0,0,0,0.0,0.0,0.0,1
Urban,7724,0,0,0,0.0,0.0,0.0,1
Urban,7725,0,0,0,0.0,0.0,0.0,1
Urban,7726,0,0,0,0.0,0.0,0.0,1
Urban,7727,0,0,0,0.0,0.0,0.0,1
Urban,7728,0,0,0,0.0,0.0,0.0,1
Urban,7729,0,0,0,0.0,0.0,0.0,1
Urban,7730,0,0,0,0.0,0.0,0.0,1
Urban,7731,0,0,0,0.0,0.0,0.0,1
Urban,7732,0,0,0,0.0,0.0,0.0,1
Urban,7733,0,0,0,0.0,0.0,0.0,1
Urban,7734,0,0,0,0.0,0.0,0.0,1
Urban,7735,0,0,0,0.0,0.0,0.0,1
Urban,7736,0,0,0,0.0,0.0,0.0,1
Urban,7737,0,0,0,0.0,0.0,0.0,1
Urban,7738,0,0,0,0.0,0.0,0.0,1
Urban,7739,0,0,0,0.0,0.0,0.0,1
Urban,7740,0,0,0,0.0,0.0,0.0,1
Urban,7741,0,0,0,0.0,0.0,0.0,1
Urban,7742,0,0,0,0.0,0.0,0.0,1
Urban,7743,0,0,0,0.0,0.0,0.0,1
Urban,7744,0,0,0,0.0,0.0,0.0,1
Urban,7745,0,0,0,0.0,0.0,0.0,1
Urban,7746,0,0,0,0.0,0.0,0.0,1
Urban,7747,0,0,0,0.0,0.0,0.0,1
Urban,7748,0,0,0,0.0,0.0,0.0,1
Urban,7749,0,0,0,0.0,0.0,0.0,1
Urban,7750,0,0,0,0.0,0.0,0.0,1
Urban,7751,0,0,0,0.0,0.0,0.0,1
Urban,7752,0,0,0,0.0,0.0,0.0,1
Urban,7753,0,0,0,0.0,0.0,0.0,1
Urban,7754,0,0,0,0.0,0.0,0.0,1
Urban,7755,0,0,0,0.0,0.0,0.0,1
Urban,7756,0,0,0,0.0,0.0,0.0,1
Urban,7757,0,0,0,0.0,0.0,0.0,1
Urban,7758,0,0,0,0.0,0.0,0.0,1
Urban,7759,0,0,0,0.0,0.0,0.0,1
Urban,7760,0,0,0,0.0,0.0,0.0,1
Urban,7761,0,0,0,0.0,0.0,0.0,1
Urban,7762,0,0,0,0.0,0.0,0.0,1
Urban,7763,0,0,0,0.0,0.0,0.0,1
Urban,7764,0,0,0,0.0,0.0,0.0,1
Urban,7765,0,0,0,0.0,0.0,0.0,1
Urban,7766,0,0,0,0.0,0.0,0.0,1
Urban,7767,0,0,0,0.0,0.0,0.0,1
Urban,7768,0,0,0,0.0,0.0,0.0,1
Urban,7769,0,0,0,0.0,0.0,0.0,1
Urban,7770,0,0,0,0.0,0.0,0.0,1
Urban,7771,0,0,0,0.0,0.0,0.0,1
Urban,7772,0,0,0,0.0,0.0,0.0,1
Urban,7773,0,0,0,0.0,0.0,0.0,1
Urban,7774,0,0,0,0.0,0.0,0.0,1
Urban,7775,0,0,0,0.0,0.0,0.0,1
Urban,7776,0,0,0,0.0,0.0,0.0,1
Urban,7777,0,0,0,0.0,0.0,0.0,1
Urban,7778,0,0,0,0.0,0.0,0.0,1
Urban,7779,0,0,0,0.0,0.0,0.0,1
Urban,7780,0,0,0,0.0,0.0,0.0,1
Urban,7781,0,0,0,0.0,0.0,0.0,1
Urban,7782,0,0,0,0.0,0.0,0.0,1
Urban,7783,0,0,0,0.0,0.0,0.0,1
Urban,7784,0,0,0,0.0,0.0,0.0,1
Urban,7785,0,0,0,0.0,0.0,0.0,1
Urban,7786,0,0,0,0.0,0.0,0.0,1
Urban,7787,0,0,0,0.0,0.0,0.0,1
Urban,7788,0,0,0,0.0,0.0,0.0,1
Urban,7789,0,0,0,0.0,0.0,0.0,1
Urban,7790,0,0,0,0.0,0.0,0.0,1
Urban,7791,0,0,0,0.0,0.0,0.0,1
Urban,7792,0,0,0,0.0,0.0,0.0,1
Urban,7793,0,0,0,0.0,0.0,0.0,1
Urban,7794,0,0,0,0.0,0.0,0.0,1
Urban,7795,0,0,0,0.0,0.0,0.0,1
Urban,7796,0,0,0,0.0,0.0,0.0,1
Urban,7797,0,0,0,0.0,0.0,0.0,1
Urban,7798,0,0,0,0.0,0.0,0.0,1
Urban,7799,0,0,0,0.0,0.0,0.0,1
Urban,7800,0,0,0,0.0,0.0,0.0,1
Urban,7801,0,0,0,0.0,0.0,0.0,1
Urban,7802,0,0,0,0.0,0.0,0.0,1
Urban,7803,0,0,0,0.0,0.0,0.0,1
Urban,7804,0,0,0,0.0,0.0,0.0,1
Urban,7805,0,0,0,0.0,0.0,0.0,1
Urban,7806,0,0,0,0.0,0.0,0.0,1
Urban,7807,0,0,0,0.0,0.0,0.0,1
Urban,7808,0,0,0,0.0,0.0,0.0,1
Urban,7809,0,0,0,0.0,0.0,0.0,1
Urban,7810,0,0,0,0.0,0.0,0.0,1
Urban,7811,0,0,0,0.0,0.0,0.0,1
Urban,7812,0,0,0,0.0,0.0,0.0,1
Urban,7813,0,0,0,0.0,0.0,0.0,1
Urban,7814,0,0,0,0.0,0.0,0.0,1
Urban,7815,0,0,0,0.0,0.0,0.0,1
Urban,7816,0,0,0,0.0,0.0,0.0,1
Urban,7817,0,0,0,0.0,0.0,0.0,1
Urban,7818,0,0,0,0.0,0.0,0.0,1
Urban,7819,0,0,0,0.0,0.0,0.0,1
Urban,7820,0,0,0,0.0,0.0,0.0,1
Urban,7821,0,0,0,0.0,0.0,0.0,1
Urban,7822,0,0,0,0.0,0.0,0.0,1
Urban,7823,0,0,0,0.0,0.0,0.0,1
Urban,7824,0,0,0,0.0,0.0,0.0,1
Urban,7825,0,0,0,0.0,0.0,0.0,1
Urban,7826,0,0,0,0.0,0.0,0.0,1
Urban,7827,0,0,0,0.0,0.0,0.0,1
Urban,7828,0,0,0,0.0,0.0,0.0,1
Urban,7829,0,0,0,0.0,0.0,0.0,1
Urban,7830,0,0,0,0.0,0.0,0.0,1
Urban,7831,0,0,0,0.0,0.0,0.0,1
Urban,7832,0,0,0,0.0,0.0,0.0,1
Urban,7833,0,0,0,0.0,0.0,0.0,1
Urban,7834,0,0,0,0.0,0.0,0.0,1
Urban,7835,0,0,0,0.0,0.0,0.0,1
Urban,7836,0,0,0,0.0,0.0,0.0,1
Urban,7837,0,0,0,0.0,0.0,0.0,1
Urban,7838,0,0,0,0.0,0.0,0.0,1
Urban,7839,0,0,0,0.0,0.0,0.0,1
Urban,7840,0,0,0,0.0,0.0,0.0,1
Urban,7841,0,0,0,0.0,0.0,0.0,1
Urban,7842,0,0,0,0.0,0.0,0.0,1
Urban,7843,0,0,0,0.0,0.0,0.0,1
Urban,7844,0,0,0,0.0,0.0,0.0,1
Urban,7845,0,0,0,0.0,0.0,0.0,1
Urban,7846,0,0,0,0.0,0.0,0.0,1
Urban,7847,0,0,0,0.0,0.0,0.0,1
Urban,7848,0,0,0,0.0,0.0,0.0,1
Urban,7849,0,0,0,0.0,0.0,0.0,1
Urban,7850,0,0,0,0.0,0.0,0.0,1
Urban,7851,0,0,0,0.0,0.0,0.0,1
Urban,7852,0,0,0,0.0,0.0,0.0,1
Urban,7853,0,0,0,0.0,0.0,0.0,1
Urban,7854,0,0,0,0.0,0.0,0.0,1
Urban,7855,0,0,0,0.0,0.0,0.0,1
Urban,7856,0,0,0,0.0,0.0,0.0,1
Urban,7857,0,0,0,0.0,0.0,0.0,1
Urban,7858,0,0,0,0.0,0.0,0.0,1
Urban,7859,0,0,0,0.0,0.0,0.0,1
Urban,7860,0,0,0,0.0,0.0,0.0,1
Urban,7861,0,0,0,0.0,0.0,0.0,1
Urban,7862,0,0,0,0.0,0.0,0.0,1
Urban,7863,0,0,0,0.0,0.0,0.0,1
Urban,7864,0,0,0,0.0,0.0,0.0,1
Urban,7865,0,0,0,0.0,0.0,0.0,1
Urban,7866,0,0,0,0.0,0.0,0.0,1
Urban,7867,0,0,0,0.0,0.0,0.0,1
Urban,7868,0,0,0,0.0,0.0,0.0,1
Urban,7869,0,0,0,0.0,0.0,0.0,1
Urban,7870,0,0,0,0.0,0.0,0.0,1
Urban,7871,0,0,0,0.0,0.0,0.0,1
Urban,7872,0,0,0,0.0,0.0,0.0,1
Urban,7873,0,0,0,0.0,0.0,0.0,1
Urban,7874,0,0,0,0.0,0.0,0.0,1
Urban,7875,0,0,0,0.0,0.0,0.0,1
Urban,7876,0,0,0,0.0,0.0,0.0,1
Urban,7877,0,0,0,0.0,0.0,0.0,1
Urban,7878,0,0,0,0.0,0.0,0.0,1
Urban,7879,0,0,0,0.0,0.0,0.0,1
Urban,7880,0,0,0,0.0,0.0,0.0,1
Urban,7881,0,0,0,0.0,0.0,0.0,1
Urban,7882,0,0,0,0.0,0.0,0.0,1
Urban,7883,0,0,0,0.0,0.0,0.0,1
Urban,7884,0,0,0,0.0,0.0,0.0,1
Urban,7885,0,0,0,0.0,0.0,0.0,1
Urban,7886,0,0,0,0.0,0.0,0.0,1
Urban,7887,0,0,0,0.0,0.0,0.0,1
Urban,7888,0,0,0,0.0,0.0,0.0,1
Urban,7889,0,0,0,0.0,0.0,0.0,1
Urban,7890,0,0,0,0.0,0.0,0.0,1
Urban,7891,0,0,0,0.0,0.0,0.0,1
Urban,7892,0,0,0,0.0,0.0,0.0,1
Urban,7893,0,0,0,0.0,0.0,0.0,1
Urban,7894,0,0,0,0.0,0.0,0.0,1
Urban,7895,0,0,0,0.0,0.0,0.0,1
Urban,7896,0,0,0,0.0,0.0,0.0,1
Urban,7897,0,0,0,0.0,0.0,0.0,1
Urban,7898,0,0,0,0.0,0.0,0.0,1
Urban,7899,0,0,0,0.0,0.0,0.0,1
Urban,7900,0,0,0,0.0,0.0,0.0,1
Urban,7901,0,0,0,0.0,0.0,0.0,1
Urban,7902,0,0,0,0.0,0.0,0.0,1
Urban,7903,0,0,0,0.0,0.0,0.0,1
Urban,7904,0,0,0,0.0,0.0,0.0,1
Urban,7905,0,0,0,0.0,0.0,0.0,1
Urban,7906,0,0,0,0.0,0.0,0.0,1
Urban,7907,0,0,0,0.0,0.0,0.0,1
Urban,7908,0,0,0,0.0,0.0,0.0,1
Urban,7909,0,0,0,0.0,0.0,0.0,1
Urban,7910,0,0,0,0.0,0.0,0.0,1
Urban,7911,0,0,0,0.0,0.0,0.0,1
Urban,7912,0,0,0,0.0,0.0,0.0,1
Urban,7913,0,0,0,0.0,0.0,0.0,1
Urban,7914,0,0,0,0.0,0.0,0.0,1
Urban,7915,0,0,0,0.0,0.0,0.0,1
Urban,7916,0,0,0,0.0,0.0,0.0,1
Urban,7917,0,0,0,0.0,0.0,0.0,1
Urban,7918,0,0,0,0.0,0.0,0.0,1
Urban,7919,0,0,0,0.0,0.0,0.0,1
Urban,7920,0,0,0,0.0,0.0,0.0,1
Urban,7921,0,0,0,0.0,0.0,0.0,1
Urban,7922,0,0,0,0.0,0.0,0.0,1
Urban,7923,0,0,0,0.0,0.0,0.0,1
Urban,7924,0,0,0,0.0,0.0,0.0,1
Urban,7925,0,0,0,0.0,0.0,0.0,1
Urban,7926,0,0,0,0.0,0.0,0.0,1
Urban,7927,0,0,0,0.0,0.0,0.0,1
Urban,7928,0,0,0,0.0,0.0,0.0,1
Urban,7929,0,0,0,0.0,0.0,0.0,1
Urban,7930,0,0,0,0.0,0.0,0.0,1
Urban,7931,0,0,0,0.0,0.0,0.0,1
Urban,7932,0,0,0,0.0,0.0,0.0,1
Urban,7933,0,0,0,0.0,0.0,0.0,1
Urban,7934,0,0,0,0.0,0.0,0.0,1
Urban,7935,0,0,0,0.0,0.0,0.0,1
Urban,7936,0,0,0,0.0,0.0,0.0,1
Urban,7937,0,0,0,0.0,0.0,0.0,1
Urban,7938,0,0,0,0.0,0.0,0.0,1
Urban,7939,0,0,0,0.0,0.0,0.0,1
Urban,7940,0,0,0,0.0,0.0,0.0,1
Urban,7941,0,0,0,0.0,0.0,0.0,1
Urban,7942,0,0,0,0.0,0.0,0.0,1
Urban,7943,0,0,0,0.0,0.0,0.0,1
Urban,7944,0,0,0,0.0,0.0,0.0,1
Urban,7945,0,0,0,0.0,0.0,0.0,1
Urban,7946,0,0,0,0.0,0.0,0.0,1
Urban,7947,0,0,0,0.0,0.0,0.0,1
Urban,7948,0,0,0,0.0,0.0,0.0,1
Urban,7949,0,0,0,0.0,0.0,0.0,1
Urban,7950,0,0,0,0.0,0.0,0.0,1
Urban,7951,0,0,0,0.0,0.0,0.0,1
Urban,7952,0,0,0,0.0,0.0,0.0,1
Urban,7953,0,0,0,0.0,0.0,0.0,1
Urban,7954,0,0,0,0.0,0.0,0.0,1
Urban,7955,0,0,0,0.0,0.0,0.0,1
Urban,7956,0,0,0,0.0,0.0,0.0,1
Urban,7957,0,0,0,0.0,0.0,0.0,1
Urban,7958,0,0,0,0.0,0.0,0.0,1
Urban,7959,0,0,0,0.0,0.0,0.0,1
Urban,7960,0,0,0,0.0,0.0,0.0,1
Urban,7961,0,0,0,0.0,0.0,0.0,1
Urban,7962,0,0,0,0.0,0.0,0.0,1
Urban,7963,0,0,0,0.0,0.0,0.0,1
Urban,7964,0,0,0,0.0,0.0,0.0,1
Urban,7965,0,0,0,0.0,0.0,0.0,1
Urban,7966,0,0,0,0.0,0.0,0.0,1
Urban,7967,0,0,0,0.0,0.0,0.0,1
Urban,7968,0,0,0,0.0,0.0,0.0,1
Urban,7969,0,0,0,0.0,0.0,0.0,1
Urban,7970,0,0,0,0.0,0.0,0.0,1
Urban,7971,0,0,0,0.0,0.0,0.0,1
Urban,7972,0,0,0,0.0,0.0,0.0,1
Urban,7973,0,0,0,0.0,0.0,0.0,1
Urban,7974,0,0,0,0.0,0.0,0.0,1
Urban,7975,0,0,0,0.0,0.0,0.0,1
Urban,7976,0,0,0,0.0,0.0,0.0,1
Urban,7977,0,0,0,0.0,0.0,0.0,1
Urban,7978,0,0,0,0.0,0.0,0.0,1
Urban,7979,0,0,0,0.0,0.0,0.0,1
Urban,7980,0,0,0,0.0,0.0,0.0,1
Urban,7981,0,0,0,0.0,0.0,0.0,1
Urban,7982,0,0,0,0.0,0.0,0.0,1
Urban,7983,0,0,0,0.0,0.0,0.0,1
Urban,7984,0,0,0,0.0,0.0,0.0,1
Urban,7985,0,0,0,0.0,0.0,0.0,1
Urban,7986,0,0,0,0.0,0.0,0.0,1
Urban,7987,0,0,0,0.0,0.0,0.0,1
Urban,7988,0,0,0,0.0,0.0,0.0,1
Urban,7989,0,0,0,0.0,0.0,0.0,1
Urban,7990,0,0,0,0.0,0.0,0.0,1
Urban,7991,0,0,0,0.0,0.0,0.0,1
Urban,7992,0,0,0,0.0,0.0,0.0,1
Urban,7993,0,0,0,0.0,0.0,0.0,1
Urban,7994,0,0,0,0.0,0.0,0.0,1
Urban,7995,0,0,0,0.0,0.0,0.0,1
Urban,7996,0,0,0,0.0,0.0,0.0,1
Urban,7997,0,0,0,0.0,0.0,0.0,1
Urban,7998,0,0,0,0.0,0.0,0.0,1
Urban,7999,0,0,0,0.0,0.0,0.0,1
Urban,8000,0,0,0,0.0,0.0,0.0,1
Urban,8001,0,0,0,0.0,0.0,0.0,1
Urban,8002,0,0,0,0.0,0.0,0.0,1
Urban,8003,0,0,0,0.0,0.0,0.0,1
Urban,8004,0,0,0,0.0,0.0,0.0,1
Urban,8005,0,0,0,0.0,0.0,0.0,1
Urban,8006,0,0,0,0.0,0.0,0.0,1
Urban,8007,0,0,0,0.0,0.0,0.0,1
Urban,8008,0,0,0,0.0,0.0,0.0,1
Urban,8009,0,0,0,0.0,0.0,0.0,1
Urban,8010,0,0,0,0.0,0.0,0.0,1
Urban,8011,0,0,0,0.0,0.0,0.0,1
Urban,8012,0,0,0,0.0,0.0,0.0,1
Urban,8013,0,0,0,0.0,0.0,0.0,1
Urban,8014,0,0,0,0.0,0.0,0.0,1
Urban,8015,0,0,0,0.0,0.0,0.0,1
Urban,8016,0,0,0,0.0,0.0,0.0,1
Urban,8017,0,0,0,0.0,0.0,0.0,1
Urban,8018,0,0,0,0.0,0.0,0.0,1
Urban,8019,0,0,0,0.0,0.0,0.0,1
Urban,8020,0,0,0,0.0,0.0,0.0,1
Urban,8021,0,0,0,0.0,0.0,0.0,1
Urban,8022,0,0,0,0.0,0.0,0.0,1
Urban,8023,0,0,0,0.0,0.0,0.0,1
Urban,8024,0,0,0,0.0,0.0,0.0,1
Urban,8025,0,0,0,0.0,0.0,0.0,1
Urban,8026,0,0,0,0.0,0.0,0.0,1
Urban,8027,0,0,0,0.0,0.0,0.0,1
Urban,8028,0,0,0,0.0,0.0,0.0,1
Urban,8029,0,0,0,0.0,0.0,0.0,1
Urban,8030,0,0,0,0.0,0.0,0.0,1
Urban,8031,0,0,0,0.0,0.0,0.0,1
Urban,8032,0,0,0,0.0,0.0,0.0,1
Urban,8033,0,0,0,0.0,0.0,0.0,1
Urban,8034,0,0,0,0.0,0.0,0.0,1
Urban,8035,0,0,0,0.0,0.0,0.0,1
Urban,8036,0,0,0,0.0,0.0,0.0,1
Urban,8037,0,0,0,0.0,0.0,0.0,1
Urban,8038,0,0,0,0.0,0.0,0.0,1
Urban,8039,0,0,0,0.0,0.0,0.0,1
Urban,8040,0,0,0,0.0,0.0,0.0,1
Urban,8041,0,0,0,0.0,0.0,0.0,1
Urban,8042,0,0,0,0.0,0.0,0.0,1
Urban,8043,0,0,0,0.0,0.0,0.0,1
Urban,8044,0,0,0,0.0,0.0,0.0,1
Urban,8045,0,0,0,0.0,0.0,0.0,1
Urban,8046,0,0,0,0.0,0.0,0.0,1
Urban,8047,0,0,0,0.0,0.0,0.0,1
Urban,8048,0,0,0,0.0,0.0,0.0,1
Urban,8049,0,0,0,0.0,0.0,0.0,1
Urban,8050,0,0,0,0.0,0.0,0.0,1
Urban,8051,0,0,0,0.0,0.0,0.0,1
Urban,8052,0,0,0,0.0,0.0,0.0,1
Urban,8053,0,0,0,0.0,0.0,0.0,1
Urban,8054,0,0,0,0.0,0.0,0.0,1
Urban,8055,0,0,0,0.0,0.0,0.0,1
Urban,8056,0,0,0,0.0,0.0,0.0,1
Urban,8057,0,0,0,0.0,0.0,0.0,1
Urban,8058,0,0,0,0.0,0.0,0.0,1
Urban,8059,0,0,0,0.0,0.0,0.0,1
Urban,8060,0,0,0,0.0,0.0,0.0,1
Urban,8061,0,0,0,0.0,0.0,0.0,1
Urban,8062,0,0,0,0.0,0.0,0.0,1
Urban,8063,0,0,0,0.0,0.0,0.0,1
Urban,8064,0,0,0,0.0,0.0,0.0,1
Urban,8065,0,0,0,0.0,0.0,0.0,1
Urban,8066,0,0,0,0.0,0.0,0.0,1
Urban,8067,0,0,0,0.0,0.0,0.0,1
Urban,8068,0,0,0,0.0,0.0,0.0,1
Urban,8069,0,0,0,0.0,0.0,0.0,1
Urban,8070,0,0,0,0.0,0.0,0.0,1
Urban,8071,0,0,0,0.0,0.0,0.0,1
Urban,8072,0,0,0,0.0,0.0,0.0,1
Urban,8073,0,0,0,0.0,0.0,0.0,1
Urban,8074,0,0,0,0.0,0.0,0.0,1
Urban,8075,0,0,0,0.0,0.0,0.0,1
Urban,8076,0,0,0,0.0,0.0,0.0,1
Urban,8077,0,0,0,0.0,0.0,0.0,1
Urban,8078,0,0,0,0.0,0.0,0.0,1
Urban,8079,0,0,0,0.0,0.0,0.0,1
Urban,8080,0,0,0,0.0,0.0,0.0,1
Urban,8081,0,0,0,0.0,0.0,0.0,1
Urban,8082,0,0,0,0.0,0.0,0.0,1
Urban,8083,0,0,0,0.0,0.0,0.0,1
Urban,8084,0,0,0,0.0,0.0,0.0,1
Urban,8085,0,0,0,0.0,0.0,0.0,1
Urban,8086,0,0,0,0.0,0.0,0.0,1
Urban,8087,0,0,0,0.0,0.0,0.0,1
Urban,8088,0,0,0,0.0,0.0,0.0,1
Urban,8089,0,0,0,0.0,0.0,0.0,1
Urban,8090,0,0,0,0.0,0.0,0.0,1
Urban,8091,0,0,0,0.0,0.0,0.0,1
Urban,8092,0,0,0,0.0,0.0,0.0,1
Urban,8093,0,0,0,0.0,0.0,0.0,1
Urban,8094,0,0,0,0.0,0.0,0.0,1
Urban,8095,0,0,0,0.0,0.0,0.0,1
Urban,8096,0,0,0,0.0,0.0,0.0,1
Urban,8097,0,0,0,0.0,0.0,0.0,1
Urban,8098,0,0,0,0.0,0.0,0.0,1
Urban,8099,0,0,0,0.0,0.0,0.0,1
Urban,8100,0,0,0,0.0,0.0,0.0,1
Urban,8101,0,0,0,0.0,0.0,0.0,1
Urban,8102,0,0,0,0.0,0.0,0.0,1
Urban,8103,0,0,0,0.0,0.0,0.0,1
Urban,8104,0,0,0,0.0,0.0,0.0,1
Urban,8105,0,0,0,0.0,0.0,0.0,1
Urban,8106,0,0,0,0.0,0.0,0.0,1
Urban,8107,0,0,0,0.0,0.0,0.0,1
Urban,8108,0,0,0,0.0,0.0,0.0,1
Urban,8109,0,0,0,0.0,0.0,0.0,1
Urban,8110,0,0,0,0.0,0.0,0.0,1
Urban,8111,0,0,0,0.0,0.0,0.0,1
Urban,8112,0,0,0,0.0,0.0,0.0,1
Urban,8113,0,0,0,0.0,0.0,0.0,1
Urban,8114,0,0,0,0.0,0.0,0.0,1
Urban,8115,0,0,0,0.0,0.0,0.0,1
Urban,8116,0,0,0,0.0,0.0,0.0,1
Urban,8117,0,0,0,0.0,0.0,0.0,1
Urban,8118,0,0,0,0.0,0.0,0.0,1
Urban,8119,0,0,0,0.0,0.0,0.0,1
Urban,8120,0,0,0,0.0,0.0,0.0,1
Urban,8121,0,0,0,0.0,0.0,0.0,1
Urban,8122,0,0,0,0.0,0.0,0.0,1
Urban,8123,0,0,0,0.0,0.0,0.0,1
Urban,8124,0,0,0,0.0,0.0,0.0,1
Urban,8125,0,0,0,0.0,0.0,0.0,1
Urban,8126,0,0,0,0.0,0.0,0.0,1
Urban,8127,0,0,0,0.0,0.0,0.0,1
Urban,8128,0,0,0,0.0,0.0,0.0,1
Urban,8129,0,0,0,0.0,0.0,0.0,1
Urban,8130,0,0,0,0.0,0.0,0.0,1
Urban,8131,0,0,0,0.0,0.0,0.0,1
Urban,8132,0,0,0,0.0,0.0,0.0,1
Urban,8133,0,0,0,0.0,0.0,0.0,1
Urban,8134,0,0,0,0.0,0.0,0.0,1
Urban,8135,0,0,0,0.0,0.0,0.0,1
Urban,8136,0,0,0,0.0,0.0,0.0,1
Urban,8137,0,0,0,0.0,0.0,0.0,1
Urban,8138,0,0,0,0.0,0.0,0.0,1
Urban,8139,0,0,0,0.0,0.0,0.0,1
Urban,8140,0,0,0,0.0,0.0,0.0,1
Urban,8141,0,0,0,0.0,0.0,0.0,1
Urban,8142,0,0,0,0.0,0.0,0.0,1
Urban,8143,0,0,0,0.0,0.0,0.0,1
Urban,8144,0,0,0,0.0,0.0,0.0,1
Urban,8145,0,0,0,0.0,0.0,0.0,1
Urban,8146,0,0,0,0.0,0.0,0.0,1
Urban,8147,0,0,0,0.0,0.0,0.0,1
Urban,8148,0,0,0,0.0,0.0,0.0,1
Urban,8149,0,0,0,0.0,0.0,0.0,1
Urban,8150,0,0,0,0.0,0.0,0.0,1
Urban,8151,0,0,0,0.0,0.0,0.0,1
Urban,8152,0,0,0,0.0,0.0,0.0,1
Urban,8153,0,0,0,0.0,0.0,0.0,1
Urban,8154,0,0,0,0.0,0.0,0.0,1
Urban,8155,0,0,0,0.0,0.0,0.0,1
Urban,8156,0,0,0,0.0,0.0,0.0,1
Urban,8157,0,0,0,0.0,0.0,0.0,1
Urban,8158,0,0,0,0.0,0.0,0.0,1
Urban,8159,0,0,0,0.0,0.0,0.0,1
Urban,8160,0,0,0,0.0,0.0,0.0,1
Urban,8161,0,0,0,0.0,0.0,0.0,1
Urban,8162,0,0,0,0.0,0.0,0.0,1
Urban,8163,0,0,0,0.0,0.0,0.0,1
Urban,8164,0,0,0,0.0,0.0,0.0,1
Urban,8165,0,0,0,0.0,0.0,0.0,1
Urban,8166,0,0,0,0.0,0.0,0.0,1
Urban,8167,0,0,0,0.0,0.0,0.0,1
Urban,8168,0,0,0,0.0,0.0,0.0,1
Urban,8169,0,0,0,0.0,0.0,0.0,1
Urban,8170,0,0,0,0.0,0.0,0.0,1
Urban,8171,0,0,0,0.0,0.0,0.0,1
Urban,8172,0,0,0,0.0,0.0,0.0,1
Urban,8173,0,0,0,0.0,0.0,0.0,1
Urban,8174,0,0,0,0.0,0.0,0.0,1
Urban,8175,0,0,0,0.0,0.0,0.0,1
Urban,8176,0,0,0,0.0,0.0,0.0,1
Urban,8177,0,0,0,0.0,0.0,0.0,1
Urban,8178,0,0,0,0.0,0.0,0.0,1
Urban,8179,0,0,0,0.0,0.0,0.0,1
Urban,8180,0,0,0,0.0,0.0,0.0,1
Urban,8181,0,0,0,0.0,0.0,0.0,1
Urban,8182,0,0,0,0.0,0.0,0.0,1
Urban,8183,0,0,0,0.0,0.0,0.0,1
Urban,8184,0,0,0,0.0,0.0,0.0,1
Urban,8185,0,0,0,0.0,0.0,0.0,1
Urban,8186,0,0,0,0.0,0.0,0.0,1
Urban,8187,0,0,0,0.0,0.0,0.0,1
Urban,8188,0,0,0,0.0,0.0,0.0,1
Urban,8189,0,0,0,0.0,0.0,0.0,1
Urban,8190,0,0,0,0.0,0.0,0.0,1
Urban,8191,0,0,0,0.0,0.0,0.0,1
Urban,8192,0,0,0,0.0,0.0,0.0,1
Urban,8193,0,0,0,0.0,0.0,0.0,1
Urban,8194,0,0,0,0.0,0.0,0.0,1
Urban,8195,0,0,0,0.0,0.0,0.0,1
Urban,8196,0,0,0,0.0,0.0,0.0,1
Urban,8197,0,0,0,0.0,0.0,0.0,1
Urban,8198,0,0,0,0.0,0.0,0.0,1
Urban,8199,0,0,0,0.0,0.0,0.0,1
Urban,8200,0,0,0,0.0,0.0,0.0,1
Urban,8201,0,0,0,0.0,0.0,0.0,1
Urban,8202,0,0,0,0.0,0.0,0.0,1
Urban,8203,0,0,0,0.0,0.0,0.0,1
Urban,8204,0,0,0,0.0,0.0,0.0,1
Urban,8205,0,0,0,0.0,0.0,0.0,1
Urban,8206,0,0,0,0.0,0.0,0.0,1
Urban,8207,0,0,0,0.0,0.0,0.0,1
Urban,8208,0,0,0,0.0,0.0,0.0,1
Urban,8209,0,0,0,0.0,0.0,0.0,1
Urban,8210,0,0,0,0.0,0.0,0.0,1
Urban,8211,0,0,0,0.0,0.0,0.0,1
Urban,8212,0,0,0,0.0,0.0,0.0,1
Urban,8213,0,0,0,0.0,0.0,0.0,1
Urban,8214,0,0,0,0.0,0.0,0.0,1
Urban,8215,0,0,0,0.0,0.0,0.0,1
Urban,8216,0,0,0,0.0,0.0,0.0,1
Urban,8217,0,0,0,0.0,0.0,0.0,1
Urban,8218,0,0,0,0.0,0.0,0.0,1
Urban,8219,0,0,0,0.0,0.0,0.0,1
Urban,8220,0,0,0,0.0,0.0,0.0,1
Urban,8221,0,0,0,0.0,0.0,0.0,1
Urban,8222,0,0,0,0.0,0.0,0.0,1
Urban,8223,0,0,0,0.0,0.0,0.0,1
Urban,8224,0,0,0,0.0,0.0,0.0,1
Urban,8225,0,0,0,0.0,0.0,0.0,1
Urban,8226,0,0,0,0.0,0.0,0.0,1
Urban,8227,0,0,0,0.0,0.0,0.0,1
Urban,8228,0,0,0,0.0,0.0,0.0,1
Urban,8229,0,0,0,0.0,0.0,0.0,1
Urban,8230,0,0,0,0.0,0.0,0.0,1
Urban,8231,0,0,0,0.0,0.0,0.0,1
Urban,8232,0,0,0,0.0,0.0,0.0,1
Urban,8233,0,0,0,0.0,0.0,0.0,1
Urban,8234,0,0,0,0.0,0.0,0.0,1
Urban,8235,0,0,0,0.0,0.0,0.0,1
Urban,8236,0,0,0,0.0,0.0,0.0,1
Urban,8237,0,0,0,0.0,0.0,0.0,1
Urban,8238,0,0,0,0.0,0.0,0.0,1
Urban,8239,0,0,0,0.0,0.0,0.0,1
Urban,8240,0,0,0,0.0,0.0,0.0,1
Urban,8241,0,0,0,0.0,0.0,0.0,1
Urban,8242,0,0,0,0.0,0.0,0.0,1
Urban,8243,0,0,0,0.0,0.0,0.0,1
Urban,8244,0,0,0,0.0,0.0,0.0,1
Urban,8245,0,0,0,0.0,0.0,0.0,1
Urban,8246,0,0,0,0.0,0.0,0.0,1
Urban,8247,0,0,0,0.0,0.0,0.0,1
Urban,8248,0,0,0,0.0,0.0,0.0,1
Urban,8249,0,0,0,0.0,0.0,0.0,1
Urban,8250,0,0,0,0.0,0.0,0.0,1
Urban,8251,0,0,0,0.0,0.0,0.0,1
Urban,8252,0,0,0,0.0,0.0,0.0,1
Urban,8253,0,0,0,0.0,0.0,0.0,1
Urban,8254,0,0,0,0.0,0.0,0.0,1
Urban,8255,0,0,0,0.0,0.0,0.0,1
Urban,8256,0,0,0,0.0,0.0,0.0,1
Urban,8257,0,0,0,0.0,0.0,0.0,1
Urban,8258,0,0,0,0.0,0.0,0.0,1
Urban,8259,0,0,0,0.0,0.0,0.0,1
Urban,8260,0,0,0,0.0,0.0,0.0,1
Urban,8261,0,0,0,0.0,0.0,0.0,1
Urban,8262,0,0,0,0.0,0.0,0.0,1
Urban,8263,0,0,0,0.0,0.0,0.0,1
Urban,8264,0,0,0,0.0,0.0,0.0,1
Urban,8265,0,0,0,0.0,0.0,0.0,1
Urban,8266,0,0,0,0.0,0.0,0.0,1
Urban,8267,0,0,0,0.0,0.0,0.0,1
Urban,8268,0,0,0,0.0,0.0,0.0,1
Urban,8269,0,0,0,0.0,0.0,0.0,1
Urban,8270,0,0,0,0.0,0.0,0.0,1
Urban,8271,0,0,0,0.0,0.0,0.0,1
Urban,8272,0,0,0,0.0,0.0,0.0,1
Urban,8273,0,0,0,0.0,0.0,0.0,1
Urban,8274,0,0,0,0.0,0.0,0.0,1
Urban,8275,0,0,0,0.0,0.0,0.0,1
Urban,8276,0,0,0,0.0,0.0,0.0,1
Urban,8277,0,0,0,0.0,0.0,0.0,1
Urban,8278,0,0,0,0.0,0.0,0.0,1
Urban,8279,0,0,0,0.0,0.0,0.0,1
Urban,8280,0,0,0,0.0,0.0,0.0,1
Urban,8281,0,0,0,0.0,0.0,0.0,1
Urban,8282,0,0,0,0.0,0.0,0.0,1
Urban,8283,0,0,0,0.0,0.0,0.0,1
Urban,8284,0,0,0,0.0,0.0,0.0,1
Urban,8285,0,0,0,0.0,0.0,0.0,1
Urban,8286,0,0,0,0.0,0.0,0.0,1
Urban,8287,0,0,0,0.0,0.0,0.0,1
Urban,8288,0,0,0,0.0,0.0,0.0,1
Urban,8289,0,0,0,0.0,0.0,0.0,1
Urban,8290,0,0,0,0.0,0.0,0.0,1
Urban,8291,0,0,0,0.0,0.0,0.0,1
Urban,8292,0,0,0,0.0,0.0,0.0,1
Urban,8293,0,0,0,0.0,0.0,0.0,1
Urban,8294,0,0,0,0.0,0.0,0.0,1
Urban,8295,0,0,0,0.0,0.0,0.0,1
Urban,8296,0,0,0,0.0,0.0,0.0,1
Urban,8297,0,0,0,0.0,0.0,0.0,1
Urban,8298,0,0,0,0.0,0.0,0.0,1
Urban,8299,0,0,0,0.0,0.0,0.0,1
Urban,8300,0,0,0,0.0,0.0,0.0,1
Urban,8301,0,0,0,0.0,0.0,0.0,1
Urban,8302,0,0,0,0.0,0.0,0.0,1
Urban,8303,0,0,0,0.0,0.0,0.0,1
Urban,8304,0,0,0,0.0,0.0,0.0,1
Urban,8305,0,0,0,0.0,0.0,0.0,1
Urban,8306,0,0,0,0.0,0.0,0.0,1
Urban,8307,0,0,0,0.0,0.0,0.0,1
Urban,8308,0,0,0,0.0,0.0,0.0,1
Urban,8309,0,0,0,0.0,0.0,0.0,1
Urban,8310,0,0,0,0.0,0.0,0.0,1
Urban,8311,0,0,0,0.0,0.0,0.0,1
Urban,8312,0,0,0,0.0,0.0,0.0,1
Urban,8313,0,0,0,0.0,0.0,0.0,1
Urban,8314,0,0,0,0.0,0.0,0.0,1
Urban,8315,0,0,0,0.0,0.0,0.0,1
Urban,8316,0,0,0,0.0,0.0,0.0,1
Urban,8317,0,0,0,0.0,0.0,0.0,1
Urban,8318,0,0,0,0.0,0.0,0.0,1
Urban,8319,0,0,0,0.0,0.0,0.0,1
Urban,8320,0,0,0,0.0,0.0,0.0,1
Urban,8321,0,0,0,0.0,0.0,0.0,1
Urban,8322,0,0,0,0.0,0.0,0.0,1
Urban,8323,0,0,0,0.0,0.0,0.0,1
Urban,8324,0,0,0,0.0,0.0,0.0,1
Urban,8325,0,0,0,0.0,0.0,0.0,1
Urban,8326,0,0,0,0.0,0.0,0.0,1
Urban,8327,0,0,0,0.0,0.0,0.0,1
Urban,8328,0,0,0,0.0,0.0,0.0,1
Urban,8329,0,0,0,0.0,0.0,0.0,1
Urban,8330,0,0,0,0.0,0.0,0.0,1
Urban,8331,0,0,0,0.0,0.0,0.0,1
Urban,8332,0,0,0,0.0,0.0,0.0,1
Urban,8333,0,0,0,0.0,0.0,0.0,1
Urban,8334,0,0,0,0.0,0.0,0.0,1
Urban,8335,0,0,0,0.0,0.0,0.0,1
Urban,8336,0,0,0,0.0,0.0,0.0,1
Urban,8337,0,0,0,0.0,0.0,0.0,1
Urban,8338,0,0,0,0.0,0.0,0.0,1
Urban,8339,0,0,0,0.0,0.0,0.0,1
Urban,8340,0,0,0,0.0,0.0,0.0,1
Urban,8341,0,0,0,0.0,0.0,0.0,1
Urban,8342,0,0,0,0.0,0.0,0.0,1
Urban,8343,0,0,0,0.0,0.0,0.0,1
Urban,8344,0,0,0,0.0,0.0,0.0,1
Urban,8345,0,0,0,0.0,0.0,0.0,1
Urban,8346,0,0,0,0.0,0.0,0.0,1
Urban,8347,0,0,0,0.0,0.0,0.0,1
Urban,8348,0,0,0,0.0,0.0,0.0,1
Urban,8349,0,0,0,0.0,0.0,0.0,1
Urban,8350,0,0,0,0.0,0.0,0.0,1
Urban,8351,0,0,0,0.0,0.0,0.0,1
Urban,8352,0,0,0,0.0,0.0,0.0,1
Urban,8353,0,0,0,0.0,0.0,0.0,1
Urban,8354,0,0,0,0.0,0.0,0.0,1
Urban,8355,0,0,0,0.0,0.0,0.0,1
Urban,8356,0,0,0,0.0,0.0,0.0,1
Urban,8357,0,0,0,0.0,0.0,0.0,1
Urban,8358,0,0,0,0.0,0.0,0.0,1
Urban,8359,0,0,0,0.0,0.0,0.0,1
Urban,8360,0,0,0,0.0,0.0,0.0,1
Urban,8361,0,0,0,0.0,0.0,0.0,1
Urban,8362,0,0,0,0.0,0.0,0.0,1
Urban,8363,0,0,0,0.0,0.0,0.0,1
Urban,8364,0,0,0,0.0,0.0,0.0,1
Urban,8365,0,0,0,0.0,0.0,0.0,1
Urban,8366,0,0,0,0.0,0.0,0.0,1
Urban,8367,0,0,0,0.0,0.0,0.0,1
Urban,8368,0,0,0,0.0,0.0,0.0,1
Urban,8369,0,0,0,0.0,0.0,0.0,1
Urban,8370,0,0,0,0.0,0.0,0.0,1
Urban,8371,0,0,0,0.0,0.0,0.0,1
Urban,8372,0,0,0,0.0,0.0,0.0,1
Urban,8373,0,0,0,0.0,0.0,0.0,1
Urban,8374,0,0,0,0.0,0.0,0.0,1
Urban,8375,0,0,0,0.0,0.0,0.0,1
Urban,8376,0,0,0,0.0,0.0,0.0,1
Urban,8377,0,0,0,0.0,0.0,0.0,1
Urban,8378,0,0,0,0.0,0.0,0.0,1
Urban,8379,0,0,0,0.0,0.0,0.0,1
Urban,8380,0,0,0,0.0,0.0,0.0,1
Urban,8381,0,0,0,0.0,0.0,0.0,1
Urban,8382,0,0,0,0.0,0.0,0.0,1
Urban,8383,0,0,0,0.0,0.0,0.0,1
Urban,8384,0,0,0,0.0,0.0,0.0,1
Urban,8385,0,0,0,0.0,0.0,0.0,1
Urban,8386,0,0,0,0.0,0.0,0.0,1
Urban,8387,0,0,0,0.0,0.0,0.0,1
Urban,8388,0,0,0,0.0,0.0,0.0,1
Urban,8389,0,0,0,0.0,0.0,0.0,1
Urban,8390,0,0,0,0.0,0.0,0.0,1
Urban,8391,0,0,0,0.0,0.0,0.0,1
Urban,8392,0,0,0,0.0,0.0,0.0,1
Urban,8393,0,0,0,0.0,0.0,0.0,1
Urban,8394,0,0,0,0.0,0.0,0.0,1
Urban,8395,0,0,0,0.0,0.0,0.0,1
Urban,8396,0,0,0,0.0,0.0,0.0,1
Urban,8397,0,0,0,0.0,0.0,0.0,1
Urban,8398,0,0,0,0.0,0.0,0.0,1
Urban,8399,0,0,0,0.0,0.0,0.0,1
Urban,8400,0,0,0,0.0,0.0,0.0,1
Urban,8401,0,0,0,0.0,0.0,0.0,1
Urban,8402,0,0,0,0.0,0.0,0.0,1
Urban,8403,0,0,0,0.0,0.0,0.0,1
Urban,8404,0,0,0,0.0,0.0,0.0,1
Urban,8405,0,0,0,0.0,0.0,0.0,1
Urban,8406,0,0,0,0.0,0.0,0.0,1
Urban,8407,0,0,0,0.0,0.0,0.0,1
Urban,8408,0,0,0,0.0,0.0,0.0,1
Urban,8409,0,0,0,0.0,0.0,0.0,1
Urban,8410,0,0,0,0.0,0.0,0.0,1
Urban,8411,0,0,0,0.0,0.0,0.0,1
Urban,8412,0,0,0,0.0,0.0,0.0,1
Urban,8413,0,0,0,0.0,0.0,0.0,1
Urban,8414,0,0,0,0.0,0.0,0.0,1
Urban,8415,0,0,0,0.0,0.0,0.0,1
Urban,8416,0,0,0,0.0,0.0,0.0,1
Urban,8417,0,0,0,0.0,0.0,0.0,1
Urban,8418,0,0,0,0.0,0.0,0.0,1
Urban,8419,0,0,0,0.0,0.0,0.0,1
Urban,8420,0,0,0,0.0,0.0,0.0,1
Urban,8421,0,0,0,0.0,0.0,0.0,1
Urban,8422,0,0,0,0.0,0.0,0.0,1
Urban,8423,0,0,0,0.0,0.0,0.0,1
Urban,8424,0,0,0,0.0,0.0,0.0,1
Urban,8425,0,0,0,0.0,0.0,0.0,1
Urban,8426,0,0,0,0.0,0.0,0.0,1
Urban,8427,0,0,0,0.0,0.0,0.0,1
Urban,8428,0,0,0,0.0,0.0,0.0,1
Urban,8429,0,0,0,0.0,0.0,0.0,1
Urban,8430,0,0,0,0.0,0.0,0.0,1
Urban,8431,0,0,0,0.0,0.0,0.0,1
Urban,8432,0,0,0,0.0,0.0,0.0,1
Urban,8433,0,0,0,0.0,0.0,0.0,1
Urban,8434,0,0,0,0.0,0.0,0.0,1
Urban,8435,0,0,0,0.0,0.0,0.0,1
Urban,8436,0,0,0,0.0,0.0,0.0,1
Urban,8437,0,0,0,0.0,0.0,0.0,1
Urban,8438,0,0,0,0.0,0.0,0.0,1
Urban,8439,0,0,0,0.0,0.0,0.0,1
Urban,8440,0,0,0,0.0,0.0,0.0,1
Urban,8441,0,0,0,0.0,0.0,0.0,1
Urban,8442,0,0,0,0.0,0.0,0.0,1
Urban,8443,0,0,0,0.0,0.0,0.0,1
Urban,8444,0,0,0,0.0,0.0,0.0,1
Urban,8445,0,0,0,0.0,0.0,0.0,1
Urban,8446,0,0,0,0.0,0.0,0.0,1
Urban,8447,0,0,0,0.0,0.0,0.0,1
Urban,8448,0,0,0,0.0,0.0,0.0,1
Urban,8449,0,0,0,0.0,0.0,0.0,1
Urban,8450,0,0,0,0.0,0.0,0.0,1
Urban,8451,0,0,0,0.0,0.0,0.0,1
Urban,8452,0,0,0,0.0,0.0,0.0,1
Urban,8453,0,0,0,0.0,0.0,0.0,1
Urban,8454,0,0,0,0.0,0.0,0.0,1
Urban,8455,0,0,0,0.0,0.0,0.0,1
Urban,8456,0,0,0,0.0,0.0,0.0,1
Urban,8457,0,0,0,0.0,0.0,0.0,1
Urban,8458,0,0,0,0.0,0.0,0.0,1
Urban,8459,0,0,0,0.0,0.0,0.0,1
Urban,8460,0,0,0,0.0,0.0,0.0,1
Urban,8461,0,0,0,0.0,0.0,0.0,1
Urban,8462,0,0,0,0.0,0.0,0.0,1
Urban,8463,0,0,0,0.0,0.0,0.0,1
Urban,8464,0,0,0,0.0,0.0,0.0,1
Urban,8465,0,0,0,0.0,0.0,0.0,1
Urban,8466,0,0,0,0.0,0.0,0.0,1
Urban,8467,0,0,0,0.0,0.0,0.0,1
Urban,8468,0,0,0,0.0,0.0,0.0,1
Urban,8469,0,0,0,0.0,0.0,0.0,1
Urban,8470,0,0,0,0.0,0.0,0.0,1
Urban,8471,0,0,0,0.0,0.0,0.0,1
Urban,8472,0,0,0,0.0,0.0,0.0,1
Urban,8473,0,0,0,0.0,0.0,0.0,1
Urban,8474,0,0,0,0.0,0.0,0.0,1
Urban,8475,0,0,0,0.0,0.0,0.0,1
Urban,8476,0,0,0,0.0,0.0,0.0,1
Urban,8477,0,0,0,0.0,0.0,0.0,1
Urban,8478,0,0,0,0.0,0.0,0.0,1
Urban,8479,0,0,0,0.0,0.0,0.0,1
Urban,8480,0,0,0,0.0,0.0,0.0,1
Urban,8481,0,0,0,0.0,0.0,0.0,1
Urban,8482,0,0,0,0.0,0.0,0.0,1
Urban,8483,0,0,0,0.0,0.0,0.0,1
Urban,8484,0,0,0,0.0,0.0,0.0,1
Urban,8485,0,0,0,0.0,0.0,0.0,1
Urban,8486,0,0,0,0.0,0.0,0.0,1
Urban,8487,0,0,0,0.0,0.0,0.0,1
Urban,8488,0,0,0,0.0,0.0,0.0,1
Urban,8489,0,0,0,0.0,0.0,0.0,1
Urban,8490,0,0,0,0.0,0.0,0.0,1
Urban,8491,0,0,0,0.0,0.0,0.0,1
Urban,8492,0,0,0,0.0,0.0,0.0,1
Urban,8493,0,0,0,0.0,0.0,0.0,1
Urban,8494,0,0,0,0.0,0.0,0.0,1
Urban,8495,0,0,0,0.0,0.0,0.0,1
Urban,8496,0,0,0,0.0,0.0,0.0,1
Urban,8497,0,0,0,0.0,0.0,0.0,1
Urban,8498,0,0,0,0.0,0.0,0.0,1
Urban,8499,0,0,0,0.0,0.0,0.0,1
Urban,8500,0,0,0,0.0,0.0,0.0,1
Urban,8501,0,0,0,0.0,0.0,0.0,1
Urban,8502,0,0,0,0.0,0.0,0.0,1
Urban,8503,0,0,0,0.0,0.0,0.0,1
Urban,8504,0,0,0,0.0,0.0,0.0,1
Urban,8505,0,0,0,0.0,0.0,0.0,1
Urban,8506,0,0,0,0.0,0.0,0.0,1
Urban,8507,0,0,0,0.0,0.0,0.0,1
Urban,8508,0,0,0,0.0,0.0,0.0,1
Urban,8509,0,0,0,0.0,0.0,0.0,1
Urban,8510,0,0,0,0.0,0.0,0.0,1
Urban,8511,0,0,0,0.0,0.0,0.0,1
Urban,8512,0,0,0,0.0,0.0,0.0,1
Urban,8513,0,0,0,0.0,0.0,0.0,1
Urban,8514,0,0,0,0.0,0.0,0.0,1
Urban,8515,0,0,0,0.0,0.0,0.0,1
Urban,8516,0,0,0,0.0,0.0,0.0,1
Urban,8517,0,0,0,0.0,0.0,0.0,1
Urban,8518,0,0,0,0.0,0.0,0.0,1
Urban,8519,0,0,0,0.0,0.0,0.0,1
Urban,8520,0,0,0,0.0,0.0,0.0,1
Urban,8521,0,0,0,0.0,0.0,0.0,1
Urban,8522,0,0,0,0.0,0.0,0.0,1
Urban,8523,0,0,0,0.0,0.0,0.0,1
Urban,8524,0,0,0,0.0,0.0,0.0,1
Urban,8525,0,0,0,0.0,0.0,0.0,1
Urban,8526,0,0,0,0.0,0.0,0.0,1
Urban,8527,0,0,0,0.0,0.0,0.0,1
Urban,8528,0,0,0,0.0,0.0,0.0,1
Urban,8529,0,0,0,0.0,0.0,0.0,1
Urban,8530,0,0,0,0.0,0.0,0.0,1
Urban,8531,0,0,0,0.0,0.0,0.0,1
Urban,8532,0,0,0,0.0,0.0,0.0,1
Urban,8533,0,0,0,0.0,0.0,0.0,1
Urban,8534,0,0,0,0.0,0.0,0.0,1
Urban,8535,0,0,0,0.0,0.0,0.0,1
Urban,8536,0,0,0,0.0,0.0,0.0,1
Urban,8537,0,0,0,0.0,0.0,0.0,1
Urban,8538,0,0,0,0.0,0.0,0.0,1
Urban,8539,0,0,0,0.0,0.0,0.0,1
Urban,8540,0,0,0,0.0,0.0,0.0,1
Urban,8541,0,0,0,0.0,0.0,0.0,1
Urban,8542,0,0,0,0.0,0.0,0.0,1
Urban,8543,0,0,0,0.0,0.0,0.0,1
Urban,8544,0,0,0,0.0,0.0,0.0,1
Urban,8545,0,0,0,0.0,0.0,0.0,1
Urban,8546,0,0,0,0.0,0.0,0.0,1
Urban,8547,0,0,0,0.0,0.0,0.0,1
Urban,8548,0,0,0,0.0,0.0,0.0,1
Urban,8549,0,0,0,0.0,0.0,0.0,1
Urban,8550,0,0,0,0.0,0.0,0.0,1
Urban,8551,0,0,0,0.0,0.0,0.0,1
Urban,8552,0,0,0,0.0,0.0,0.0,1
Urban,8553,0,0,0,0.0,0.0,0.0,1
Urban,8554,0,0,0,0.0,0.0,0.0,1
Urban,8555,0,0,0,0.0,0.0,0.0,1
Urban,8556,0,0,0,0.0,0.0,0.0,1
Urban,8557,0,0,0,0.0,0.0,0.0,1
Urban,8558,0,0,0,0.0,0.0,0.0,1
Urban,8559,0,0,0,0.0,0.0,0.0,1
Urban,8560,0,0,0,0.0,0.0,0.0,1
Urban,8561,0,0,0,0.0,0.0,0.0,1
Urban,8562,0,0,0,0.0,0.0,0.0,1
Urban,8563,0,0,0,0.0,0.0,0.0,1
Urban,8564,0,0,0,0.0,0.0,0.0,1
Urban,8565,0,0,0,0.0,0.0,0.0,1
Urban,8566,0,0,0,0.0,0.0,0.0,1
Urban,8567,0,0,0,0.0,0.0,0.0,1
Urban,8568,0,0,0,0.0,0.0,0.0,1
Urban,8569,0,0,0,0.0,0.0,0.0,1
Urban,8570,0,0,0,0.0,0.0,0.0,1
Urban,8571,0,0,0,0.0,0.0,0.0,1
Urban,8572,0,0,0,0.0,0.0,0.0,1
Urban,8573,0,0,0,0.0,0.0,0.0,1
Urban,8574,0,0,0,0.0,0.0,0.0,1
Urban,8575,0,0,0,0.0,0.0,0.0,1
Urban,8576,0,0,0,0.0,0.0,0.0,1
Urban,8577,0,0,0,0.0,0.0,0.0,1
Urban,8578,0,0,0,0.0,0.0,0.0,1
Urban,8579,0,0,0,0.0,0.0,0.0,1
Urban,8580,0,0,0,0.0,0.0,0.0,1
Urban,8581,0,0,0,0.0,0.0,0.0,1
Urban,8582,0,0,0,0.0,0.0,0.0,1
Urban,8583,0,0,0,0.0,0.0,0.0,1
Urban,8584,0,0,0,0.0,0.0,0.0,1
Urban,8585,0,0,0,0.0,0.0,0.0,1
Urban,8586,0,0,0,0.0,0.0,0.0,1
Urban,8587,0,0,0,0.0,0.0,0.0,1
Urban,8588,0,0,0,0.0,0.0,0.0,1
Urban,8589,0,0,0,0.0,0.0,0.0,1
Urban,8590,0,0,0,0.0,0.0,0.0,1
Urban,8591,0,0,0,0.0,0.0,0.0,1
Urban,8592,0,0,0,0.0,0.0,0.0,1
Urban,8593,0,0,0,0.0,0.0,0.0,1
Urban,8594,0,0,0,0.0,0.0,0.0,1
Urban,8595,0,0,0,0.0,0.0,0.0,1
Urban,8596,0,0,0,0.0,0.0,0.0,1
Urban,8597,0,0,0,0.0,0.0,0.0,1
Urban,8598,0,0,0,0.0,0.0,0.0,1
Urban,8599,0,0,0,0.0,0.0,0.0,1
Urban,8600,0,0,0,0.0,0.0,0.0,1
Urban,8601,0,0,0,0.0,0.0,0.0,1
Urban,8602,0,0,0,0.0,0.0,0.0,1
Urban,8603,0,0,0,0.0,0.0,0.0,1
Urban,8604,0,0,0,0.0,0.0,0.0,1
Urban,8605,0,0,0,0.0,0.0,0.0,1
Urban,8606,0,0,0,0.0,0.0,0.0,1
Urban,8607,0,0,0,0.0,0.0,0.0,1
Urban,8608,0,0,0,0.0,0.0,0.0,1
Urban,8609,0,0,0,0.0,0.0,0.0,1
Urban,8610,0,0,0,0.0,0.0,0.0,1
Urban,8611,0,0,0,0.0,0.0,0.0,1
Urban,8612,0,0,0,0.0,0.0,0.0,1
Urban,8613,0,0,0,0.0,0.0,0.0,1
Urban,8614,0,0,0,0.0,0.0,0.0,1
Urban,8615,0,0,0,0.0,0.0,0.0,1
Urban,8616,0,0,0,0.0,0.0,0.0,1
Urban,8617,0,0,0,0.0,0.0,0.0,1
Urban,8618,0,0,0,0.0,0.0,0.0,1
Urban,8619,0,0,0,0.0,0.0,0.0,1
Urban,8620,0,0,0,0.0,0.0,0.0,1
Urban,8621,0,0,0,0.0,0.0,0.0,1
Urban,8622,0,0,0,0.0,0.0,0.0,1
Urban,8623,0,0,0,0.0,0.0,0.0,1
Urban,8624,0,0,0,0.0,0.0,0.0,1
Urban,8625,0,0,0,0.0,0.0,0.0,1
Urban,8626,0,0,0,0.0,0.0,0.0,1
Urban,8627,0,0,0,0.0,0.0,0.0,1
Urban,8628,0,0,0,0.0,0.0,0.0,1
Urban,8629,0,0,0,0.0,0.0,0.0,1
Urban,8630,0,0,0,0.0,0.0,0.0,1
Urban,8631,0,0,0,0.0,0.0,0.0,1
Urban,8632,0,0,0,0.0,0.0,0.0,1
Urban,8633,0,0,0,0.0,0.0,0.0,1
Urban,8634,0,0,0,0.0,0.0,0.0,1
Urban,8635,0,0,0,0.0,0.0,0.0,1
Urban,8636,0,0,0,0.0,0.0,0.0,1
Urban,8637,0,0,0,0.0,0.0,0.0,1
Urban,8638,0,0,0,0.0,0.0,0.0,1
Urban,8639,0,0,0,0.0,0.0,0.0,1
Urban,8640,0,0,0,0.0,0.0,0.0,1
Urban,8641,0,0,0,0.0,0.0,0.0,1
Urban,8642,0,0,0,0.0,0.0,0.0,1
Urban,8643,0,0,0,0.0,0.0,0.0,1
Urban,8644,0,0,0,0.0,0.0,0.0,1
Urban,8645,0,0,0,0.0,0.0,0.0,1
Urban,8646,0,0,0,0.0,0.0,0.0,1
Urban,8647,0,0,0,0.0,0.0,0.0,1
Urban,8648,0,0,0,0.0,0.0,0.0,1
Urban,8649,0,0,0,0.0,0.0,0.0,1
Urban,8650,0,0,0,0.0,0.0,0.0,1
Urban,8651,0,0,0,0.0,0.0,0.0,1
Urban,8652,0,0,0,0.0,0.0,0.0,1
Urban,8653,0,0,0,0.0,0.0,0.0,1
Urban,8654,0,0,0,0.0,0.0,0.0,1
Urban,8655,0,0,0,0.0,0.0,0.0,1
Urban,8656,0,0,0,0.0,0.0,0.0,1
Urban,8657,0,0,0,0.0,0.0,0.0,1
Urban,8658,0,0,0,0.0,0.0,0.0,1
Urban,8659,0,0,0,0.0,0.0,0.0,1
Urban,8660,0,0,0,0.0,0.0,0.0,1
Urban,8661,0,0,0,0.0,0.0,0.0,1
Urban,8662,0,0,0,0.0,0.0,0.0,1
Urban,8663,0,0,0,0.0,0.0,0.0,1
Urban,8664,0,0,0,0.0,0.0,0.0,1
Urban,8665,0,0,0,0.0,0.0,0.0,1
Urban,8666,0,0,0,0.0,0.0,0.0,1
Urban,8667,0,0,0,0.0,0.0,0.0,1
Urban,8668,0,0,0,0.0,0.0,0.0,1
Urban,8669,0,0,0,0.0,0.0,0.0,1
Urban,8670,0,0,0,0.0,0.0,0.0,1
Urban,8671,0,0,0,0.0,0.0,0.0,1
Urban,8672,0,0,0,0.0,0.0,0.0,1
Urban,8673,0,0,0,0.0,0.0,0.0,1
Urban,8674,0,0,0,0.0,0.0,0.0,1
Urban,8675,0,0,0,0.0,0.0,0.0,1
Urban,8676,0,0,0,0.0,0.0,0.0,1
Urban,8677,0,0,0,0.0,0.0,0.0,1
Urban,8678,0,0,0,0.0,0.0,0.0,1
Urban,8679,0,0,0,0.0,0.0,0.0,1
Urban,8680,0,0,0,0.0,0.0,0.0,1
Urban,8681,0,0,0,0.0,0.0,0.0,1
Urban,8682,0,0,0,0.0,0.0,0.0,1
Urban,8683,0,0,0,0.0,0.0,0.0,1
Urban,8684,0,0,0,0.0,0.0,0.0,1
Urban,8685,0,0,0,0.0,0.0,0.0,1
Urban,8686,0,0,0,0.0,0.0,0.0,1
Urban,8687,0,0,0,0.0,0.0,0.0,1
Urban,8688,0,0,0,0.0,0.0,0.0,1
Urban,8689,0,0,0,0.0,0.0,0.0,1
Urban,8690,0,0,0,0.0,0.0,0.0,1
Urban,8691,0,0,0,0.0,0.0,0.0,1
Urban,8692,0,0,0,0.0,0.0,0.0,1
Urban,8693,0,0,0,0.0,0.0,0.0,1
Urban,8694,0,0,0,0.0,0.0,0.0,1
Urban,8695,0,0,0,0.0,0.0,0.0,1
Urban,8696,0,0,0,0.0,0.0,0.0,1
Urban,8697,0,0,0,0.0,0.0,0.0,1
Urban,8698,0,0,0,0.0,0.0,0.0,1
Urban,8699,0,0,0,0.0,0.0,0.0,1
Urban,8700,0,0,0,0.0,0.0,0.0,1
Urban,8701,0,0,0,0.0,0.0,0.0,1
Urban,8702,0,0,0,0.0,0.0,0.0,1
Urban,8703,0,0,0,0.0,0.0,0.0,1
Urban,8704,0,0,0,0.0,0.0,0.0,1
Urban,8705,0,0,0,0.0,0.0,0.0,1
Urban,8706,0,0,0,0.0,0.0,0.0,1
Urban,8707,0,0,0,0.0,0.0,0.0,1
Urban,8708,0,0,0,0.0,0.0,0.0,1
Urban,8709,0,0,0,0.0,0.0,0.0,1
Urban,8710,0,0,0,0.0,0.0,0.0,1
Urban,8711,0,0,0,0.0,0.0,0.0,1
Urban,8712,0,0,0,0.0,0.0,0.0,1
Urban,8713,0,0,0,0.0,0.0,0.0,1
Urban,8714,0,0,0,0.0,0.0,0.0,1
Urban,8715,0,0,0,0.0,0.0,0.0,1
Urban,8716,0,0,0,0.0,0.0,0.0,1
Urban,8717,0,0,0,0.0,0.0,0.0,1
Urban,8718,0,0,0,0.0,0.0,0.0,1
Urban,8719,0,0,0,0.0,0.0,0.0,1
Urban,8720,0,0,0,0.0,0.0,0.0,1
Urban,8721,0,0,0,0.0,0.0,0.0,1
Urban,8722,0,0,0,0.0,0.0,0.0,1
Urban,8723,0,0,0,0.0,0.0,0.0,1
Urban,8724,0,0,0,0.0,0.0,0.0,1
Urban,8725,0,0,0,0.0,0.0,0.0,1
Urban,8726,0,0,0,0.0,0.0,0.0,1
Urban,8727,0,0,0,0.0,0.0,0.0,1
Urban,8728,0,0,0,0.0,0.0,0.0,1
Urban,8729,0,0,0,0.0,0.0,0.0,1
Urban,8730,0,0,0,0.0,0.0,0.0,1
Urban,8731,0,0,0,0.0,0.0,0.0,1
Urban,8732,0,0,0,0.0,0.0,0.0,1
Urban,8733,0,0,0,0.0,0.0,0.0,1
Urban,8734,0,0,0,0.0,0.0,0.0,1
Urban,8735,0,0,0,0.0,0.0,0.0,1
Urban,8736,0,0,0,0.0,0.0,0.0,1
Urban,8737,0,0,0,0.0,0.0,0.0,1
Urban,8738,0,0,0,0.0,0.0,0.0,1
Urban,8739,0,0,0,0.0,0.0,0.0,1
Urban,8740,0,0,0,0.0,0.0,0.0,1
Urban,8741,0,0,0,0.0,0.0,0.0,1
Urban,8742,0,0,0,0.0,0.0,0.0,1
Urban,8743,0,0,0,0.0,0.0,0.0,1
Urban,8744,0,0,0,0.0,0.0,0.0,1
Urban,8745,0,0,0,0.0,0.0,0.0,1
Urban,8746,0,0,0,0.0,0.0,0.0,1
Urban,8747,0,0,0,0.0,0.0,0.0,1
Urban,8748,0,0,0,0.0,0.0,0.0,1
Urban,8749,0,0,0,0.0,0.0,0.0,1
Urban,8750,0,0,0,0.0,0.0,0.0,1
Urban,8751,0,0,0,0.0,0.0,0.0,1
Urban,8752,0,0,0,0.0,0.0,0.0,1
Urban,8753,0,0,0,0.0,0.0,0.0,1
Urban,8754,0,0,0,0.0,0.0,0.0,1
Urban,8755,0,0,0,0.0,0.0,0.0,1
Urban,8756,0,0,0,0.0,0.0,0.0,1
Urban,8757,0,0,0,0.0,0.0,0.0,1
Urban,8758,0,0,0,0.0,0.0,0.0,1
Urban,8759,0,0,0,0.0,0.0,0.0,1
Urban,8760,0,0,0,0.0,0.0,0.0,1
Urban,8761,0,0,0,0.0,0.0,0.0,1
Urban,8762,0,0,0,0.0,0.0,0.0,1
Urban,8763,0,0,0,0.0,0.0,0.0,1
Urban,8764,0,0,0,0.0,0.0,0.0,1
Urban,8765,0,0,0,0.0,0.0,0.0,1
Urban,8766,0,0,0,0.0,0.0,0.0,1
Urban,8767,0,0,0,0.0,0.0,0.0,1
Urban,8768,0,0,0,0.0,0.0,0.0,1
Urban,8769,0,0,0,0.0,0.0,0.0,1
Urban,8770,0,0,0,0.0,0.0,0.0,1
Urban,8771,0,0,0,0.0,0.0,0.0,1
Urban,8772,0,0,0,0.0,0.0,0.0,1
Urban,8773,0,0,0,0.0,0.0,0.0,1
Urban,8774,0,0,0,0.0,0.0,0.0,1
Urban,8775,0,0,0,0.0,0.0,0.0,1
Urban,8776,0,0,0,0.0,0.0,0.0,1
Urban,8777,0,0,0,0.0,0.0,0.0,1
Urban,8778,0,0,0,0.0,0.0,0.0,1
Urban,8779,0,0,0,0.0,0.0,0.0,1
Urban,8780,0,0,0,0.0,0.0,0.0,1
Urban,8781,0,0,0,0.0,0.0,0.0,1
Urban,8782,0,0,0,0.0,0.0,0.0,1
Urban,8783,0,0,0,0.0,0.0,0.0,1
Urban,8784,0,0,0,0.0,0.0,0.0,1
Urban,8785,0,0,0,0.0,0.0,0.0,1
Urban,8786,0,0,0,0.0,0.0,0.0,1
Urban,8787,0,0,0,0.0,0.0,0.0,1
Urban,8788,0,0,0,0.0,0.0,0.0,1
Urban,8789,0,0,0,0.0,0.0,0.0,1
Urban,8790,0,0,0,0.0,0.0,0.0,1
Urban,8791,0,0,0,0.0,0.0,0.0,1
Urban,8792,0,0,0,0.0,0.0,0.0,1
Urban,8793,0,0,0,0.0,0.0,0.0,1
Urban,8794,0,0,0,0.0,0.0,0.0,1
Urban,8795,0,0,0,0.0,0.0,0.0,1
Urban,8796,0,0,0,0.0,0.0,0.0,1
Urban,8797,0,0,0,0.0,0.0,0.0,1
Urban,8798,0,0,0,0.0,0.0,0.0,1
Urban,8799,0,0,0,0.0,0.0,0.0,1
Urban,8800,0,0,0,0.0,0.0,0.0,1
Urban,8801,0,0,0,0.0,0.0,0.0,1
Urban,8802,0,0,0,0.0,0.0,0.0,1
Urban,8803,0,0,0,0.0,0.0,0.0,1
Urban,8804,0,0,0,0.0,0.0,0.0,1
Urban,8805,0,0,0,0.0,0.0,0.0,1
Urban,8806,0,0,0,0.0,0.0,0.0,1
Urban,8807,0,0,0,0.0,0.0,0.0,1
Urban,8808,0,0,0,0.0,0.0,0.0,1
Urban,8809,0,0,0,0.0,0.0,0.0,1
Urban,8810,0,0,0,0.0,0.0,0.0,1
Urban,8811,0,0,0,0.0,0.0,0.0,1
Urban,8812,0,0,0,0.0,0.0,0.0,1
Urban,8813,0,0,0,0.0,0.0,0.0,1
Urban,8814,0,0,0,0.0,0.0,0.0,1
Urban,8815,0,0,0,0.0,0.0,0.0,1
Urban,8816,0,0,0,0.0,0.0,0.0,1
Urban,8817,0,0,0,0.0,0.0,0.0,1
Urban,8818,0,0,0,0.0,0.0,0.0,1
Urban,8819,0,0,0,0.0,0.0,0.0,1
Urban,8820,0,0,0,0.0,0.0,0.0,1
Urban,8821,0,0,0,0.0,0.0,0.0,1
Urban,8822,0,0,0,0.0,0.0,0.0,1
Urban,8823,0,0,0,0.0,0.0,0.0,1
Urban,8824,0,0,0,0.0,0.0,0.0,1
Urban,8825,0,0,0,0.0,0.0,0.0,1
Urban,8826,0,0,0,0.0,0.0,0.0,1
Urban,8827,0,0,0,0.0,0.0,0.0,1
Urban,8828,0,0,0,0.0,0.0,0.0,1
Urban,8829,0,0,0,0.0,0.0,0.0,1
Urban,8830,0,0,0,0.0,0.0,0.0,1
Urban,8831,0,0,0,0.0,0.0,0.0,1
Urban,8832,0,0,0,0.0,0.0,0.0,1
Urban,8833,0,0,0,0.0,0.0,0.0,1
Urban,8834,0,0,0,0.0,0.0,0.0,1
Urban,8835,0,0,0,0.0,0.0,0.0,1
Urban,8836,0,0,0,0.0,0.0,0.0,1
Urban,8837,0,0,0,0.0,0.0,0.0,1
Urban,8838,0,0,0,0.0,0.0,0.0,1
Urban,8839,0,0,0,0.0,0.0,0.0,1
Urban,8840,0,0,0,0.0,0.0,0.0,1
Urban,8841,0,0,0,0.0,0.0,0.0,1
Urban,8842,0,0,0,0.0,0.0,0.0,1
Urban,8843,0,0,0,0.0,0.0,0.0,1
Urban,8844,0,0,0,0.0,0.0,0.0,1
Urban,8845,0,0,0,0.0,0.0,0.0,1
Urban,8846,0,0,0,0.0,0.0,0.0,1
Urban,8847,0,0,0,0.0,0.0,0.0,1
Urban,8848,0,0,0,0.0,0.0,0.0,1
Urban,8849,0,0,0,0.0,0.0,0.0,1
Urban,8850,0,0,0,0.0,0.0,0.0,1
Urban,8851,0,0,0,0.0,0.0,0.0,1
Urban,8852,0,0,0,0.0,0.0,0.0,1
Urban,8853,0,0,0,0.0,0.0,0.0,1
Urban,8854,0,0,0,0.0,0.0,0.0,1
Urban,8855,0,0,0,0.0,0.0,0.0,1
Urban,8856,0,0,0,0.0,0.0,0.0,1
Urban,8857,0,0,0,0.0,0.0,0.0,1
Urban,8858,0,0,0,0.0,0.0,0.0,1
Urban,8859,0,0,0,0.0,0.0,0.0,1
Urban,8860,0,0,0,0.0,0.0,0.0,1
Urban,8861,0,0,0,0.0,0.0,0.0,1
Urban,8862,0,0,0,0.0,0.0,0.0,1
Urban,8863,0,0,0,0.0,0.0,0.0,1
Urban,8864,0,0,0,0.0,0.0,0.0,1
Urban,8865,0,0,0,0.0,0.0,0.0,1
Urban,8866,0,0,0,0.0,0.0,0.0,1
Urban,8867,0,0,0,0.0,0.0,0.0,1
Urban,8868,0,0,0,0.0,0.0,0.0,1
Urban,8869,0,0,0,0.0,0.0,0.0,1
Urban,8870,0,0,0,0.0,0.0,0.0,1
Urban,8871,0,0,0,0.0,0.0,0.0,1
Urban,8872,0,0,0,0.0,0.0,0.0,1
Urban,8873,0,0,0,0.0,0.0,0.0,1
Urban,8874,0,0,0,0.0,0.0,0.0,1
Urban,8875,0,0,0,0.0,0.0,0.0,1
Urban,8876,0,0,0,0.0,0.0,0.0,1
Urban,8877,0,0,0,0.0,0.0,0.0,1
Urban,8878,0,0,0,0.0,0.0,0.0,1
Urban,8879,0,0,0,0.0,0.0,0.0,1
Urban,8880,0,0,0,0.0,0.0,0.0,1
Urban,8881,0,0,0,0.0,0.0,0.0,1
Urban,8882,0,0,0,0.0,0.0,0.0,1
Urban,8883,0,0,0,0.0,0.0,0.0,1
Urban,8884,0,0,0,0.0,0.0,0.0,1
Urban,8885,0,0,0,0.0,0.0,0.0,1
Urban,8886,0,0,0,0.0,0.0,0.0,1
Urban,8887,0,0,0,0.0,0.0,0.0,1
Urban,8888,0,0,0,0.0,0.0,0.0,1
Urban,8889,0,0,0,0.0,0.0,0.0,1
Urban,8890,0,0,0,0.0,0.0,0.0,1
Urban,8891,0,0,0,0.0,0.0,0.0,1
Urban,8892,0,0,0,0.0,0.0,0.0,1
Urban,8893,0,0,0,0.0,0.0,0.0,1
Urban,8894,0,0,0,0.0,0.0,0.0,1
Urban,8895,0,0,0,0.0,0.0,0.0,1
Urban,8896,0,0,0,0.0,0.0,0.0,1
Urban,8897,0,0,0,0.0,0.0,0.0,1
Urban,8898,0,0,0,0.0,0.0,0.0,1
Urban,8899,0,0,0,0.0,0.0,0.0,1
Urban,8900,0,0,0,0.0,0.0,0.0,1
Urban,8901,0,0,0,0.0,0.0,0.0,1
Urban,8902,0,0,0,0.0,0.0,0.0,1
Urban,8903,0,0,0,0.0,0.0,0.0,1
Urban,8904,0,0,0,0.0,0.0,0.0,1
Urban,8905,0,0,0,0.0,0.0,0.0,1
Urban,8906,0,0,0,0.0,0.0,0.0,1
Urban,8907,0,0,0,0.0,0.0,0.0,1
Urban,8908,0,0,0,0.0,0.0,0.0,1
Urban,8909,0,0,0,0.0,0.0,0.0,1
Urban,8910,0,0,0,0.0,0.0,0.0,1
Urban,8911,0,0,0,0.0,0.0,0.0,1
Urban,8912,0,0,0,0.0,0.0,0.0,1
Urban,8913,0,0,0,0.0,0.0,0.0,1
Urban,8914,0,0,0,0.0,0.0,0.0,1
Urban,8915,0,0,0,0.0,0.0,0.0,1
Urban,8916,0,0,0,0.0,0.0,0.0,1
Urban,8917,0,0,0,0.0,0.0,0.0,1
Urban,8918,0,0,0,0.0,0.0,0.0,1
Urban,8919,0,0,0,0.0,0.0,0.0,1
Urban,8920,0,0,0,0.0,0.0,0.0,1
Urban,8921,0,0,0,0.0,0.0,0.0,1
Urban,8922,0,0,0,0.0,0.0,0.0,1
Urban,8923,0,0,0,0.0,0.0,0.0,1
Urban,8924,0,0,0,0.0,0.0,0.0,1
Urban,8925,0,0,0,0.0,0.0,0.0,1
Urban,8926,0,0,0,0.0,0.0,0.0,1
Urban,8927,0,0,0,0.0,0.0,0.0,1
Urban,8928,0,0,0,0.0,0.0,0.0,1
Urban,8929,0,0,0,0.0,0.0,0.0,1
Urban,8930,0,0,0,0.0,0.0,0.0,1
Urban,8931,0,0,0,0.0,0.0,0.0,1
Urban,8932,0,0,0,0.0,0.0,0.0,1
Urban,8933,0,0,0,0.0,0.0,0.0,1
Urban,8934,0,0,0,0.0,0.0,0.0,1
Urban,8935,0,0,0,0.0,0.0,0.0,1
Urban,8936,0,0,0,0.0,0.0,0.0,1
Urban,8937,0,0,0,0.0,0.0,0.0,1
Urban,8938,0,0,0,0.0,0.0,0.0,1
Urban,8939,0,0,0,0.0,0.0,0.0,1
Urban,8940,0,0,0,0.0,0.0,0.0,1
Urban,8941,0,0,0,0.0,0.0,0.0,1
Urban,8942,0,0,0,0.0,0.0,0.0,1
Urban,8943,0,0,0,0.0,0.0,0.0,1
Urban,8944,0,0,0,0.0,0.0,0.0,1
Urban,8945,0,0,0,0.0,0.0,0.0,1
Urban,8946,0,0,0,0.0,0.0,0.0,1
Urban,8947,0,0,0,0.0,0.0,0.0,1
Urban,8948,0,0,0,0.0,0.0,0.0,1
Urban,8949,0,0,0,0.0,0.0,0.0,1
Urban,8950,0,0,0,0.0,0.0,0.0,1
Urban,8951,0,0,0,0.0,0.0,0.0,1
Urban,8952,0,0,0,0.0,0.0,0.0,1
Urban,8953,0,0,0,0.0,0.0,0.0,1
Urban,8954,0,0,0,0.0,0.0,0.0,1
Urban,8955,0,0,0,0.0,0.0,0.0,1
Urban,8956,0,0,0,0.0,0.0,0.0,1
Urban,8957,0,0,0,0.0,0.0,0.0,1
Urban,8958,0,0,0,0.0,0.0,0.0,1
Urban,8959,0,0,0,0.0,0.0,0.0,1
Urban,8960,0,0,0,0.0,0.0,0.0,1
Urban,8961,0,0,0,0.0,0.0,0.0,1
Urban,8962,0,0,0,0.0,0.0,0.0,1
Urban,8963,0,0,0,0.0,0.0,0.0,1
Urban,8964,0,0,0,0.0,0.0,0.0,1
Urban,8965,0,0,0,0.0,0.0,0.0,1
Urban,8966,0,0,0,0.0,0.0,0.0,1
Urban,8967,0,0,0,0.0,0.0,0.0,1
Urban,8968,0,0,0,0.0,0.0,0.0,1
Urban,8969,0,0,0,0.0,0.0,0.0,1
Urban,8970,0,0,0,0.0,0.0,0.0,1
Urban,8971,0,0,0,0.0,0.0,0.0,1
Urban,8972,0,0,0,0.0,0.0,0.0,1
Urban,8973,0,0,0,0.0,0.0,0.0,1
Urban,8974,0,0,0,0.0,0.0,0.0,1
Urban,8975,0,0,0,0.0,0.0,0.0,1
Urban,8976,0,0,0,0.0,0.0,0.0,1
Urban,8977,0,0,0,0.0,0.0,0.0,1
Urban,8978,0,0,0,0.0,0.0,0.0,1
Urban,8979,0,0,0,0.0,0.0,0.0,1
Urban,8980,0,0,0,0.0,0.0,0.0,1
Urban,8981,0,0,0,0.0,0.0,0.0,1
Urban,8982,0,0,0,0.0,0.0,0.0,1
Urban,8983,0,0,0,0.0,0.0,0.0,1
Urban,8984,0,0,0,0.0,0.0,0.0,1
Urban,8985,0,0,0,0.0,0.0,0.0,1
Urban,8986,0,0,0,0.0,0.0,0.0,1
Urban,8987,0,0,0,0.0,0.0,0.0,1
Urban,8988,0,0,0,0.0,0.0,0.0,1
Urban,8989,0,0,0,0.0,0.0,0.0,1
Urban,8990,0,0,0,0.0,0.0,0.0,1
Urban,8991,0,0,0,0.0,0.0,0.0,1
Urban,8992,0,0,0,0.0,0.0,0.0,1
Urban,8993,0,0,0,0.0,0.0,0.0,1
Urban,8994,0,0,0,0.0,0.0,0.0,1
Urban,8995,0,0,0,0.0,0.0,0.0,1
Urban,8996,0,0,0,0.0,0.0,0.0,1
Urban,8997,0,0,0,0.0,0.0,0.0,1
Urban,8998,0,0,0,0.0,0.0,0.0,1
Urban,8999,0,0,0,0.0,0.0,0.0,1
Urban,9000,0,0,0,0.0,0.0,0.0,1
Urban,9001,0,0,0,0.0,0.0,0.0,1
Urban,9002,0,0,0,0.0,0.0,0.0,1
Urban,9003,0,0,0,0.0,0.0,0.0,1
Urban,9004,0,0,0,0.0,0.0,0.0,1
Urban,9005,0,0,0,0.0,0.0,0.0,1
Urban,9006,0,0,0,0.0,0.0,0.0,1
Urban,9007,0,0,0,0.0,0.0,0.0,1
Urban,9008,0,0,0,0.0,0.0,0.0,1
Urban,9009,0,0,0,0.0,0.0,0.0,1
Urban,9010,0,0,0,0.0,0.0,0.0,1
Urban,9011,0,0,0,0.0,0.0,0.0,1
Urban,9012,0,0,0,0.0,0.0,0.0,1
Urban,9013,0,0,0,0.0,0.0,0.0,1
Urban,9014,0,0,0,0.0,0.0,0.0,1
Urban,9015,0,0,0,0.0,0.0,0.0,1
Urban,9016,0,0,0,0.0,0.0,0.0,1
Urban,9017,0,0,0,0.0,0.0,0.0,1
Urban,9018,0,0,0,0.0,0.0,0.0,1
Urban,9019,0,0,0,0.0,0.0,0.0,1
Urban,9020,0,0,0,0.0,0.0,0.0,1
Urban,9021,0,0,0,0.0,0.0,0.0,1
Urban,9022,0,0,0,0.0,0.0,0.0,1
Urban,9023,0,0,0,0.0,0.0,0.0,1
Urban,9024,0,0,0,0.0,0.0,0.0,1
Urban,9025,0,0,0,0.0,0.0,0.0,1
Urban,9026,0,0,0,0.0,0.0,0.0,1
Urban,9027,0,0,0,0.0,0.0,0.0,1
Urban,9028,0,0,0,0.0,0.0,0.0,1
Urban,9029,0,0,0,0.0,0.0,0.0,1
Urban,9030,0,0,0,0.0,0.0,0.0,1
Urban,9031,0,0,0,0.0,0.0,0.0,1
Urban,9032,0,0,0,0.0,0.0,0.0,1
Urban,9033,0,0,0,0.0,0.0,0.0,1
Urban,9034,0,0,0,0.0,0.0,0.0,1
Urban,9035,0,0,0,0.0,0.0,0.0,1
Urban,9036,0,0,0,0.0,0.0,0.0,1
Urban,9037,0,0,0,0.0,0.0,0.0,1
Urban,9038,0,0,0,0.0,0.0,0.0,1
Urban,9039,0,0,0,0.0,0.0,0.0,1
Urban,9040,0,0,0,0.0,0.0,0.0,1
Urban,9041,0,0,0,0.0,0.0,0.0,1
Urban,9042,0,0,0,0.0,0.0,0.0,1
Urban,9043,0,0,0,0.0,0.0,0.0,1
Urban,9044,0,0,0,0.0,0.0,0.0,1
Urban,9045,0,0,0,0.0,0.0,0.0,1
Urban,9046,0,0,0,0.0,0.0,0.0,1
Urban,9047,0,0,0,0.0,0.0,0.0,1
Urban,9048,0,0,0,0.0,0.0,0.0,1
Urban,9049,0,0,0,0.0,0.0,0.0,1
Urban,9050,0,0,0,0.0,0.0,0.0,1
Urban,9051,0,0,0,0.0,0.0,0.0,1
Urban,9052,0,0,0,0.0,0.0,0.0,1
Urban,9053,0,0,0,0.0,0.0,0.0,1
Urban,9054,0,0,0,0.0,0.0,0.0,1
Urban,9055,0,0,0,0.0,0.0,0.0,1
Urban,9056,0,0,0,0.0,0.0,0.0,1
Urban,9057,0,0,0,0.0,0.0,0.0,1
Urban,9058,0,0,0,0.0,0.0,0.0,1
Urban,9059,0,0,0,0.0,0.0,0.0,1
Urban,9060,0,0,0,0.0,0.0,0.0,1
Urban,9061,0,0,0,0.0,0.0,0.0,1
Urban,9062,0,0,0,0.0,0.0,0.0,1
Urban,9063,0,0,0,0.0,0.0,0.0,1
Urban,9064,0,0,0,0.0,0.0,0.0,1
Urban,9065,0,0,0,0.0,0.0,0.0,1
Urban,9066,0,0,0,0.0,0.0,0.0,1
Urban,9067,0,0,0,0.0,0.0,0.0,1
Urban,9068,0,0,0,0.0,0.0,0.0,1
Urban,9069,0,0,0,0.0,0.0,0.0,1
Urban,9070,0,0,0,0.0,0.0,0.0,1
Urban,9071,0,0,0,0.0,0.0,0.0,1
Urban,9072,0,0,0,0.0,0.0,0.0,1
Urban,9073,0,0,0,0.0,0.0,0.0,1
Urban,9074,0,0,0,0.0,0.0,0.0,1
Urban,9075,0,0,0,0.0,0.0,0.0,1
Urban,9076,0,0,0,0.0,0.0,0.0,1
Urban,9077,0,0,0,0.0,0.0,0.0,1
Urban,9078,0,0,0,0.0,0.0,0.0,1
Urban,9079,0,0,0,0.0,0.0,0.0,1
Urban,9080,0,0,0,0.0,0.0,0.0,1
Urban,9081,0,0,0,0.0,0.0,0.0,1
Urban,9082,0,0,0,0.0,0.0,0.0,1
Urban,9083,0,0,0,0.0,0.0,0.0,1
Urban,9084,0,0,0,0.0,0.0,0.0,1
Urban,9085,0,0,0,0.0,0.0,0.0,1
Urban,9086,0,0,0,0.0,0.0,0.0,1
Urban,9087,0,0,0,0.0,0.0,0.0,1
Urban,9088,0,0,0,0.0,0.0,0.0,1
Urban,9089,0,0,0,0.0,0.0,0.0,1
Urban,9090,0,0,0,0.0,0.0,0.0,1
Urban,9091,0,0,0,0.0,0.0,0.0,1
Urban,9092,0,0,0,0.0,0.0,0.0,1
Urban,9093,0,0,0,0.0,0.0,0.0,1
Urban,9094,0,0,0,0.0,0.0,0.0,1
Urban,9095,0,0,0,0.0,0.0,0.0,1
Urban,9096,0,0,0,0.0,0.0,0.0,1
Urban,9097,0,0,0,0.0,0.0,0.0,1
Urban,9098,0,0,0,0.0,0.0,0.0,1
Urban,9099,0,0,0,0.0,0.0,0.0,1
Urban,9100,0,0,0,0.0,0.0,0.0,1
Urban,9101,0,0,0,0.0,0.0,0.0,1
Urban,9102,0,0,0,0.0,0.0,0.0,1
Urban,9103,0,0,0,0.0,0.0,0.0,1
Urban,9104,0,0,0,0.0,0.0,0.0,1
Urban,9105,0,0,0,0.0,0.0,0.0,1
Urban,9106,0,0,0,0.0,0.0,0.0,1
Urban,9107,0,0,0,0.0,0.0,0.0,1
Urban,9108,0,0,0,0.0,0.0,0.0,1
Urban,9109,0,0,0,0.0,0.0,0.0,1
Urban,9110,0,0,0,0.0,0.0,0.0,1
Urban,9111,0,0,0,0.0,0.0,0.0,1
Urban,9112,0,0,0,0.0,0.0,0.0,1
Urban,9113,0,0,0,0.0,0.0,0.0,1
Urban,9114,0,0,0,0.0,0.0,0.0,1
Urban,9115,0,0,0,0.0,0.0,0.0,1
Urban,9116,0,0,0,0.0,0.0,0.0,1
Urban,9117,0,0,0,0.0,0.0,0.0,1
Urban,9118,0,0,0,0.0,0.0,0.0,1
Urban,9119,0,0,0,0.0,0.0,0.0,1
Urban,9120,0,0,0,0.0,0.0,0.0,1
Urban,9121,0,0,0,0.0,0.0,0.0,1
Urban,9122,0,0,0,0.0,0.0,0.0,1
Urban,9123,0,0,0,0.0,0.0,0.0,1
Urban,9124,0,0,0,0.0,0.0,0.0,1
Urban,9125,0,0,0,0.0,0.0,0.0,1
Urban,9126,0,0,0,0.0,0.0,0.0,1
Urban,9127,0,0,0,0.0,0.0,0.0,1
Urban,9128,0,0,0,0.0,0.0,0.0,1
Urban,9129,0,0,0,0.0,0.0,0.0,1
Urban,9130,0,0,0,0.0,0.0,0.0,1
Urban,9131,0,0,0,0.0,0.0,0.0,1
Urban,9132,0,0,0,0.0,0.0,0.0,1
Urban,9133,0,0,0,0.0,0.0,0.0,1
Urban,9134,0,0,0,0.0,0.0,0.0,1
Urban,9135,0,0,0,0.0,0.0,0.0,1
Urban,9136,0,0,0,0.0,0.0,0.0,1
Urban,9137,0,0,0,0.0,0.0,0.0,1
Urban,9138,0,0,0,0.0,0.0,0.0,1
Urban,9139,0,0,0,0.0,0.0,0.0,1
Urban,9140,0,0,0,0.0,0.0,0.0,1
Urban,9141,0,0,0,0.0,0.0,0.0,1
Urban,9142,0,0,0,0.0,0.0,0.0,1
Urban,9143,0,0,0,0.0,0.0,0.0,1
Urban,9144,0,0,0,0.0,0.0,0.0,1
Urban,9145,0,0,0,0.0,0.0,0.0,1
Urban,9146,0,0,0,0.0,0.0,0.0,1
Urban,9147,0,0,0,0.0,0.0,0.0,1
Urban,9148,0,0,0,0.0,0.0,0.0,1
Urban,9149,0,0,0,0.0,0.0,0.0,1
Urban,9150,0,0,0,0.0,0.0,0.0,1
Urban,9151,0,0,0,0.0,0.0,0.0,1
Urban,9152,0,0,0,0.0,0.0,0.0,1
Urban,9153,0,0,0,0.0,0.0,0.0,1
Urban,9154,0,0,0,0.0,0.0,0.0,1
Urban,9155,0,0,0,0.0,0.0,0.0,1
Urban,9156,0,0,0,0.0,0.0,0.0,1
Urban,9157,0,0,0,0.0,0.0,0.0,1
Urban,9158,0,0,0,0.0,0.0,0.0,1
Urban,9159,0,0,0,0.0,0.0,0.0,1
Urban,9160,0,0,0,0.0,0.0,0.0,1
Urban,9161,0,0,0,0.0,0.0,0.0,1
Urban,9162,0,0,0,0.0,0.0,0.0,1
Urban,9163,0,0,0,0.0,0.0,0.0,1
Urban,9164,0,0,0,0.0,0.0,0.0,1
Urban,9165,0,0,0,0.0,0.0,0.0,1
Urban,9166,0,0,0,0.0,0.0,0.0,1
Urban,9167,0,0,0,0.0,0.0,0.0,1
Urban,9168,0,0,0,0.0,0.0,0.0,1
Urban,9169,0,0,0,0.0,0.0,0.0,1
Urban,9170,0,0,0,0.0,0.0,0.0,1
Urban,9171,0,0,0,0.0,0.0,0.0,1
Urban,9172,0,0,0,0.0,0.0,0.0,1
Urban,9173,0,0,0,0.0,0.0,0.0,1
Urban,9174,0,0,0,0.0,0.0,0.0,1
Urban,9175,0,0,0,0.0,0.0,0.0,1
Urban,9176,0,0,0,0.0,0.0,0.0,1
Urban,9177,0,0,0,0.0,0.0,0.0,1
Urban,9178,0,0,0,0.0,0.0,0.0,1
Urban,9179,0,0,0,0.0,0.0,0.0,1
Urban,9180,0,0,0,0.0,0.0,0.0,1
Urban,9181,0,0,0,0.0,0.0,0.0,1
Urban,9182,0,0,0,0.0,0.0,0.0,1
Urban,9183,0,0,0,0.0,0.0,0.0,1
Urban,9184,0,0,0,0.0,0.0,0.0,1
Urban,9185,0,0,0,0.0,0.0,0.0,1
Urban,9186,0,0,0,0.0,0.0,0.0,1
Urban,9187,0,0,0,0.0,0.0,0.0,1
Urban,9188,0,0,0,0.0,0.0,0.0,1
Urban,9189,0,0,0,0.0,0.0,0.0,1
Urban,9190,0,0,0,0.0,0.0,0.0,1
Urban,9191,0,0,0,0.0,0.0,0.0,1
Urban,9192,0,0,0,0.0,0.0,0.0,1
Urban,9193,0,0,0,0.0,0.0,0.0,1
Urban,9194,0,0,0,0.0,0.0,0.0,1
Urban,9195,0,0,0,0.0,0.0,0.0,1
Urban,9196,0,0,0,0.0,0.0,0.0,1
Urban,9197,0,0,0,0.0,0.0,0.0,1
Urban,9198,0,0,0,0.0,0.0,0.0,1
Urban,9199,0,0,0,0.0,0.0,0.0,1
Urban,9200,0,0,0,0.0,0.0,0.0,1
Urban,9201,0,0,0,0.0,0.0,0.0,1
Urban,9202,0,0,0,0.0,0.0,0.0,1
Urban,9203,0,0,0,0.0,0.0,0.0,1
Urban,9204,0,0,0,0.0,0.0,0.0,1
Urban,9205,0,0,0,0.0,0.0,0.0,1
Urban,9206,0,0,0,0.0,0.0,0.0,1
Urban,9207,0,0,0,0.0,0.0,0.0,1
Urban,9208,0,0,0,0.0,0.0,0.0,1
Urban,9209,0,0,0,0.0,0.0,0.0,1
Urban,9210,0,0,0,0.0,0.0,0.0,1
Urban,9211,0,0,0,0.0,0.0,0.0,1
Urban,9212,0,0,0,0.0,0.0,0.0,1
Urban,9213,0,0,0,0.0,0.0,0.0,1
Urban,9214,0,0,0,0.0,0.0,0.0,1
Urban,9215,0,0,0,0.0,0.0,0.0,1
Urban,9216,0,0,0,0.0,0.0,0.0,1
Urban,9217,0,0,0,0.0,0.0,0.0,1
Urban,9218,0,0,0,0.0,0.0,0.0,1
Urban,9219,0,0,0,0.0,0.0,0.0,1
Urban,9220,0,0,0,0.0,0.0,0.0,1
Urban,9221,0,0,0,0.0,0.0,0.0,1
Urban,9222,0,0,0,0.0,0.0,0.0,1
Urban,9223,0,0,0,0.0,0.0,0.0,1
Urban,9224,0,0,0,0.0,0.0,0.0,1
Urban,9225,0,0,0,0.0,0.0,0.0,1
Urban,9226,0,0,0,0.0,0.0,0.0,1
Urban,9227,0,0,0,0.0,0.0,0.0,1
Urban,9228,0,0,0,0.0,0.0,0.0,1
Urban,9229,0,0,0,0.0,0.0,0.0,1
Urban,9230,0,0,0,0.0,0.0,0.0,1
Urban,9231,0,0,0,0.0,0.0,0.0,1
Urban,9232,0,0,0,0.0,0.0,0.0,1
Urban,9233,0,0,0,0.0,0.0,0.0,1
Urban,9234,0,0,0,0.0,0.0,0.0,1
Urban,9235,0,0,0,0.0,0.0,0.0,1
Urban,9236,0,0,0,0.0,0.0,0.0,1
Urban,9237,0,0,0,0.0,0.0,0.0,1
Urban,9238,0,0,0,0.0,0.0,0.0,1
Urban,9239,0,0,0,0.0,0.0,0.0,1
Urban,9240,0,0,0,0.0,0.0,0.0,1
Urban,9241,0,0,0,0.0,0.0,0.0,1
Urban,9242,0,0,0,0.0,0.0,0.0,1
Urban,9243,0,0,0,0.0,0.0,0.0,1
Urban,9244,0,0,0,0.0,0.0,0.0,1
Urban,9245,0,0,0,0.0,0.0,0.0,1
Urban,9246,0,0,0,0.0,0.0,0.0,1
Urban,9247,0,0,0,0.0,0.0,0.0,1
Urban,9248,0,0,0,0.0,0.0,0.0,1
Urban,9249,0,0,0,0.0,0.0,0.0,1
Urban,9250,0,0,0,0.0,0.0,0.0,1
Urban,9251,0,0,0,0.0,0.0,0.0,1
Urban,9252,0,0,0,0.0,0.0,0.0,1
Urban,9253,0,0,0,0.0,0.0,0.0,1
Urban,9254,0,0,0,0.0,0.0,0.0,1
Urban,9255,0,0,0,0.0,0.0,0.0,1
Urban,9256,0,0,0,0.0,0.0,0.0,1
Urban,9257,0,0,0,0.0,0.0,0.0,1
Urban,9258,0,0,0,0.0,0.0,0.0,1
Urban,9259,0,0,0,0.0,0.0,0.0,1
Urban,9260,0,0,0,0.0,0.0,0.0,1
Urban,9261,0,0,0,0.0,0.0,0.0,1
Urban,9262,0,0,0,0.0,0.0,0.0,1
Urban,9263,0,0,0,0.0,0.0,0.0,1
Urban,9264,0,0,0,0.0,0.0,0.0,1
Urban,9265,0,0,0,0.0,0.0,0.0,1
Urban,9266,0,0,0,0.0,0.0,0.0,1
Urban,9267,0,0,0,0.0,0.0,0.0,1
Urban,9268,0,0,0,0.0,0.0,0.0,1
Urban,9269,0,0,0,0.0,0.0,0.0,1
Urban,9270,0,0,0,0.0,0.0,0.0,1
Urban,9271,0,0,0,0.0,0.0,0.0,1
Urban,9272,0,0,0,0.0,0.0,0.0,1
Urban,9273,0,0,0,0.0,0.0,0.0,1
Urban,9274,0,0,0,0.0,0.0,0.0,1
Urban,9275,0,0,0,0.0,0.0,0.0,1
Urban,9276,0,0,0,0.0,0.0,0.0,1
Urban,9277,0,0,0,0.0,0.0,0.0,1
Urban,9278,0,0,0,0.0,0.0,0.0,1
Urban,9279,0,0,0,0.0,0.0,0.0,1
Urban,9280,0,0,0,0.0,0.0,0.0,1
Urban,9281,0,0,0,0.0,0.0,0.0,1
Urban,9282,0,0,0,0.0,0.0,0.0,1
Urban,9283,0,0,0,0.0,0.0,0.0,1
Urban,9284,0,0,0,0.0,0.0,0.0,1
Urban,9285,0,0,0,0.0,0.0,0.0,1
Urban,9286,0,0,0,0.0,0.0,0.0,1
Urban,9287,0,0,0,0.0,0.0,0.0,1
Urban,9288,0,0,0,0.0,0.0,0.0,1
Urban,9289,0,0,0,0.0,0.0,0.0,1
Urban,9290,0,0,0,0.0,0.0,0.0,1
Urban,9291,0,0,0,0.0,0.0,0.0,1
Urban,9292,0,0,0,0.0,0.0,0.0,1
Urban,9293,0,0,0,0.0,0.0,0.0,1
Urban,9294,0,0,0,0.0,0.0,0.0,1
Urban,9295,0,0,0,0.0,0.0,0.0,1
Urban,9296,0,0,0,0.0,0.0,0.0,1
Urban,9297,0,0,0,0.0,0.0,0.0,1
Urban,9298,0,0,0,0.0,0.0,0.0,1
Urban,9299,0,0,0,0.0,0.0,0.0,1
Urban,9300,0,0,0,0.0,0.0,0.0,1
Urban,9301,0,0,0,0.0,0.0,0.0,1
Urban,9302,0,0,0,0.0,0.0,0.0,1
Urban,9303,0,0,0,0.0,0.0,0.0,1
Urban,9304,0,0,0,0.0,0.0,0.0,1
Urban,9305,0,0,0,0.0,0.0,0.0,1
Urban,9306,0,0,0,0.0,0.0,0.0,1
Urban,9307,0,0,0,0.0,0.0,0.0,1
Urban,9308,0,0,0,0.0,0.0,0.0,1
Urban,9309,0,0,0,0.0,0.0,0.0,1
Urban,9310,0,0,0,0.0,0.0,0.0,1
Urban,9311,0,0,0,0.0,0.0,0.0,1
Urban,9312,0,0,0,0.0,0.0,0.0,1
Urban,9313,0,0,0,0.0,0.0,0.0,1
Urban,9314,0,0,0,0.0,0.0,0.0,1
Urban,9315,0,0,0,0.0,0.0,0.0,1
Urban,9316,0,0,0,0.0,0.0,0.0,1
Urban,9317,0,0,0,0.0,0.0,0.0,1
Urban,9318,0,0,0,0.0,0.0,0.0,1
Urban,9319,0,0,0,0.0,0.0,0.0,1
Urban,9320,0,0,0,0.0,0.0,0.0,1
Urban,9321,0,0,0,0.0,0.0,0.0,1
Urban,9322,0,0,0,0.0,0.0,0.0,1
Urban,9323,0,0,0,0.0,0.0,0.0,1
Urban,9324,0,0,0,0.0,0.0,0.0,1
Urban,9325,0,0,0,0.0,0.0,0.0,1
Urban,9326,0,0,0,0.0,0.0,0.0,1
Urban,9327,0,0,0,0.0,0.0,0.0,1
Urban,9328,0,0,0,0.0,0.0,0.0,1
Urban,9329,0,0,0,0.0,0.0,0.0,1
Urban,9330,0,0,0,0.0,0.0,0.0,1
Urban,9331,0,0,0,0.0,0.0,0.0,1
Urban,9332,0,0,0,0.0,0.0,0.0,1
Urban,9333,0,0,0,0.0,0.0,0.0,1
Urban,9334,0,0,0,0.0,0.0,0.0,1
Urban,9335,0,0,0,0.0,0.0,0.0,1
Urban,9336,0,0,0,0.0,0.0,0.0,1
Urban,9337,0,0,0,0.0,0.0,0.0,1
Urban,9338,0,0,0,0.0,0.0,0.0,1
Urban,9339,0,0,0,0.0,0.0,0.0,1
Urban,9340,0,0,0,0.0,0.0,0.0,1
Urban,9341,0,0,0,0.0,0.0,0.0,1
Urban,9342,0,0,0,0.0,0.0,0.0,1
Urban,9343,0,0,0,0.0,0.0,0.0,1
Urban,9344,0,0,0,0.0,0.0,0.0,1
Urban,9345,0,0,0,0.0,0.0,0.0,1
Urban,9346,0,0,0,0.0,0.0,0.0,1
Urban,9347,0,0,0,0.0,0.0,0.0,1
Urban,9348,0,0,0,0.0,0.0,0.0,1
Urban,9349,0,0,0,0.0,0.0,0.0,1
Urban,9350,0,0,0,0.0,0.0,0.0,1
Urban,9351,0,0,0,0.0,0.0,0.0,1
Urban,9352,0,0,0,0.0,0.0,0.0,1
Urban,9353,0,0,0,0.0,0.0,0.0,1
Urban,9354,0,0,0,0.0,0.0,0.0,1
Urban,9355,0,0,0,0.0,0.0,0.0,1
Urban,9356,0,0,0,0.0,0.0,0.0,1
Urban,9357,0,0,0,0.0,0.0,0.0,1
Urban,9358,0,0,0,0.0,0.0,0.0,1
Urban,9359,0,0,0,0.0,0.0,0.0,1
Urban,9360,0,0,0,0.0,0.0,0.0,1
Urban,9361,0,0,0,0.0,0.0,0.0,1
Urban,9362,0,0,0,0.0,0.0,0.0,1
Urban,9363,0,0,0,0.0,0.0,0.0,1
Urban,9364,0,0,0,0.0,0.0,0.0,1
Urban,9365,0,0,0,0.0,0.0,0.0,1
Urban,9366,0,0,0,0.0,0.0,0.0,1
Urban,9367,0,0,0,0.0,0.0,0.0,1
Urban,9368,0,0,0,0.0,0.0,0.0,1
Urban,9369,0,0,0,0.0,0.0,0.0,1
Urban,9370,0,0,0,0.0,0.0,0.0,1
Urban,9371,0,0,0,0.0,0.0,0.0,1
Urban,9372,0,0,0,0.0,0.0,0.0,1
Urban,9373,0,0,0,0.0,0.0,0.0,1
Urban,9374,0,0,0,0.0,0.0,0.0,1
Urban,9375,0,0,0,0.0,0.0,0.0,1
Urban,9376,0,0,0,0.0,0.0,0.0,1
Urban,9377,0,0,0,0.0,0.0,0.0,1
Urban,9378,0,0,0,0.0,0.0,0.0,1
Urban,9379,0,0,0,0.0,0.0,0.0,1
Urban,9380,0,0,0,0.0,0.0,0.0,1
Urban,9381,0,0,0,0.0,0.0,0.0,1
Urban,9382,0,0,0,0.0,0.0,0.0,1
Urban,9383,0,0,0,0.0,0.0,0.0,1
Urban,9384,0,0,0,0.0,0.0,0.0,1
Urban,9385,0,0,0,0.0,0.0,0.0,1
Urban,9386,0,0,0,0.0,0.0,0.0,1
Urban,9387,0,0,0,0.0,0.0,0.0,1
Urban,9388,0,0,0,0.0,0.0,0.0,1
Urban,9389,0,0,0,0.0,0.0,0.0,1
Urban,9390,0,0,0,0.0,0.0,0.0,1
Urban,9391,0,0,0,0.0,0.0,0.0,1
Urban,9392,0,0,0,0.0,0.0,0.0,1
Urban,9393,0,0,0,0.0,0.0,0.0,1
Urban,9394,0,0,0,0.0,0.0,0.0,1
Urban,9395,0,0,0,0.0,0.0,0.0,1
Urban,9396,0,0,0,0.0,0.0,0.0,1
Urban,9397,0,0,0,0.0,0.0,0.0,1
Urban,9398,0,0,0,0.0,0.0,0.0,1
Urban,9399,0,0,0,0.0,0.0,0.0,1
Urban,9400,0,0,0,0.0,0.0,0.0,1
Urban,9401,0,0,0,0.0,0.0,0.0,1
Urban,9402,0,0,0,0.0,0.0,0.0,1
Urban,9403,0,0,0,0.0,0.0,0.0,1
Urban,9404,0,0,0,0.0,0.0,0.0,1
Urban,9405,0,0,0,0.0,0.0,0.0,1
Urban,9406,0,0,0,0.0,0.0,0.0,1
Urban,9407,0,0,0,0.0,0.0,0.0,1
Urban,9408,0,0,0,0.0,0.0,0.0,1
Urban,9409,0,0,0,0.0,0.0,0.0,1
Urban,9410,0,0,0,0.0,0.0,0.0,1
Urban,9411,0,0,0,0.0,0.0,0.0,1
Urban,9412,0,0,0,0.0,0.0,0.0,1
Urban,9413,0,0,0,0.0,0.0,0.0,1
Urban,9414,0,0,0,0.0,0.0,0.0,1
Urban,9415,0,0,0,0.0,0.0,0.0,1
Urban,9416,0,0,0,0.0,0.0,0.0,1
Urban,9417,0,0,0,0.0,0.0,0.0,1
Urban,9418,0,0,0,0.0,0.0,0.0,1
Urban,9419,0,0,0,0.0,0.0,0.0,1
Urban,9420,0,0,0,0.0,0.0,0.0,1
Urban,9421,0,0,0,0.0,0.0,0.0,1
Urban,9422,0,0,0,0.0,0.0,0.0,1
Urban,9423,0,0,0,0.0,0.0,0.0,1
Urban,9424,0,0,0,0.0,0.0,0.0,1
Urban,9425,0,0,0,0.0,0.0,0.0,1
Urban,9426,0,0,0,0.0,0.0,0.0,1
Urban,9427,0,0,0,0.0,0.0,0.0,1
Urban,9428,0,0,0,0.0,0.0,0.0,1
Urban,9429,0,0,0,0.0,0.0,0.0,1
Urban,9430,0,0,0,0.0,0.0,0.0,1
Urban,9431,0,0,0,0.0,0.0,0.0,1
Urban,9432,0,0,0,0.0,0.0,0.0,1
Urban,9433,0,0,0,0.0,0.0,0.0,1
Urban,9434,0,0,0,0.0,0.0,0.0,1
Urban,9435,0,0,0,0.0,0.0,0.0,1
Urban,9436,0,0,0,0.0,0.0,0.0,1
Urban,9437,0,0,0,0.0,0.0,0.0,1
Urban,9438,0,0,0,0.0,0.0,0.0,1
Urban,9439,0,0,0,0.0,0.0,0.0,1
Urban,9440,0,0,0,0.0,0.0,0.0,1
Urban,9441,0,0,0,0.0,0.0,0.0,1
Urban,9442,0,0,0,0.0,0.0,0.0,1
Urban,9443,0,0,0,0.0,0.0,0.0,1
Urban,9444,0,0,0,0.0,0.0,0.0,1
Urban,9445,0,0,0,0.0,0.0,0.0,1
Urban,9446,0,0,0,0.0,0.0,0.0,1
Urban,9447,0,0,0,0.0,0.0,0.0,1
Urban,9448,0,0,0,0.0,0.0,0.0,1
Urban,9449,0,0,0,0.0,0.0,0.0,1
Urban,9450,0,0,0,0.0,0.0,0.0,1
Urban,9451,0,0,0,0.0,0.0,0.0,1
Urban,9452,0,0,0,0.0,0.0,0.0,1
Urban,9453,0,0,0,0.0,0.0,0.0,1
Urban,9454,0,0,0,0.0,0.0,0.0,1
Urban,9455,0,0,0,0.0,0.0,0.0,1
Urban,9456,0,0,0,0.0,0.0,0.0,1
Urban,9457,0,0,0,0.0,0.0,0.0,1
Urban,9458,0,0,0,0.0,0.0,0.0,1
Urban,9459,0,0,0,0.0,0.0,0.0,1
Urban,9460,0,0,0,0.0,0.0,0.0,1
Urban,9461,0,0,0,0.0,0.0,0.0,1
Urban,9462,0,0,0,0.0,0.0,0.0,1
Urban,9463,0,0,0,0.0,0.0,0.0,1
Urban,9464,0,0,0,0.0,0.0,0.0,1
Urban,9465,0,0,0,0.0,0.0,0.0,1
Urban,9466,0,0,0,0.0,0.0,0.0,1
Urban,9467,0,0,0,0.0,0.0,0.0,1
Urban,9468,0,0,0,0.0,0.0,0.0,1
Urban,9469,0,0,0,0.0,0.0,0.0,1
Urban,9470,0,0,0,0.0,0.0,0.0,1
Urban,9471,0,0,0,0.0,0.0,0.0,1
Urban,9472,0,0,0,0.0,0.0,0.0,1
Urban,9473,0,0,0,0.0,0.0,0.0,1
Urban,9474,0,0,0,0.0,0.0,0.0,1
Urban,9475,0,0,0,0.0,0.0,0.0,1
Urban,9476,0,0,0,0.0,0.0,0.0,1
Urban,9477,0,0,0,0.0,0.0,0.0,1
Urban,9478,0,0,0,0.0,0.0,0.0,1
Urban,9479,0,0,0,0.0,0.0,0.0,1
Urban,9480,0,0,0,0.0,0.0,0.0,1
Urban,9481,0,0,0,0.0,0.0,0.0,1
Urban,9482,0,0,0,0.0,0.0,0.0,1
Urban,9483,0,0,0,0.0,0.0,0.0,1
Urban,9484,0,0,0,0.0,0.0,0.0,1
Urban,9485,0,0,0,0.0,0.0,0.0,1
Urban,9486,0,0,0,0.0,0.0,0.0,1
Urban,9487,0,0,0,0.0,0.0,0.0,1
Urban,9488,0,0,0,0.0,0.0,0.0,1
Urban,9489,0,0,0,0.0,0.0,0.0,1
Urban,9490,0,0,0,0.0,0.0,0.0,1
Urban,9491,0,0,0,0.0,0.0,0.0,1
Urban,9492,0,0,0,0.0,0.0,0.0,1
Urban,9493,0,0,0,0.0,0.0,0.0,1
Urban,9494,0,0,0,0.0,0.0,0.0,1
Urban,9495,0,0,0,0.0,0.0,0.0,1
Urban,9496,0,0,0,0.0,0.0,0.0,1
Urban,9497,0,0,0,0.0,0.0,0.0,1
Urban,9498,0,0,0,0.0,0.0,0.0,1
Urban,9499,0,0,0,0.0,0.0,0.0,1
Urban,9500,0,0,0,0.0,0.0,0.0,1
Urban,9501,0,0,0,0.0,0.0,0.0,1
Urban,9502,0,0,0,0.0,0.0,0.0,1
Urban,9503,0,0,0,0.0,0.0,0.0,1
Urban,9504,0,0,0,0.0,0.0,0.0,1
Urban,9505,0,0,0,0.0,0.0,0.0,1
Urban,9506,0,0,0,0.0,0.0,0.0,1
Urban,9507,0,0,0,0.0,0.0,0.0,1
Urban,9508,0,0,0,0.0,0.0,0.0,1
Urban,9509,0,0,0,0.0,0.0,0.0,1
Urban,9510,0,0,0,0.0,0.0,0.0,1
Urban,9511,0,0,0,0.0,0.0,0.0,1
Urban,9512,0,0,0,0.0,0.0,0.0,1
Urban,9513,0,0,0,0.0,0.0,0.0,1
Urban,9514,0,0,0,0.0,0.0,0.0,1
Urban,9515,0,0,0,0.0,0.0,0.0,1
Urban,9516,0,0,0,0.0,0.0,0.0,1
Urban,9517,0,0,0,0.0,0.0,0.0,1
Urban,9518,0,0,0,0.0,0.0,0.0,1
Urban,9519,0,0,0,0.0,0.0,0.0,1
Urban,9520,0,0,0,0.0,0.0,0.0,1
Urban,9521,0,0,0,0.0,0.0,0.0,1
Urban,9522,0,0,0,0.0,0.0,0.0,1
Urban,9523,0,0,0,0.0,0.0,0.0,1
Urban,9524,0,0,0,0.0,0.0,0.0,1
Urban,9525,0,0,0,0.0,0.0,0.0,1
Urban,9526,0,0,0,0.0,0.0,0.0,1
Urban,9527,0,0,0,0.0,0.0,0.0,1
Urban,9528,0,0,0,0.0,0.0,0.0,1
Urban,9529,0,0,0,0.0,0.0,0.0,1
Urban,9530,0,0,0,0.0,0.0,0.0,1
Urban,9531,0,0,0,0.0,0.0,0.0,1
Urban,9532,0,0,0,0.0,0.0,0.0,1
Urban,9533,0,0,0,0.0,0.0,0.0,1
Urban,9534,0,0,0,0.0,0.0,0.0,1
Urban,9535,0,0,0,0.0,0.0,0.0,1
Urban,9536,0,0,0,0.0,0.0,0.0,1
Urban,9537,0,0,0,0.0,0.0,0.0,1
Urban,9538,0,0,0,0.0,0.0,0.0,1
Urban,9539,0,0,0,0.0,0.0,0.0,1
Urban,9540,0,0,0,0.0,0.0,0.0,1
Urban,9541,0,0,0,0.0,0.0,0.0,1
Urban,9542,0,0,0,0.0,0.0,0.0,1
Urban,9543,0,0,0,0.0,0.0,0.0,1
Urban,9544,0,0,0,0.0,0.0,0.0,1
Urban,9545,0,0,0,0.0,0.0,0.0,1
Urban,9546,0,0,0,0.0,0.0,0.0,1
Urban,9547,0,0,0,0.0,0.0,0.0,1
Urban,9548,0,0,0,0.0,0.0,0.0,1
Urban,9549,0,0,0,0.0,0.0,0.0,1
Urban,9550,0,0,0,0.0,0.0,0.0,1
Urban,9551,0,0,0,0.0,0.0,0.0,1
Urban,9552,0,0,0,0.0,0.0,0.0,1
Urban,9553,0,0,0,0.0,0.0,0.0,1
Urban,9554,0,0,0,0.0,0.0,0.0,1
Urban,9555,0,0,0,0.0,0.0,0.0,1
Urban,9556,0,0,0,0.0,0.0,0.0,1
Urban,9557,0,0,0,0.0,0.0,0.0,1
Urban,9558,0,0,0,0.0,0.0,0.0,1
Urban,9559,0,0,0,0.0,0.0,0.0,1
Urban,9560,0,0,0,0.0,0.0,0.0,1
Urban,9561,0,0,0,0.0,0.0,0.0,1
Urban,9562,0,0,0,0.0,0.0,0.0,1
Urban,9563,0,0,0,0.0,0.0,0.0,1
Urban,9564,0,0,0,0.0,0.0,0.0,1
Urban,9565,0,0,0,0.0,0.0,0.0,1
Urban,9566,0,0,0,0.0,0.0,0.0,1
Urban,9567,0,0,0,0.0,0.0,0.0,1
Urban,9568,0,0,0,0.0,0.0,0.0,1
Urban,9569,0,0,0,0.0,0.0,0.0,1
Urban,9570,0,0,0,0.0,0.0,0.0,1
Urban,9571,0,0,0,0.0,0.0,0.0,1
Urban,9572,0,0,0,0.0,0.0,0.0,1
Urban,9573,0,0,0,0.0,0.0,0.0,1
Urban,9574,0,0,0,0.0,0.0,0.0,1
Urban,9575,0,0,0,0.0,0.0,0.0,1
Urban,9576,0,0,0,0.0,0.0,0.0,1
Urban,9577,0,0,0,0.0,0.0,0.0,1
Urban,9578,0,0,0,0.0,0.0,0.0,1
Urban,9579,0,0,0,0.0,0.0,0.0,1
Urban,9580,0,0,0,0.0,0.0,0.0,1
Urban,9581,0,0,0,0.0,0.0,0.0,1
Urban,9582,0,0,0,0.0,0.0,0.0,1
Urban,9583,0,0,0,0.0,0.0,0.0,1
Urban,9584,0,0,0,0.0,0.0,0.0,1
Urban,9585,0,0,0,0.0,0.0,0.0,1
Urban,9586,0,0,0,0.0,0.0,0.0,1
Urban,9587,0,0,0,0.0,0.0,0.0,1
Urban,9588,0,0,0,0.0,0.0,0.0,1
Urban,9589,0,0,0,0.0,0.0,0.0,1
Urban,9590,0,0,0,0.0,0.0,0.0,1
Urban,9591,0,0,0,0.0,0.0,0.0,1
Urban,9592,0,0,0,0.0,0.0,0.0,1
Urban,9593,0,0,0,0.0,0.0,0.0,1
Urban,9594,0,0,0,0.0,0.0,0.0,1
Urban,9595,0,0,0,0.0,0.0,0.0,1
Urban,9596,0,0,0,0.0,0.0,0.0,1
Urban,9597,0,0,0,0.0,0.0,0.0,1
Urban,9598,0,0,0,0.0,0.0,0.0,1
Urban,9599,0,0,0,0.0,0.0,0.0,1
Urban,9600,0,0,0,0.0,0.0,0.0,1
Urban,9601,0,0,0,0.0,0.0,0.0,1
Urban,9602,0,0,0,0.0,0.0,0.0,1
Urban,9603,0,0,0,0.0,0.0,0.0,1
Urban,9604,0,0,0,0.0,0.0,0.0,1
Urban,9605,0,0,0,0.0,0.0,0.0,1
Urban,9606,0,0,0,0.0,0.0,0.0,1
Urban,9607,0,0,0,0.0,0.0,0.0,1
Urban,9608,0,0,0,0.0,0.0,0.0,1
Urban,9609,0,0,0,0.0,0.0,0.0,1
Urban,9610,0,0,0,0.0,0.0,0.0,1
Urban,9611,0,0,0,0.0,0.0,0.0,1
Urban,9612,0,0,0,0.0,0.0,0.0,1
Urban,9613,0,0,0,0.0,0.0,0.0,1
Urban,9614,0,0,0,0.0,0.0,0.0,1
Urban,9615,0,0,0,0.0,0.0,0.0,1
Urban,9616,0,0,0,0.0,0.0,0.0,1
Urban,9617,0,0,0,0.0,0.0,0.0,1
Urban,9618,0,0,0,0.0,0.0,0.0,1
Urban,9619,0,0,0,0.0,0.0,0.0,1
Urban,9620,0,0,0,0.0,0.0,0.0,1
Urban,9621,0,0,0,0.0,0.0,0.0,1
Urban,9622,0,0,0,0.0,0.0,0.0,1
Urban,9623,0,0,0,0.0,0.0,0.0,1
Urban,9624,0,0,0,0.0,0.0,0.0,1
Urban,9625,0,0,0,0.0,0.0,0.0,1
Urban,9626,0,0,0,0.0,0.0,0.0,1
Urban,9627,0,0,0,0.0,0.0,0.0,1
Urban,9628,0,0,0,0.0,0.0,0.0,1
Urban,9629,0,0,0,0.0,0.0,0.0,1
Urban,9630,0,0,0,0.0,0.0,0.0,1
Urban,9631,0,0,0,0.0,0.0,0.0,1
Urban,9632,0,0,0,0.0,0.0,0.0,1
Urban,9633,0,0,0,0.0,0.0,0.0,1
Urban,9634,0,0,0,0.0,0.0,0.0,1
Urban,9635,0,0,0,0.0,0.0,0.0,1
Urban,9636,0,0,0,0.0,0.0,0.0,1
Urban,9637,0,0,0,0.0,0.0,0.0,1
Urban,9638,0,0,0,0.0,0.0,0.0,1
Urban,9639,0,0,0,0.0,0.0,0.0,1
Urban,9640,0,0,0,0.0,0.0,0.0,1
Urban,9641,0,0,0,0.0,0.0,0.0,1
Urban,9642,0,0,0,0.0,0.0,0.0,1
Urban,9643,0,0,0,0.0,0.0,0.0,1
Urban,9644,0,0,0,0.0,0.0,0.0,1
Urban,9645,0,0,0,0.0,0.0,0.0,1
Urban,9646,0,0,0,0.0,0.0,0.0,1
Urban,9647,0,0,0,0.0,0.0,0.0,1
Urban,9648,0,0,0,0.0,0.0,0.0,1
Urban,9649,0,0,0,0.0,0.0,0.0,1
Urban,9650,0,0,0,0.0,0.0,0.0,1
Urban,9651,0,0,0,0.0,0.0,0.0,1
Urban,9652,0,0,0,0.0,0.0,0.0,1
Urban,9653,0,0,0,0.0,0.0,0.0,1
Urban,9654,0,0,0,0.0,0.0,0.0,1
Urban,9655,0,0,0,0.0,0.0,0.0,1
Urban,9656,0,0,0,0.0,0.0,0.0,1
Urban,9657,0,0,0,0.0,0.0,0.0,1
Urban,9658,0,0,0,0.0,0.0,0.0,1
Urban,9659,0,0,0,0.0,0.0,0.0,1
Urban,9660,0,0,0,0.0,0.0,0.0,1
Urban,9661,0,0,0,0.0,0.0,0.0,1
Urban,9662,0,0,0,0.0,0.0,0.0,1
Urban,9663,0,0,0,0.0,0.0,0.0,1
Urban,9664,0,0,0,0.0,0.0,0.0,1
Urban,9665,0,0,0,0.0,0.0,0.0,1
Urban,9666,0,0,0,0.0,0.0,0.0,1
Urban,9667,0,0,0,0.0,0.0,0.0,1
Urban,9668,0,0,0,0.0,0.0,0.0,1
Urban,9669,0,0,0,0.0,0.0,0.0,1
Urban,9670,0,0,0,0.0,0.0,0.0,1
Urban,9671,0,0,0,0.0,0.0,0.0,1
Urban,9672,0,0,0,0.0,0.0,0.0,1
Urban,9673,0,0,0,0.0,0.0,0.0,1
Urban,9674,0,0,0,0.0,0.0,0.0,1
Urban,9675,0,0,0,0.0,0.0,0.0,1
Urban,9676,0,0,0,0.0,0.0,0.0,1
Urban,9677,0,0,0,0.0,0.0,0.0,1
Urban,9678,0,0,0,0.0,0.0,0.0,1
Urban,9679,0,0,0,0.0,0.0,0.0,1
Urban,9680,0,0,0,0.0,0.0,0.0,1
Urban,9681,0,0,0,0.0,0.0,0.0,1
Urban,9682,0,0,0,0.0,0.0,0.0,1
Urban,9683,0,0,0,0.0,0.0,0.0,1
Urban,9684,0,0,0,0.0,0.0,0.0,1
Urban,9685,0,0,0,0.0,0.0,0.0,1
Urban,9686,0,0,0,0.0,0.0,0.0,1
Urban,9687,0,0,0,0.0,0.0,0.0,1
Urban,9688,0,0,0,0.0,0.0,0.0,1
Urban,9689,0,0,0,0.0,0.0,0.0,1
Urban,9690,0,0,0,0.0,0.0,0.0,1
Urban,9691,0,0,0,0.0,0.0,0.0,1
Urban,9692,0,0,0,0.0,0.0,0.0,1
Urban,9693,0,0,0,0.0,0.0,0.0,1
Urban,9694,0,0,0,0.0,0.0,0.0,1
Urban,9695,0,0,0,0.0,0.0,0.0,1
Urban,9696,0,0,0,0.0,0.0,0.0,1
Urban,9697,0,0,0,0.0,0.0,0.0,1
Urban,9698,0,0,0,0.0,0.0,0.0,1
Urban,9699,0,0,0,0.0,0.0,0.0,1
Urban,9700,0,0,0,0.0,0.0,0.0,1
Urban,9701,0,0,0,0.0,0.0,0.0,1
Urban,9702,0,0,0,0.0,0.0,0.0,1
Urban,9703,0,0,0,0.0,0.0,0.0,1
Urban,9704,0,0,0,0.0,0.0,0.0,1
Urban,9705,0,0,0,0.0,0.0,0.0,1
Urban,9706,0,0,0,0.0,0.0,0.0,1
Urban,9707,0,0,0,0.0,0.0,0.0,1
Urban,9708,0,0,0,0.0,0.0,0.0,1
Urban,9709,0,0,0,0.0,0.0,0.0,1
Urban,9710,0,0,0,0.0,0.0,0.0,1
Urban,9711,0,0,0,0.0,0.0,0.0,1
Urban,9712,0,0,0,0.0,0.0,0.0,1
Urban,9713,0,0,0,0.0,0.0,0.0,1
Urban,9714,0,0,0,0.0,0.0,0.0,1
Urban,9715,0,0,0,0.0,0.0,0.0,1
Urban,9716,0,0,0,0.0,0.0,0.0,1
Urban,9717,0,0,0,0.0,0.0,0.0,1
Urban,9718,0,0,0,0.0,0.0,0.0,1
Urban,9719,0,0,0,0.0,0.0,0.0,1
Urban,9720,0,0,0,0.0,0.0,0.0,1
Urban,9721,0,0,0,0.0,0.0,0.0,1
Urban,9722,0,0,0,0.0,0.0,0.0,1
Urban,9723,0,0,0,0.0,0.0,0.0,1
Urban,9724,0,0,0,0.0,0.0,0.0,1
Urban,9725,0,0,0,0.0,0.0,0.0,1
Urban,9726,0,0,0,0.0,0.0,0.0,1
Urban,9727,0,0,0,0.0,0.0,0.0,1
Urban,9728,0,0,0,0.0,0.0,0.0,1
Urban,9729,0,0,0,0.0,0.0,0.0,1
Urban,9730,0,0,0,0.0,0.0,0.0,1
Urban,9731,0,0,0,0.0,0.0,0.0,1
Urban,9732,0,0,0,0.0,0.0,0.0,1
Urban,9733,0,0,0,0.0,0.0,0.0,1
Urban,9734,0,0,0,0.0,0.0,0.0,1
Urban,9735,0,0,0,0.0,0.0,0.0,1
Urban,9736,0,0,0,0.0,0.0,0.0,1
Urban,9737,0,0,0,0.0,0.0,0.0,1
Urban,9738,0,0,0,0.0,0.0,0.0,1
Urban,9739,0,0,0,0.0,0.0,0.0,1
Urban,9740,0,0,0,0.0,0.0,0.0,1
Urban,9741,0,0,0,0.0,0.0,0.0,1
Urban,9742,0,0,0,0.0,0.0,0.0,1
Urban,9743,0,0,0,0.0,0.0,0.0,1
Urban,9744,0,0,0,0.0,0.0,0.0,1
Urban,9745,0,0,0,0.0,0.0,0.0,1
Urban,9746,0,0,0,0.0,0.0,0.0,1
Urban,9747,0,0,0,0.0,0.0,0.0,1
Urban,9748,0,0,0,0.0,0.0,0.0,1
Urban,9749,0,0,0,0.0,0.0,0.0,1
Urban,9750,0,0,0,0.0,0.0,0.0,1
Urban,9751,0,0,0,0.0,0.0,0.0,1
Urban,9752,0,0,0,0.0,0.0,0.0,1
Urban,9753,0,0,0,0.0,0.0,0.0,1
Urban,9754,0,0,0,0.0,0.0,0.0,1
Urban,9755,0,0,0,0.0,0.0,0.0,1
Urban,9756,0,0,0,0.0,0.0,0.0,1
Urban,9757,0,0,0,0.0,0.0,0.0,1
Urban,9758,0,0,0,0.0,0.0,0.0,1
Urban,9759,0,0,0,0.0,0.0,0.0,1
Urban,9760,0,0,0,0.0,0.0,0.0,1
Urban,9761,0,0,0,0.0,0.0,0.0,1
Urban,9762,0,0,0,0.0,0.0,0.0,1
Urban,9763,0,0,0,0.0,0.0,0.0,1
Urban,9764,0,0,0,0.0,0.0,0.0,1
Urban,9765,0,0,0,0.0,0.0,0.0,1
Urban,9766,0,0,0,0.0,0.0,0.0,1
Urban,9767,0,0,0,0.0,0.0,0.0,1
Urban,9768,0,0,0,0.0,0.0,0.0,1
Urban,9769,0,0,0,0.0,0.0,0.0,1
Urban,9770,0,0,0,0.0,0.0,0.0,1
Urban,9771,0,0,0,0.0,0.0,0.0,1
Urban,9772,0,0,0,0.0,0.0,0.0,1
Urban,9773,0,0,0,0.0,0.0,0.0,1
Urban,9774,0,0,0,0.0,0.0,0.0,1
Urban,9775,0,0,0,0.0,0.0,0.0,1
Urban,9776,0,0,0,0.0,0.0,0.0,1
Urban,9777,0,0,0,0.0,0.0,0.0,1
Urban,9778,0,0,0,0.0,0.0,0.0,1
Urban,9779,0,0,0,0.0,0.0,0.0,1
Urban,9780,0,0,0,0.0,0.0,0.0,1
Urban,9781,0,0,0,0.0,0.0,0.0,1
Urban,9782,0,0,0,0.0,0.0,0.0,1
Urban,9783,0,0,0,0.0,0.0,0.0,1
Urban,9784,0,0,0,0.0,0.0,0.0,1
Urban,9785,0,0,0,0.0,0.0,0.0,1
Urban,9786,0,0,0,0.0,0.0,0.0,1
Urban,9787,0,0,0,0.0,0.0,0.0,1
Urban,9788,0,0,0,0.0,0.0,0.0,1
Urban,9789,0,0,0,0.0,0.0,0.0,1
Urban,9790,0,0,0,0.0,0.0,0.0,1
Urban,9791,0,0,0,0.0,0.0,0.0,1
Urban,9792,0,0,0,0.0,0.0,0.0,1
Urban,9793,0,0,0,0.0,0.0,0.0,1
Urban,9794,0,0,0,0.0,0.0,0.0,1
Urban,9795,0,0,0,0.0,0.0,0.0,1
Urban,9796,0,0,0,0.0,0.0,0.0,1
Urban,9797,0,0,0,0.0,0.0,0.0,1
Urban,9798,0,0,0,0.0,0.0,0.0,1
Urban,9799,0,0,0,0.0,0.0,0.0,1
Urban,9800,0,0,0,0.0,0.0,0.0,1
Urban,9801,0,0,0,0.0,0.0,0.0,1
Urban,9802,0,0,0,0.0,0.0,0.0,1
Urban,9803,0,0,0,0.0,0.0,0.0,1
Urban,9804,0,0,0,0.0,0.0,0.0,1
Urban,9805,0,0,0,0.0,0.0,0.0,1
Urban,9806,0,0,0,0.0,0.0,0.0,1
Urban,9807,0,0,0,0.0,0.0,0.0,1
Urban,9808,0,0,0,0.0,0.0,0.0,1
Urban,9809,0,0,0,0.0,0.0,0.0,1
Urban,9810,0,0,0,0.0,0.0,0.0,1
Urban,9811,0,0,0,0.0,0.0,0.0,1
Urban,9812,0,0,0,0.0,0.0,0.0,1
Urban,9813,0,0,0,0.0,0.0,0.0,1
Urban,9814,0,0,0,0.0,0.0,0.0,1
Urban,9815,0,0,0,0.0,0.0,0.0,1
Urban,9816,0,0,0,0.0,0.0,0.0,1
Urban,9817,0,0,0,0.0,0.0,0.0,1
Urban,9818,0,0,0,0.0,0.0,0.0,1
Urban,9819,0,0,0,0.0,0.0,0.0,1
Urban,9820,0,0,0,0.0,0.0,0.0,1
Urban,9821,0,0,0,0.0,0.0,0.0,1
Urban,9822,0,0,0,0.0,0.0,0.0,1
Urban,9823,0,0,0,0.0,0.0,0.0,1
Urban,9824,0,0,0,0.0,0.0,0.0,1
Urban,9825,0,0,0,0.0,0.0,0.0,1
Urban,9826,0,0,0,0.0,0.0,0.0,1
Urban,9827,0,0,0,0.0,0.0,0.0,1
Urban,9828,0,0,0,0.0,0.0,0.0,1
Urban,9829,0,0,0,0.0,0.0,0.0,1
Urban,9830,0,0,0,0.0,0.0,0.0,1
Urban,9831,0,0,0,0.0,0.0,0.0,1
Urban,9832,0,0,0,0.0,0.0,0.0,1
Urban,9833,0,0,0,0.0,0.0,0.0,1
Urban,9834,0,0,0,0.0,0.0,0.0,1
Urban,9835,0,0,0,0.0,0.0,0.0,1
Urban,9836,0,0,0,0.0,0.0,0.0,1
Urban,9837,0,0,0,0.0,0.0,0.0,1
Urban,9838,0,0,0,0.0,0.0,0.0,1
Urban,9839,0,0,0,0.0,0.0,0.0,1
Urban,9840,0,0,0,0.0,0.0,0.0,1
Urban,9841,0,0,0,0.0,0.0,0.0,1
Urban,9842,0,0,0,0.0,0.0,0.0,1
Urban,9843,0,0,0,0.0,0.0,0.0,1
Urban,9844,0,0,0,0.0,0.0,0.0,1
Urban,9845,0,0,0,0.0,0.0,0.0,1
Urban,9846,0,0,0,0.0,0.0,0.0,1
Urban,9847,0,0,0,0.0,0.0,0.0,1
Urban,9848,0,0,0,0.0,0.0,0.0,1
Urban,9849,0,0,0,0.0,0.0,0.0,1
Urban,9850,0,0,0,0.0,0.0,0.0,1
Urban,9851,0,0,0,0.0,0.0,0.0,1
Urban,9852,0,0,0,0.0,0.0,0.0,1
Urban,9853,0,0,0,0.0,0.0,0.0,1
Urban,9854,0,0,0,0.0,0.0,0.0,1
Urban,9855,0,0,0,0.0,0.0,0.0,1
Urban,9856,0,0,0,0.0,0.0,0.0,1
Urban,9857,0,0,0,0.0,0.0,0.0,1
Urban,9858,0,0,0,0.0,0.0,0.0,1
Urban,9859,0,0,0,0.0,0.0,0.0,1
Urban,9860,0,0,0,0.0,0.0,0.0,1
Urban,9861,0,0,0,0.0,0.0,0.0,1
Urban,9862,0,0,0,0.0,0.0,0.0,1
Urban,9863,0,0,0,0.0,0.0,0.0,1
Urban,9864,0,0,0,0.0,0.0,0.0,1
Urban,9865,0,0,0,0.0,0.0,0.0,1
Urban,9866,0,0,0,0.0,0.0,0.0,1
Urban,9867,0,0,0,0.0,0.0,0.0,1
Urban,9868,0,0,0,0.0,0.0,0.0,1
Urban,9869,0,0,0,0.0,0.0,0.0,1
Urban,9870,0,0,0,0.0,0.0,0.0,1
Urban,9871,0,0,0,0.0,0.0,0.0,1
Urban,9872,0,0,0,0.0,0.0,0.0,1
Urban,9873,0,0,0,0.0,0.0,0.0,1
Urban,9874,0,0,0,0.0,0.0,0.0,1
Urban,9875,0,0,0,0.0,0.0,0.0,1
Urban,9876,0,0,0,0.0,0.0,0.0,1
Urban,9877,0,0,0,0.0,0.0,0.0,1
Urban,9878,0,0,0,0.0,0.0,0.0,1
Urban,9879,0,0,0,0.0,0.0,0.0,1
Urban,9880,0,0,0,0.0,0.0,0.0,1
Urban,9881,0,0,0,0.0,0.0,0.0,1
Urban,9882,0,0,0,0.0,0.0,0.0,1
Urban,9883,0,0,0,0.0,0.0,0.0,1
Urban,9884,0,0,0,0.0,0.0,0.0,1
Urban,9885,0,0,0,0.0,0.0,0.0,1
Urban,9886,0,0,0,0.0,0.0,0.0,1
Urban,9887,0,0,0,0.0,0.0,0.0,1
Urban,9888,0,0,0,0.0,0.0,0.0,1
Urban,9889,0,0,0,0.0,0.0,0.0,1
Urban,9890,0,0,0,0.0,0.0,0.0,1
Urban,9891,0,0,0,0.0,0.0,0.0,1
Urban,9892,0,0,0,0.0,0.0,0.0,1
Urban,9893,0,0,0,0.0,0.0,0.0,1
Urban,9894,0,0,0,0.0,0.0,0.0,1
Urban,9895,0,0,0,0.0,0.0,0.0,1
Urban,9896,0,0,0,0.0,0.0,0.0,1
Urban,9897,0,0,0,0.0,0.0,0.0,1
Urban,9898,0,0,0,0.0,0.0,0.0,1
Urban,9899,0,0,0,0.0,0.0,0.0,1
Urban,9900,0,0,0,0.0,0.0,0.0,1
Urban,9901,0,0,0,0.0,0.0,0.0,1
Urban,9902,0,0,0,0.0,0.0,0.0,1
Urban,9903,0,0,0,0.0,0.0,0.0,1
Urban,9904,0,0,0,0.0,0.0,0.0,1
Urban,9905,0,0,0,0.0,0.0,0.0,1
Urban,9906,0,0,0,0.0,0.0,0.0,1
Urban,9907,0,0,0,0.0,0.0,0.0,1
Urban,9908,0,0,0,0.0,0.0,0.0,1
Urban,9909,0,0,0,0.0,0.0,0.0,1
Urban,9910,0,0,0,0.0,0.0,0.0,1
Urban,9911,0,0,0,0.0,0.0,0.0,1
Urban,9912,0,0,0,0.0,0.0,0.0,1
Urban,9913,0,0,0,0.0,0.0,0.0,1
Urban,9914,0,0,0,0.0,0.0,0.0,1
Urban,9915,0,0,0,0.0,0.0,0.0,1
Urban,9916,0,0,0,0.0,0.0,0.0,1
Urban,9917,0,0,0,0.0,0.0,0.0,1
Urban,9918,0,0,0,0.0,0.0,0.0,1
Urban,9919,0,0,0,0.0,0.0,0.0,1
Urban,9920,0,0,0,0.0,0.0,0.0,1
Urban,9921,0,0,0,0.0,0.0,0.0,1
Urban,9922,0,0,0,0.0,0.0,0.0,1
Urban,9923,0,0,0,0.0,0.0,0.0,1
Urban,9924,0,0,0,0.0,0.0,0.0,1
Urban,9925,0,0,0,0.0,0.0,0.0,1
Urban,9926,0,0,0,0.0,0.0,0.0,1
Urban,9927,0,0,0,0.0,0.0,0.0,1
Urban,9928,0,0,0,0.0,0.0,0.0,1
Urban,9929,0,0,0,0.0,0.0,0.0,1
Urban,9930,0,0,0,0.0,0.0,0.0,1
Urban,9931,0,0,0,0.0,0.0,0.0,1
Urban,9932,0,0,0,0.0,0.0,0.0,1
Urban,9933,0,0,0,0.0,0.0,0.0,1
Urban,9934,0,0,0,0.0,0.0,0.0,1
Urban,9935,0,0,0,0.0,0.0,0.0,1
Urban,9936,0,0,0,0.0,0.0,0.0,1
Urban,9937,0,0,0,0.0,0.0,0.0,1
Urban,9938,0,0,0,0.0,0.0,0.0,1
Urban,9939,0,0,0,0.0,0.0,0.0,1
Urban,9940,0,0,0,0.0,0.0,0.0,1
Urban,9941,0,0,0,0.0,0.0,0.0,1
Urban,9942,0,0,0,0.0,0.0,0.0,1
Urban,9943,0,0,0,0.0,0.0,0.0,1
Urban,9944,0,0,0,0.0,0.0,0.0,1
Urban,9945,0,0,0,0.0,0.0,0.0,1
Urban,9946,0,0,0,0.0,0.0,0.0,1
Urban,9947,0,0,0,0.0,0.0,0.0,1
Urban,9948,0,0,0,0.0,0.0,0.0,1
Urban,9949,0,0,0,0.0,0.0,0.0,1
Urban,9950,0,0,0,0.0,0.0,0.0,1
Urban,9951,0,0,0,0.0,0.0,0.0,1
Urban,9952,0,0,0,0.0,0.0,0.0,1
Urban,9953,0,0,0,0.0,0.0,0.0,1
Urban,9954,0,0,0,0.0,0.0,0.0,1
Urban,9955,0,0,0,0.0,0.0,0.0,1
Urban,9956,0,0,0,0.0,0.0,0.0,1
Urban,9957,0,0,0,0.0,0.0,0.0,1
Urban,9958,0,0,0,0.0,0.0,0.0,1
Urban,9959,0,0,0,0.0,0.0,0.0,1
Urban,9960,0,0,0,0.0,0.0,0.0,1
Urban,9961,0,0,0,0.0,0.0,0.0,1
Urban,9962,0,0,0,0.0,0.0,0.0,1
Urban,9963,0,0,0,0.0,0.0,0.0,1
Urban,9964,0,0,0,0.0,0.0,0.0,1
Urban,9965,0,0,0,0.0,0.0,0.0,1
Urban,9966,0,0,0,0.0,0.0,0.0,1
Urban,9967,0,0,0,0.0,0.0,0.0,1
Urban,9968,0,0,0,0.0,0.0,0.0,1
Urban,9969,0,0,0,0.0,0.0,0.0,1
Urban,9970,0,0,0,0.0,0.0,0.0,1
Urban,9971,0,0,0,0.0,0.0,0.0,1
Urban,9972,0,0,0,0.0,0.0,0.0,1
Urban,9973,0,0,0,0.0,0.0,0.0,1
Urban,9974,0,0,0,0.0,0.0,0.0,1
Urban,9975,0,0,0,0.0,0.0,0.0,1
Urban,9976,0,0,0,0.0,0.0,0.0,1
Urban,9977,0,0,0,0.0,0.0,0.0,1
Urban,9978,0,0,0,0.0,0.0,0.0,1
Urban,9979,0,0,0,0.0,0.0,0.0,1
Urban,9980,0,0,0,0.0,0.0,0.0,1
Urban,9981,0,0,0,0.0,0.0,0.0,1
Urban,9982,0,0,0,0.0,0.0,0.0,1
Urban,9983,0,0,0,0.0,0.0,0.0,1
Urban,9984,0,0,0,0.0,0.0,0.0,1
Urban,9985,0,0,0,0.0,0.0,0.0,1
Urban,9986,0,0,0,0.0,0.0,0.0,1
Urban,9987,0,0,0,0.0,0.0,0.0,1
Urban,9988,0,0,0,0.0,0.0,0.0,1
Urban,9989,0,0,0,0.0,0.0,0.0,1
Urban,9990,0,0,0,0.0,0.0,0.0,1
Urban,9991,0,0,0,0.0,0.0,0.0,1
Urban,9992,0,0,0,0.0,0.0,0.0,1
Urban,9993,0,0,0,0.0,0.0,0.0,1
Urban,9994,0,0,0,0.0,0.0,0.0,1
Urban,9995,0,0,0,0.0,0.0,0.0,1
Urban,9996,0,0,0,0.0,0.0,0.0,1
Urban,9997,0,0,0,0.0,0.0,0.0,1
Urban,9998,0,0,0,0.0,0.0,0.0,1
Urban,9999,0,0,0,0.0,0.0,0.0,1
Urban,10000,0,0,0,0.0,0.0,0.0,1
Urban,10001,0,0,0,0.0,0.0,0.0,1
Urban,10002,0,0,0,0.0,0.0,0.0,1
Urban,10003,0,0,0,0.0,0.0,0.0,1
Urban,10004,0,0,0,0.0,0.0,0.0,1
Urban,10005,0,0,0,0.0,0.0,0.0,1
Urban,10006,0,0,0,0.0,0.0,0.0,1
Urban,10007,0,0,0,0.0,0.0,0.0,1
Urban,10008,0,0,0,0.0,0.0,0.0,1
Urban,10009,0,0,0,0.0,0.0,0.0,1
Urban,10010,0,0,0,0.0,0.0,0.0,1
Urban,10011,0,0,0,0.0,0.0,0.0,1
Urban,10012,0,0,0,0.0,0.0,0.0,1
Urban,10013,0,0,0,0.0,0.0,0.0,1
Urban,10014,0,0,0,0.0,0.0,0.0,1
Urban,10015,0,0,0,0.0,0.0,0.0,1
Urban,10016,0,0,0,0.0,0.0,0.0,1
Urban,10017,0,0,0,0.0,0.0,0.0,1
Urban,10018,0,0,0,0.0,0.0,0.0,1
Urban,10019,0,0,0,0.0,0.0,0.0,1
Urban,10020,0,0,0,0.0,0.0,0.0,1
Urban,10021,0,0,0,0.0,0.0,0.0,1
Urban,10022,0,0,0,0.0,0.0,0.0,1
Urban,10023,0,0,0,0.0,0.0,0.0,1
Urban,10024,0,0,0,0.0,0.0,0.0,1
Urban,10025,0,0,0,0.0,0.0,0.0,1
Urban,10026,0,0,0,0.0,0.0,0.0,1
Urban,10027,0,0,0,0.0,0.0,0.0,1
Urban,10028,0,0,0,0.0,0.0,0.0,1
Urban,10029,0,0,0,0.0,0.0,0.0,1
Urban,10030,0,0,0,0.0,0.0,0.0,1
Urban,10031,0,0,0,0.0,0.0,0.0,1
Urban,10032,0,0,0,0.0,0.0,0.0,1
Urban,10033,0,0,0,0.0,0.0,0.0,1
Urban,10034,0,0,0,0.0,0.0,0.0,1
Urban,10035,0,0,0,0.0,0.0,0.0,1
Urban,10036,0,0,0,0.0,0.0,0.0,1
Urban,10037,0,0,0,0.0,0.0,0.0,1
Urban,10038,0,0,0,0.0,0.0,0.0,1
Urban,10039,0,0,0,0.0,0.0,0.0,1
Urban,10040,0,0,0,0.0,0.0,0.0,1
Urban,10041,0,0,0,0.0,0.0,0.0,1
Urban,10042,0,0,0,0.0,0.0,0.0,1
Urban,10043,0,0,0,0.0,0.0,0.0,1
Urban,10044,0,0,0,0.0,0.0,0.0,1
Urban,10045,0,0,0,0.0,0.0,0.0,1
Urban,10046,0,0,0,0.0,0.0,0.0,1
Urban,10047,0,0,0,0.0,0.0,0.0,1
Urban,10048,0,0,0,0.0,0.0,0.0,1
Urban,10049,0,0,0,0.0,0.0,0.0,1
Urban,10050,0,0,0,0.0,0.0,0.0,1
Urban,10051,0,0,0,0.0,0.0,0.0,1
Urban,10052,0,0,0,0.0,0.0,0.0,1
Urban,10053,0,0,0,0.0,0.0,0.0,1
Urban,10054,0,0,0,0.0,0.0,0.0,1
Urban,10055,0,0,0,0.0,0.0,0.0,1
Urban,10056,0,0,0,0.0,0.0,0.0,1
Urban,10057,0,0,0,0.0,0.0,0.0,1
Urban,10058,0,0,0,0.0,0.0,0.0,1
Urban,10059,0,0,0,0.0,0.0,0.0,1
Urban,10060,0,0,0,0.0,0.0,0.0,1
Urban,10061,0,0,0,0.0,0.0,0.0,1
Urban,10062,0,0,0,0.0,0.0,0.0,1
Urban,10063,0,0,0,0.0,0.0,0.0,1
Urban,10064,0,0,0,0.0,0.0,0.0,1
Urban,10065,0,0,0,0.0,0.0,0.0,1
Urban,10066,0,0,0,0.0,0.0,0.0,1
Urban,10067,0,0,0,0.0,0.0,0.0,1
Urban,10068,0,0,0,0.0,0.0,0.0,1
Urban,10069,0,0,0,0.0,0.0,0.0,1
Urban,10070,0,0,0,0.0,0.0,0.0,1
Urban,10071,0,0,0,0.0,0.0,0.0,1
Urban,10072,0,0,0,0.0,0.0,0.0,1
Urban,10073,0,0,0,0.0,0.0,0.0,1
Urban,10074,0,0,0,0.0,0.0,0.0,1
Urban,10075,0,0,0,0.0,0.0,0.0,1
Urban,10076,0,0,0,0.0,0.0,0.0,1
Urban,10077,0,0,0,0.0,0.0,0.0,1
Urban,10078,0,0,0,0.0,0.0,0.0,1
Urban,10079,0,0,0,0.0,0.0,0.0,1
Urban,10080,0,0,0,0.0,0.0,0.0,1
Urban,10081,0,0,0,0.0,0.0,0.0,1
Urban,10082,0,0,0,0.0,0.0,0.0,1
Urban,10083,0,0,0,0.0,0.0,0.0,1
Urban,10084,0,0,0,0.0,0.0,0.0,1
Urban,10085,0,0,0,0.0,0.0,0.0,1
Urban,10086,0,0,0,0.0,0.0,0.0,1
Urban,10087,0,0,0,0.0,0.0,0.0,1
Urban,10088,0,0,0,0.0,0.0,0.0,1
Urban,10089,0,0,0,0.0,0.0,0.0,1
Urban,10090,0,0,0,0.0,0.0,0.0,1
Urban,10091,0,0,0,0.0,0.0,0.0,1
Urban,10092,0,0,0,0.0,0.0,0.0,1
Urban,10093,0,0,0,0.0,0.0,0.0,1
Urban,10094,0,0,0,0.0,0.0,0.0,1
Urban,10095,0,0,0,0.0,0.0,0.0,1
Urban,10096,0,0,0,0.0,0.0,0.0,1
Urban,10097,0,0,0,0.0,0.0,0.0,1
Urban,10098,0,0,0,0.0,0.0,0.0,1
Urban,10099,0,0,0,0.0,0.0,0.0,1
Urban,10100,0,0,0,0.0,0.0,0.0,1
Urban,10101,0,0,0,0.0,0.0,0.0,1
Urban,10102,0,0,0,0.0,0.0,0.0,1
Urban,10103,0,0,0,0.0,0.0,0.0,1
Urban,10104,0,0,0,0.0,0.0,0.0,1
Urban,10105,0,0,0,0.0,0.0,0.0,1
Urban,10106,0,0,0,0.0,0.0,0.0,1
Urban,10107,0,0,0,0.0,0.0,0.0,1
Urban,10108,0,0,0,0.0,0.0,0.0,1
Urban,10109,0,0,0,0.0,0.0,0.0,1
Urban,10110,0,0,0,0.0,0.0,0.0,1
Urban,10111,0,0,0,0.0,0.0,0.0,1
Urban,10112,0,0,0,0.0,0.0,0.0,1
Urban,10113,0,0,0,0.0,0.0,0.0,1
Urban,10114,0,0,0,0.0,0.0,0.0,1
Urban,10115,0,0,0,0.0,0.0,0.0,1
Urban,10116,0,0,0,0.0,0.0,0.0,1
Urban,10117,0,0,0,0.0,0.0,0.0,1
Urban,10118,0,0,0,0.0,0.0,0.0,1
Urban,10119,0,0,0,0.0,0.0,0.0,1
Urban,10120,0,0,0,0.0,0.0,0.0,1
Urban,10121,0,0,0,0.0,0.0,0.0,1
Urban,10122,0,0,0,0.0,0.0,0.0,1
Urban,10123,0,0,0,0.0,0.0,0.0,1
Urban,10124,0,0,0,0.0,0.0,0.0,1
Urban,10125,0,0,0,0.0,0.0,0.0,1
Urban,10126,0,0,0,0.0,0.0,0.0,1
Urban,10127,0,0,0,0.0,0.0,0.0,1
Urban,10128,0,0,0,0.0,0.0,0.0,1
Urban,10129,0,0,0,0.0,0.0,0.0,1
Urban,10130,0,0,0,0.0,0.0,0.0,1
Urban,10131,0,0,0,0.0,0.0,0.0,1
Urban,10132,0,0,0,0.0,0.0,0.0,1
Urban,10133,0,0,0,0.0,0.0,0.0,1
Urban,10134,0,0,0,0.0,0.0,0.0,1
Urban,10135,0,0,0,0.0,0.0,0.0,1
Urban,10136,0,0,0,0.0,0.0,0.0,1
Urban,10137,0,0,0,0.0,0.0,0.0,1
Urban,10138,0,0,0,0.0,0.0,0.0,1
Urban,10139,0,0,0,0.0,0.0,0.0,1
Urban,10140,0,0,0,0.0,0.0,0.0,1
Urban,10141,0,0,0,0.0,0.0,0.0,1
Urban,10142,0,0,0,0.0,0.0,0.0,1
Urban,10143,0,0,0,0.0,0.0,0.0,1
Urban,10144,0,0,0,0.0,0.0,0.0,1
Urban,10145,0,0,0,0.0,0.0,0.0,1
Urban,10146,0,0,0,0.0,0.0,0.0,1
Urban,10147,0,0,0,0.0,0.0,0.0,1
Urban,10148,0,0,0,0.0,0.0,0.0,1
Urban,10149,0,0,0,0.0,0.0,0.0,1
Urban,10150,0,0,0,0.0,0.0,0.0,1
Urban,10151,0,0,0,0.0,0.0,0.0,1
Urban,10152,0,0,0,0.0,0.0,0.0,1
Urban,10153,0,0,0,0.0,0.0,0.0,1
Urban,10154,0,0,0,0.0,0.0,0.0,1
Urban,10155,0,0,0,0.0,0.0,0.0,1
Urban,10156,0,0,0,0.0,0.0,0.0,1
Urban,10157,0,0,0,0.0,0.0,0.0,1
Urban,10158,0,0,0,0.0,0.0,0.0,1
Urban,10159,0,0,0,0.0,0.0,0.0,1
Urban,10160,0,0,0,0.0,0.0,0.0,1
Urban,10161,0,0,0,0.0,0.0,0.0,1
Urban,10162,0,0,0,0.0,0.0,0.0,1
Urban,10163,0,0,0,0.0,0.0,0.0,1
Urban,10164,0,0,0,0.0,0.0,0.0,1
Urban,10165,0,0,0,0.0,0.0,0.0,1
Urban,10166,0,0,0,0.0,0.0,0.0,1
Urban,10167,0,0,0,0.0,0.0,0.0,1
Urban,10168,0,0,0,0.0,0.0,0.0,1
Urban,10169,0,0,0,0.0,0.0,0.0,1
Urban,10170,0,0,0,0.0,0.0,0.0,1
Urban,10171,0,0,0,0.0,0.0,0.0,1
Urban,10172,0,0,0,0.0,0.0,0.0,1
Urban,10173,0,0,0,0.0,0.0,0.0,1
Urban,10174,0,0,0,0.0,0.0,0.0,1
Urban,10175,0,0,0,0.0,0.0,0.0,1
Urban,10176,0,0,0,0.0,0.0,0.0,1
Urban,10177,0,0,0,0.0,0.0,0.0,1
Urban,10178,0,0,0,0.0,0.0,0.0,1
Urban,10179,0,0,0,0.0,0.0,0.0,1
Urban,10180,0,0,0,0.0,0.0,0.0,1
Urban,10181,0,0,0,0.0,0.0,0.0,1
Urban,10182,0,0,0,0.0,0.0,0.0,1
Urban,10183,0,0,0,0.0,0.0,0.0,1
Urban,10184,0,0,0,0.0,0.0,0.0,1
Urban,10185,0,0,0,0.0,0.0,0.0,1
Urban,10186,0,0,0,0.0,0.0,0.0,1
Urban,10187,0,0,0,0.0,0.0,0.0,1
Urban,10188,0,0,0,0.0,0.0,0.0,1
Urban,10189,0,0,0,0.0,0.0,0.0,1
Urban,10190,0,0,0,0.0,0.0,0.0,1
Urban,10191,0,0,0,0.0,0.0,0.0,1
Urban,10192,0,0,0,0.0,0.0,0.0,1
Urban,10193,0,0,0,0.0,0.0,0.0,1
Urban,10194,0,0,0,0.0,0.0,0.0,1
Urban,10195,0,0,0,0.0,0.0,0.0,1
Urban,10196,0,0,0,0.0,0.0,0.0,1
Urban,10197,0,0,0,0.0,0.0,0.0,1
Urban,10198,0,0,0,0.0,0.0,0.0,1
Urban,10199,0,0,0,0.0,0.0,0.0,1
Urban,10200,0,0,0,0.0,0.0,0.0,1
Urban,10201,0,0,0,0.0,0.0,0.0,1
Urban,10202,0,0,0,0.0,0.0,0.0,1
Urban,10203,0,0,0,0.0,0.0,0.0,1
Urban,10204,0,0,0,0.0,0.0,0.0,1
Urban,10205,0,0,0,0.0,0.0,0.0,1
Urban,10206,0,0,0,0.0,0.0,0.0,1
Urban,10207,0,0,0,0.0,0.0,0.0,1
Urban,10208,0,0,0,0.0,0.0,0.0,1
Urban,10209,0,0,0,0.0,0.0,0.0,1
Urban,10210,0,0,0,0.0,0.0,0.0,1
Urban,10211,0,0,0,0.0,0.0,0.0,1
Urban,10212,0,0,0,0.0,0.0,0.0,1
Urban,10213,0,0,0,0.0,0.0,0.0,1
Urban,10214,0,0,0,0.0,0.0,0.0,1
Urban,10215,0,0,0,0.0,0.0,0.0,1
Urban,10216,0,0,0,0.0,0.0,0.0,1
Urban,10217,0,0,0,0.0,0.0,0.0,1
Urban,10218,0,0,0,0.0,0.0,0.0,1
Urban,10219,0,0,0,0.0,0.0,0.0,1
Urban,10220,0,0,0,0.0,0.0,0.0,1
Urban,10221,0,0,0,0.0,0.0,0.0,1
Urban,10222,0,0,0,0.0,0.0,0.0,1
Urban,10223,0,0,0,0.0,0.0,0.0,1
Urban,10224,0,0,0,0.0,0.0,0.0,1
Urban,10225,0,0,0,0.0,0.0,0.0,1
Urban,10226,0,0,0,0.0,0.0,0.0,1
Urban,10227,0,0,0,0.0,0.0,0.0,1
Urban,10228,0,0,0,0.0,0.0,0.0,1
Urban,10229,0,0,0,0.0,0.0,0.0,1
Urban,10230,0,0,0,0.0,0.0,0.0,1
Urban,10231,0,0,0,0.0,0.0,0.0,1
Urban,10232,0,0,0,0.0,0.0,0.0,1
Urban,10233,0,0,0,0.0,0.0,0.0,1
Urban,10234,0,0,0,0.0,0.0,0.0,1
Urban,10235,0,0,0,0.0,0.0,0.0,1
Urban,10236,0,0,0,0.0,0.0,0.0,1
Urban,10237,0,0,0,0.0,0.0,0.0,1
Urban,10238,0,0,0,0.0,0.0,0.0,1
Urban,10239,0,0,0,0.0,0.0,0.0,1
Urban,10240,0,0,0,0.0,0.0,0.0,1
Urban,10241,0,0,0,0.0,0.0,0.0,1
Urban,10242,0,0,0,0.0,0.0,0.0,1
Urban,10243,0,0,0,0.0,0.0,0.0,1
Urban,10244,0,0,0,0.0,0.0,0.0,1
Urban,10245,0,0,0,0.0,0.0,0.0,1
Urban,10246,0,0,0,0.0,0.0,0.0,1
Urban,10247,0,0,0,0.0,0.0,0.0,1
Urban,10248,0,0,0,0.0,0.0,0.0,1
Urban,10249,0,0,0,0.0,0.0,0.0,1
Urban,10250,0,0,0,0.0,0.0,0.0,1
Urban,10251,0,0,0,0.0,0.0,0.0,1
Urban,10252,0,0,0,0.0,0.0,0.0,1
Urban,10253,0,0,0,0.0,0.0,0.0,1
Urban,10254,0,0,0,0.0,0.0,0.0,1
Urban,10255,0,0,0,0.0,0.0,0.0,1
Urban,10256,0,0,0,0.0,0.0,0.0,1
Urban,10257,0,0,0,0.0,0.0,0.0,1
Urban,10258,0,0,0,0.0,0.0,0.0,1
Urban,10259,0,0,0,0.0,0.0,0.0,1
Urban,10260,0,0,0,0.0,0.0,0.0,1
Urban,10261,0,0,0,0.0,0.0,0.0,1
Urban,10262,0,0,0,0.0,0.0,0.0,1
Urban,10263,0,0,0,0.0,0.0,0.0,1
Urban,10264,0,0,0,0.0,0.0,0.0,1
Urban,10265,0,0,0,0.0,0.0,0.0,1
Urban,10266,0,0,0,0.0,0.0,0.0,1
Urban,10267,0,0,0,0.0,0.0,0.0,1
Urban,10268,0,0,0,0.0,0.0,0.0,1
Urban,10269,0,0,0,0.0,0.0,0.0,1
Urban,10270,0,0,0,0.0,0.0,0.0,1
Urban,10271,0,0,0,0.0,0.0,0.0,1
Urban,10272,0,0,0,0.0,0.0,0.0,1
Urban,10273,0,0,0,0.0,0.0,0.0,1
Urban,10274,0,0,0,0.0,0.0,0.0,1
Urban,10275,0,0,0,0.0,0.0,0.0,1
Urban,10276,0,0,0,0.0,0.0,0.0,1
Urban,10277,0,0,0,0.0,0.0,0.0,1
Urban,10278,0,0,0,0.0,0.0,0.0,1
Urban,10279,0,0,0,0.0,0.0,0.0,1
Urban,10280,0,0,0,0.0,0.0,0.0,1
Urban,10281,0,0,0,0.0,0.0,0.0,1
Urban,10282,0,0,0,0.0,0.0,0.0,1
Urban,10283,0,0,0,0.0,0.0,0.0,1
Urban,10284,0,0,0,0.0,0.0,0.0,1
Urban,10285,0,0,0,0.0,0.0,0.0,1
Urban,10286,0,0,0,0.0,0.0,0.0,1
Urban,10287,0,0,0,0.0,0.0,0.0,1
Urban,10288,0,0,0,0.0,0.0,0.0,1
Urban,10289,0,0,0,0.0,0.0,0.0,1
Urban,10290,0,0,0,0.0,0.0,0.0,1
Urban,10291,0,0,0,0.0,0.0,0.0,1
Urban,10292,0,0,0,0.0,0.0,0.0,1
Urban,10293,0,0,0,0.0,0.0,0.0,1
Urban,10294,0,0,0,0.0,0.0,0.0,1
Urban,10295,0,0,0,0.0,0.0,0.0,1
Urban,10296,0,0,0,0.0,0.0,0.0,1
Urban,10297,0,0,0,0.0,0.0,0.0,1
Urban,10298,0,0,0,0.0,0.0,0.0,1
Urban,10299,0,0,0,0.0,0.0,0.0,1
Urban,10300,0,0,0,0.0,0.0,0.0,1
Urban,10301,0,0,0,0.0,0.0,0.0,1
Urban,10302,0,0,0,0.0,0.0,0.0,1
Urban,10303,0,0,0,0.0,0.0,0.0,1
Urban,10304,0,0,0,0.0,0.0,0.0,1
Urban,10305,0,0,0,0.0,0.0,0.0,1
Urban,10306,0,0,0,0.0,0.0,0.0,1
Urban,10307,0,0,0,0.0,0.0,0.0,1
Urban,10308,0,0,0,0.0,0.0,0.0,1
Urban,10309,0,0,0,0.0,0.0,0.0,1
Urban,10310,0,0,0,0.0,0.0,0.0,1
Urban,10311,0,0,0,0.0,0.0,0.0,1
Urban,10312,0,0,0,0.0,0.0,0.0,1
Urban,10313,0,0,0,0.0,0.0,0.0,1
Urban,10314,0,0,0,0.0,0.0,0.0,1
Urban,10315,0,0,0,0.0,0.0,0.0,1
Urban,10316,0,0,0,0.0,0.0,0.0,1
Urban,10317,0,0,0,0.0,0.0,0.0,1
Urban,10318,0,0,0,0.0,0.0,0.0,1
Urban,10319,0,0,0,0.0,0.0,0.0,1
Urban,10320,0,0,0,0.0,0.0,0.0,1
Urban,10321,0,0,0,0.0,0.0,0.0,1
Urban,10322,0,0,0,0.0,0.0,0.0,1
Urban,10323,0,0,0,0.0,0.0,0.0,1
Urban,10324,0,0,0,0.0,0.0,0.0,1
Urban,10325,0,0,0,0.0,0.0,0.0,1
Urban,10326,0,0,0,0.0,0.0,0.0,1
Urban,10327,0,0,0,0.0,0.0,0.0,1
Urban,10328,0,0,0,0.0,0.0,0.0,1
Urban,10329,0,0,0,0.0,0.0,0.0,1
Urban,10330,0,0,0,0.0,0.0,0.0,1
Urban,10331,0,0,0,0.0,0.0,0.0,1
Urban,10332,0,0,0,0.0,0.0,0.0,1
Urban,10333,0,0,0,0.0,0.0,0.0,1
Urban,10334,0,0,0,0.0,0.0,0.0,1
Urban,10335,0,0,0,0.0,0.0,0.0,1
Urban,10336,0,0,0,0.0,0.0,0.0,1
Urban,10337,0,0,0,0.0,0.0,0.0,1
Urban,10338,0,0,0,0.0,0.0,0.0,1
Urban,10339,0,0,0,0.0,0.0,0.0,1
Urban,10340,0,0,0,0.0,0.0,0.0,1
Urban,10341,0,0,0,0.0,0.0,0.0,1
Urban,10342,0,0,0,0.0,0.0,0.0,1
Urban,10343,0,0,0,0.0,0.0,0.0,1
Urban,10344,0,0,0,0.0,0.0,0.0,1
Urban,10345,0,0,0,0.0,0.0,0.0,1
Urban,10346,0,0,0,0.0,0.0,0.0,1
Urban,10347,0,0,0,0.0,0.0,0.0,1
Urban,10348,0,0,0,0.0,0.0,0.0,1
Urban,10349,0,0,0,0.0,0.0,0.0,1
Urban,10350,0,0,0,0.0,0.0,0.0,1
Urban,10351,0,0,0,0.0,0.0,0.0,1
Urban,10352,0,0,0,0.0,0.0,0.0,1
Urban,10353,0,0,0,0.0,0.0,0.0,1
Urban,10354,0,0,0,0.0,0.0,0.0,1
Urban,10355,0,0,0,0.0,0.0,0.0,1
Urban,10356,0,0,0,0.0,0.0,0.0,1
Urban,10357,0,0,0,0.0,0.0,0.0,1
Urban,10358,0,0,0,0.0,0.0,0.0,1
Urban,10359,0,0,0,0.0,0.0,0.0,1
Urban,10360,0,0,0,0.0,0.0,0.0,1
Urban,10361,0,0,0,0.0,0.0,0.0,1
Urban,10362,0,0,0,0.0,0.0,0.0,1
Urban,10363,0,0,0,0.0,0.0,0.0,1
Urban,10364,0,0,0,0.0,0.0,0.0,1
Urban,10365,0,0,0,0.0,0.0,0.0,1
Urban,10366,0,0,0,0.0,0.0,0.0,1
Urban,10367,0,0,0,0.0,0.0,0.0,1
Urban,10368,0,0,0,0.0,0.0,0.0,1
Urban,10369,0,0,0,0.0,0.0,0.0,1
Urban,10370,0,0,0,0.0,0.0,0.0,1
Urban,10371,0,0,0,0.0,0.0,0.0,1
Urban,10372,0,0,0,0.0,0.0,0.0,1
Urban,10373,0,0,0,0.0,0.0,0.0,1
Urban,10374,0,0,0,0.0,0.0,0.0,1
Urban,10375,0,0,0,0.0,0.0,0.0,1
Urban,10376,0,0,0,0.0,0.0,0.0,1
Urban,10377,0,0,0,0.0,0.0,0.0,1
Urban,10378,0,0,0,0.0,0.0,0.0,1
Urban,10379,0,0,0,0.0,0.0,0.0,1
Urban,10380,0,0,0,0.0,0.0,0.0,1
Urban,10381,0,0,0,0.0,0.0,0.0,1
Urban,10382,0,0,0,0.0,0.0,0.0,1
Urban,10383,0,0,0,0.0,0.0,0.0,1
Urban,10384,0,0,0,0.0,0.0,0.0,1
Urban,10385,0,0,0,0.0,0.0,0.0,1
Urban,10386,0,0,0,0.0,0.0,0.0,1
Urban,10387,0,0,0,0.0,0.0,0.0,1
Urban,10388,0,0,0,0.0,0.0,0.0,1
Urban,10389,0,0,0,0.0,0.0,0.0,1
Urban,10390,0,0,0,0.0,0.0,0.0,1
Urban,10391,0,0,0,0.0,0.0,0.0,1
Urban,10392,0,0,0,0.0,0.0,0.0,1
Urban,10393,0,0,0,0.0,0.0,0.0,1
Urban,10394,0,0,0,0.0,0.0,0.0,1
Urban,10395,0,0,0,0.0,0.0,0.0,1
Urban,10396,0,0,0,0.0,0.0,0.0,1
Urban,10397,0,0,0,0.0,0.0,0.0,1
Urban,10398,0,0,0,0.0,0.0,0.0,1
Urban,10399,0,0,0,0.0,0.0,0.0,1
Urban,10400,0,0,0,0.0,0.0,0.0,1
Urban,10401,0,0,0,0.0,0.0,0.0,1
Urban,10402,0,0,0,0.0,0.0,0.0,1
Urban,10403,0,0,0,0.0,0.0,0.0,1
Urban,10404,0,0,0,0.0,0.0,0.0,1
Urban,10405,0,0,0,0.0,0.0,0.0,1
Urban,10406,0,0,0,0.0,0.0,0.0,1
Urban,10407,0,0,0,0.0,0.0,0.0,1
Urban,10408,0,0,0,0.0,0.0,0.0,1
Urban,10409,0,0,0,0.0,0.0,0.0,1
Urban,10410,0,0,0,0.0,0.0,0.0,1
Urban,10411,0,0,0,0.0,0.0,0.0,1
Urban,10412,0,0,0,0.0,0.0,0.0,1
Urban,10413,0,0,0,0.0,0.0,0.0,1
Urban,10414,0,0,0,0.0,0.0,0.0,1
Urban,10415,0,0,0,0.0,0.0,0.0,1
Urban,10416,0,0,0,0.0,0.0,0.0,1
Urban,10417,0,0,0,0.0,0.0,0.0,1
Urban,10418,0,0,0,0.0,0.0,0.0,1
Urban,10419,0,0,0,0.0,0.0,0.0,1
Urban,10420,0,0,0,0.0,0.0,0.0,1
Urban,10421,0,0,0,0.0,0.0,0.0,1
Urban,10422,0,0,0,0.0,0.0,0.0,1
Urban,10423,0,0,0,0.0,0.0,0.0,1
Urban,10424,0,0,0,0.0,0.0,0.0,1
Urban,10425,0,0,0,0.0,0.0,0.0,1
Urban,10426,0,0,0,0.0,0.0,0.0,1
Urban,10427,0,0,0,0.0,0.0,0.0,1
Urban,10428,0,0,0,0.0,0.0,0.0,1
Urban,10429,0,0,0,0.0,0.0,0.0,1
Urban,10430,0,0,0,0.0,0.0,0.0,1
Urban,10431,0,0,0,0.0,0.0,0.0,1
Urban,10432,0,0,0,0.0,0.0,0.0,1
Urban,10433,0,0,0,0.0,0.0,0.0,1
Urban,10434,0,0,0,0.0,0.0,0.0,1
Urban,10435,0,0,0,0.0,0.0,0.0,1
Urban,10436,0,0,0,0.0,0.0,0.0,1
Urban,10437,0,0,0,0.0,0.0,0.0,1
Urban,10438,0,0,0,0.0,0.0,0.0,1
Urban,10439,0,0,0,0.0,0.0,0.0,1
Urban,10440,0,0,0,0.0,0.0,0.0,1
Urban,10441,0,0,0,0.0,0.0,0.0,1
Urban,10442,0,0,0,0.0,0.0,0.0,1
Urban,10443,0,0,0,0.0,0.0,0.0,1
Urban,10444,0,0,0,0.0,0.0,0.0,1
Urban,10445,0,0,0,0.0,0.0,0.0,1
Urban,10446,0,0,0,0.0,0.0,0.0,1
Urban,10447,0,0,0,0.0,0.0,0.0,1
Urban,10448,0,0,0,0.0,0.0,0.0,1
Urban,10449,0,0,0,0.0,0.0,0.0,1
Urban,10450,0,0,0,0.0,0.0,0.0,1
Urban,10451,0,0,0,0.0,0.0,0.0,1
Urban,10452,0,0,0,0.0,0.0,0.0,1
Urban,10453,0,0,0,0.0,0.0,0.0,1
Urban,10454,0,0,0,0.0,0.0,0.0,1
Urban,10455,0,0,0,0.0,0.0,0.0,1
Urban,10456,0,0,0,0.0,0.0,0.0,1
Urban,10457,0,0,0,0.0,0.0,0.0,1
Urban,10458,0,0,0,0.0,0.0,0.0,1
Urban,10459,0,0,0,0.0,0.0,0.0,1
Urban,10460,0,0,0,0.0,0.0,0.0,1
Urban,10461,0,0,0,0.0,0.0,0.0,1
Urban,10462,0,0,0,0.0,0.0,0.0,1
Urban,10463,0,0,0,0.0,0.0,0.0,1
Urban,10464,0,0,0,0.0,0.0,0.0,1
Urban,10465,0,0,0,0.0,0.0,0.0,1
Urban,10466,0,0,0,0.0,0.0,0.0,1
Urban,10467,0,0,0,0.0,0.0,0.0,1
Urban,10468,0,0,0,0.0,0.0,0.0,1
Urban,10469,0,0,0,0.0,0.0,0.0,1
Urban,10470,0,0,0,0.0,0.0,0.0,1
Urban,10471,0,0,0,0.0,0.0,0.0,1
Urban,10472,0,0,0,0.0,0.0,0.0,1
Urban,10473,0,0,0,0.0,0.0,0.0,1
Urban,10474,0,0,0,0.0,0.0,0.0,1
Urban,10475,0,0,0,0.0,0.0,0.0,1
Urban,10476,0,0,0,0.0,0.0,0.0,1
Urban,10477,0,0,0,0.0,0.0,0.0,1
Urban,10478,0,0,0,0.0,0.0,0.0,1
Urban,10479,0,0,0,0.0,0.0,0.0,1
Urban,10480,0,0,0,0.0,0.0,0.0,1
Urban,10481,0,0,0,0.0,0.0,0.0,1
Urban,10482,0,0,0,0.0,0.0,0.0,1
Urban,10483,0,0,0,0.0,0.0,0.0,1
Urban,10484,0,0,0,0.0,0.0,0.0,1
Urban,10485,0,0,0,0.0,0.0,0.0,1
Urban,10486,0,0,0,0.0,0.0,0.0,1
Urban,10487,0,0,0,0.0,0.0,0.0,1
Urban,10488,0,0,0,0.0,0.0,0.0,1
Urban,10489,0,0,0,0.0,0.0,0.0,1
Urban,10490,0,0,0,0.0,0.0,0.0,1
Urban,10491,0,0,0,0.0,0.0,0.0,1
Urban,10492,0,0,0,0.0,0.0,0.0,1
Urban,10493,0,0,0,0.0,0.0,0.0,1
Urban,10494,0,0,0,0.0,0.0,0.0,1
Urban,10495,0,0,0,0.0,0.0,0.0,1
Urban,10496,0,0,0,0.0,0.0,0.0,1
Urban,10497,0,0,0,0.0,0.0,0.0,1
Urban,10498,0,0,0,0.0,0.0,0.0,1
Urban,10499,0,0,0,0.0,0.0,0.0,1
Urban,10500,0,0,0,0.0,0.0,0.0,1
Urban,10501,0,0,0,0.0,0.0,0.0,1
Urban,10502,0,0,0,0.0,0.0,0.0,1
Urban,10503,0,0,0,0.0,0.0,0.0,1
Urban,10504,0,0,0,0.0,0.0,0.0,1
Urban,10505,0,0,0,0.0,0.0,0.0,1
Urban,10506,0,0,0,0.0,0.0,0.0,1
Urban,10507,0,0,0,0.0,0.0,0.0,1
Urban,10508,0,0,0,0.0,0.0,0.0,1
Urban,10509,0,0,0,0.0,0.0,0.0,1
Urban,10510,0,0,0,0.0,0.0,0.0,1
Urban,10511,0,0,0,0.0,0.0,0.0,1
Urban,10512,0,0,0,0.0,0.0,0.0,1
Urban,10513,0,0,0,0.0,0.0,0.0,1
Urban,10514,0,0,0,0.0,0.0,0.0,1
Urban,10515,0,0,0,0.0,0.0,0.0,1
Urban,10516,0,0,0,0.0,0.0,0.0,1
Urban,10517,0,0,0,0.0,0.0,0.0,1
Urban,10518,0,0,0,0.0,0.0,0.0,1
Urban,10519,0,0,0,0.0,0.0,0.0,1
Urban,10520,0,0,0,0.0,0.0,0.0,1
Urban,10521,0,0,0,0.0,0.0,0.0,1
Urban,10522,0,0,0,0.0,0.0,0.0,1
Urban,10523,0,0,0,0.0,0.0,0.0,1
Urban,10524,0,0,0,0.0,0.0,0.0,1
Urban,10525,0,0,0,0.0,0.0,0.0,1
Urban,10526,0,0,0,0.0,0.0,0.0,1
Urban,10527,0,0,0,0.0,0.0,0.0,1
Urban,10528,0,0,0,0.0,0.0,0.0,1
Urban,10529,0,0,0,0.0,0.0,0.0,1
Urban,10530,0,0,0,0.0,0.0,0.0,1
Urban,10531,0,0,0,0.0,0.0,0.0,1
Urban,10532,0,0,0,0.0,0.0,0.0,1
Urban,10533,0,0,0,0.0,0.0,0.0,1
Urban,10534,0,0,0,0.0,0.0,0.0,1
Urban,10535,0,0,0,0.0,0.0,0.0,1
Urban,10536,0,0,0,0.0,0.0,0.0,1
Urban,10537,0,0,0,0.0,0.0,0.0,1
Urban,10538,0,0,0,0.0,0.0,0.0,1
Urban,10539,0,0,0,0.0,0.0,0.0,1
Urban,10540,0,0,0,0.0,0.0,0.0,1
Urban,10541,0,0,0,0.0,0.0,0.0,1
Urban,10542,0,0,0,0.0,0.0,0.0,1
Urban,10543,0,0,0,0.0,0.0,0.0,1
Urban,10544,0,0,0,0.0,0.0,0.0,1
Urban,10545,0,0,0,0.0,0.0,0.0,1
Urban,10546,0,0,0,0.0,0.0,0.0,1
Urban,10547,0,0,0,0.0,0.0,0.0,1
Urban,10548,0,0,0,0.0,0.0,0.0,1
Urban,10549,0,0,0,0.0,0.0,0.0,1
Urban,10550,0,0,0,0.0,0.0,0.0,1
Urban,10551,0,0,0,0.0,0.0,0.0,1
Urban,10552,0,0,0,0.0,0.0,0.0,1
Urban,10553,0,0,0,0.0,0.0,0.0,1
Urban,10554,0,0,0,0.0,0.0,0.0,1
Urban,10555,0,0,0,0.0,0.0,0.0,1
Urban,10556,0,0,0,0.0,0.0,0.0,1
Urban,10557,0,0,0,0.0,0.0,0.0,1
Urban,10558,0,0,0,0.0,0.0,0.0,1
Urban,10559,0,0,0,0.0,0.0,0.0,1
Urban,10560,0,0,0,0.0,0.0,0.0,1
Urban,10561,0,0,0,0.0,0.0,0.0,1
Urban,10562,0,0,0,0.0,0.0,0.0,1
Urban,10563,0,0,0,0.0,0.0,0.0,1
Urban,10564,0,0,0,0.0,0.0,0.0,1
Urban,10565,0,0,0,0.0,0.0,0.0,1
Urban,10566,0,0,0,0.0,0.0,0.0,1
Urban,10567,0,0,0,0.0,0.0,0.0,1
Urban,10568,0,0,0,0.0,0.0,0.0,1
Urban,10569,0,0,0,0.0,0.0,0.0,1
Urban,10570,0,0,0,0.0,0.0,0.0,1
Urban,10571,0,0,0,0.0,0.0,0.0,1
Urban,10572,0,0,0,0.0,0.0,0.0,1
Urban,10573,0,0,0,0.0,0.0,0.0,1
Urban,10574,0,0,0,0.0,0.0,0.0,1
Urban,10575,0,0,0,0.0,0.0,0.0,1
Urban,10576,0,0,0,0.0,0.0,0.0,1
Urban,10577,0,0,0,0.0,0.0,0.0,1
Urban,10578,0,0,0,0.0,0.0,0.0,1
Urban,10579,0,0,0,0.0,0.0,0.0,1
Urban,10580,0,0,0,0.0,0.0,0.0,1
Urban,10581,0,0,0,0.0,0.0,0.0,1
Urban,10582,0,0,0,0.0,0.0,0.0,1
Urban,10583,0,0,0,0.0,0.0,0.0,1
Urban,10584,0,0,0,0.0,0.0,0.0,1
Urban,10585,0,0,0,0.0,0.0,0.0,1
Urban,10586,0,0,0,0.0,0.0,0.0,1
Urban,10587,0,0,0,0.0,0.0,0.0,1
Urban,10588,0,0,0,0.0,0.0,0.0,1
Urban,10589,0,0,0,0.0,0.0,0.0,1
Urban,10590,0,0,0,0.0,0.0,0.0,1
Urban,10591,0,0,0,0.0,0.0,0.0,1
Urban,10592,0,0,0,0.0,0.0,0.0,1
Urban,10593,0,0,0,0.0,0.0,0.0,1
Urban,10594,0,0,0,0.0,0.0,0.0,1
Urban,10595,0,0,0,0.0,0.0,0.0,1
Urban,10596,0,0,0,0.0,0.0,0.0,1
Urban,10597,0,0,0,0.0,0.0,0.0,1
Urban,10598,0,0,0,0.0,0.0,0.0,1
Urban,10599,0,0,0,0.0,0.0,0.0,1
Urban,10600,0,0,0,0.0,0.0,0.0,1
Urban,10601,0,0,0,0.0,0.0,0.0,1
Urban,10602,0,0,0,0.0,0.0,0.0,1
Urban,10603,0,0,0,0.0,0.0,0.0,1
Urban,10604,0,0,0,0.0,0.0,0.0,1
Urban,10605,0,0,0,0.0,0.0,0.0,1
Urban,10606,0,0,0,0.0,0.0,0.0,1
Urban,10607,0,0,0,0.0,0.0,0.0,1
Urban,10608,0,0,0,0.0,0.0,0.0,1
Urban,10609,0,0,0,0.0,0.0,0.0,1
Urban,10610,0,0,0,0.0,0.0,0.0,1
Urban,10611,0,0,0,0.0,0.0,0.0,1
Urban,10612,0,0,0,0.0,0.0,0.0,1
Urban,10613,0,0,0,0.0,0.0,0.0,1
Urban,10614,0,0,0,0.0,0.0,0.0,1
Urban,10615,0,0,0,0.0,0.0,0.0,1
Urban,10616,0,0,0,0.0,0.0,0.0,1
Urban,10617,0,0,0,0.0,0.0,0.0,1
Urban,10618,0,0,0,0.0,0.0,0.0,1
Urban,10619,0,0,0,0.0,0.0,0.0,1
Urban,10620,0,0,0,0.0,0.0,0.0,1
Urban,10621,0,0,0,0.0,0.0,0.0,1
Urban,10622,0,0,0,0.0,0.0,0.0,1
Urban,10623,0,0,0,0.0,0.0,0.0,1
Urban,10624,0,0,0,0.0,0.0,0.0,1
Urban,10625,0,0,0,0.0,0.0,0.0,1
Urban,10626,0,0,0,0.0,0.0,0.0,1
Urban,10627,0,0,0,0.0,0.0,0.0,1
Urban,10628,0,0,0,0.0,0.0,0.0,1
Urban,10629,0,0,0,0.0,0.0,0.0,1
Urban,10630,0,0,0,0.0,0.0,0.0,1
Urban,10631,0,0,0,0.0,0.0,0.0,1
Urban,10632,0,0,0,0.0,0.0,0.0,1
Urban,10633,0,0,0,0.0,0.0,0.0,1
Urban,10634,0,0,0,0.0,0.0,0.0,1
Urban,10635,0,0,0,0.0,0.0,0.0,1
Urban,10636,0,0,0,0.0,0.0,0.0,1
Urban,10637,0,0,0,0.0,0.0,0.0,1
Urban,10638,0,0,0,0.0,0.0,0.0,1
Urban,10639,0,0,0,0.0,0.0,0.0,1
Urban,10640,0,0,0,0.0,0.0,0.0,1
Urban,10641,0,0,0,0.0,0.0,0.0,1
Urban,10642,0,0,0,0.0,0.0,0.0,1
Urban,10643,0,0,0,0.0,0.0,0.0,1
Urban,10644,0,0,0,0.0,0.0,0.0,1
Urban,10645,0,0,0,0.0,0.0,0.0,1
Urban,10646,0,0,0,0.0,0.0,0.0,1
Urban,10647,0,0,0,0.0,0.0,0.0,1
Urban,10648,0,0,0,0.0,0.0,0.0,1
Urban,10649,0,0,0,0.0,0.0,0.0,1
Urban,10650,0,0,0,0.0,0.0,0.0,1
Urban,10651,0,0,0,0.0,0.0,0.0,1
Urban,10652,0,0,0,0.0,0.0,0.0,1
Urban,10653,0,0,0,0.0,0.0,0.0,1
Urban,10654,0,0,0,0.0,0.0,0.0,1
Urban,10655,0,0,0,0.0,0.0,0.0,1
Urban,10656,0,0,0,0.0,0.0,0.0,1
Urban,10657,0,0,0,0.0,0.0,0.0,1
Urban,10658,0,0,0,0.0,0.0,0.0,1
Urban,10659,0,0,0,0.0,0.0,0.0,1
Urban,10660,0,0,0,0.0,0.0,0.0,1
Urban,10661,0,0,0,0.0,0.0,0.0,1
Urban,10662,0,0,0,0.0,0.0,0.0,1
Urban,10663,0,0,0,0.0,0.0,0.0,1
Urban,10664,0,0,0,0.0,0.0,0.0,1
Urban,10665,0,0,0,0.0,0.0,0.0,1
Urban,10666,0,0,0,0.0,0.0,0.0,1
Urban,10667,0,0,0,0.0,0.0,0.0,1
Urban,10668,0,0,0,0.0,0.0,0.0,1
Urban,10669,0,0,0,0.0,0.0,0.0,1
Urban,10670,0,0,0,0.0,0.0,0.0,1
Urban,10671,0,0,0,0.0,0.0,0.0,1
Urban,10672,0,0,0,0.0,0.0,0.0,1
Urban,10673,0,0,0,0.0,0.0,0.0,1
Urban,10674,0,0,0,0.0,0.0,0.0,1
Urban,10675,0,0,0,0.0,0.0,0.0,1
Urban,10676,0,0,0,0.0,0.0,0.0,1
Urban,10677,0,0,0,0.0,0.0,0.0,1
Urban,10678,0,0,0,0.0,0.0,0.0,1
Urban,10679,0,0,0,0.0,0.0,0.0,1
Urban,10680,0,0,0,0.0,0.0,0.0,1
Urban,10681,0,0,0,0.0,0.0,0.0,1
Urban,10682,0,0,0,0.0,0.0,0.0,1
Urban,10683,0,0,0,0.0,0.0,0.0,1
Urban,10684,0,0,0,0.0,0.0,0.0,1
Urban,10685,0,0,0,0.0,0.0,0.0,1
Urban,10686,0,0,0,0.0,0.0,0.0,1
Urban,10687,0,0,0,0.0,0.0,0.0,1
Urban,10688,0,0,0,0.0,0.0,0.0,1
Urban,10689,0,0,0,0.0,0.0,0.0,1
Urban,10690,0,0,0,0.0,0.0,0.0,1
Urban,10691,0,0,0,0.0,0.0,0.0,1
Urban,10692,0,0,0,0.0,0.0,0.0,1
Urban,10693,0,0,0,0.0,0.0,0.0,1
Urban,10694,0,0,0,0.0,0.0,0.0,1
Urban,10695,0,0,0,0.0,0.0,0.0,1
Urban,10696,0,0,0,0.0,0.0,0.0,1
Urban,10697,0,0,0,0.0,0.0,0.0,1
Urban,10698,0,0,0,0.0,0.0,0.0,1
Urban,10699,0,0,0,0.0,0.0,0.0,1
Urban,10700,0,0,0,0.0,0.0,0.0,1
Urban,10701,0,0,0,0.0,0.0,0.0,1
Urban,10702,0,0,0,0.0,0.0,0.0,1
Urban,10703,0,0,0,0.0,0.0,0.0,1
Urban,10704,0,0,0,0.0,0.0,0.0,1
Urban,10705,0,0,0,0.0,0.0,0.0,1
Urban,10706,0,0,0,0.0,0.0,0.0,1
Urban,10707,0,0,0,0.0,0.0,0.0,1
Urban,10708,0,0,0,0.0,0.0,0.0,1
Urban,10709,0,0,0,0.0,0.0,0.0,1
Urban,10710,0,0,0,0.0,0.0,0.0,1
Urban,10711,0,0,0,0.0,0.0,0.0,1
Urban,10712,0,0,0,0.0,0.0,0.0,1
Urban,10713,0,0,0,0.0,0.0,0.0,1
Urban,10714,0,0,0,0.0,0.0,0.0,1
Urban,10715,0,0,0,0.0,0.0,0.0,1
Urban,10716,0,0,0,0.0,0.0,0.0,1
Urban,10717,0,0,0,0.0,0.0,0.0,1
Urban,10718,0,0,0,0.0,0.0,0.0,1
Urban,10719,0,0,0,0.0,0.0,0.0,1
Urban,10720,0,0,0,0.0,0.0,0.0,1
Urban,10721,0,0,0,0.0,0.0,0.0,1
Urban,10722,0,0,0,0.0,0.0,0.0,1
Urban,10723,0,0,0,0.0,0.0,0.0,1
Urban,10724,0,0,0,0.0,0.0,0.0,1
Urban,10725,0,0,0,0.0,0.0,0.0,1
Urban,10726,0,0,0,0.0,0.0,0.0,1
Urban,10727,0,0,0,0.0,0.0,0.0,1
Urban,10728,0,0,0,0.0,0.0,0.0,1
Urban,10729,0,0,0,0.0,0.0,0.0,1
Urban,10730,0,0,0,0.0,0.0,0.0,1
Urban,10731,0,0,0,0.0,0.0,0.0,1
Urban,10732,0,0,0,0.0,0.0,0.0,1
Urban,10733,0,0,0,0.0,0.0,0.0,1
Urban,10734,0,0,0,0.0,0.0,0.0,1
Urban,10735,0,0,0,0.0,0.0,0.0,1
Urban,10736,0,0,0,0.0,0.0,0.0,1
Urban,10737,0,0,0,0.0,0.0,0.0,1
Urban,10738,0,0,0,0.0,0.0,0.0,1
Urban,10739,0,0,0,0.0,0.0,0.0,1
Urban,10740,0,0,0,0.0,0.0,0.0,1
Urban,10741,0,0,0,0.0,0.0,0.0,1
Urban,10742,0,0,0,0.0,0.0,0.0,1
Urban,10743,0,0,0,0.0,0.0,0.0,1
Urban,10744,0,0,0,0.0,0.0,0.0,1
Urban,10745,0,0,0,0.0,0.0,0.0,1
Urban,10746,0,0,0,0.0,0.0,0.0,1
Urban,10747,0,0,0,0.0,0.0,0.0,1
Urban,10748,0,0,0,0.0,0.0,0.0,1
Urban,10749,0,0,0,0.0,0.0,0.0,1
Urban,10750,0,0,0,0.0,0.0,0.0,1
Urban,10751,0,0,0,0.0,0.0,0.0,1
Urban,10752,0,0,0,0.0,0.0,0.0,1
Urban,10753,0,0,0,0.0,0.0,0.0,1
Urban,10754,0,0,0,0.0,0.0,0.0,1
Urban,10755,0,0,0,0.0,0.0,0.0,1
Urban,10756,0,0,0,0.0,0.0,0.0,1
Urban,10757,0,0,0,0.0,0.0,0.0,1
Urban,10758,0,0,0,0.0,0.0,0.0,1
Urban,10759,0,0,0,0.0,0.0,0.0,1
Urban,10760,0,0,0,0.0,0.0,0.0,1
Urban,10761,0,0,0,0.0,0.0,0.0,1
Urban,10762,0,0,0,0.0,0.0,0.0,1
Urban,10763,0,0,0,0.0,0.0,0.0,1
Urban,10764,0,0,0,0.0,0.0,0.0,1
Urban,10765,0,0,0,0.0,0.0,0.0,1
Urban,10766,0,0,0,0.0,0.0,0.0,1
Urban,10767,0,0,0,0.0,0.0,0.0,1
Urban,10768,0,0,0,0.0,0.0,0.0,1
Urban,10769,0,0,0,0.0,0.0,0.0,1
Urban,10770,0,0,0,0.0,0.0,0.0,1
Urban,10771,0,0,0,0.0,0.0,0.0,1
Urban,10772,0,0,0,0.0,0.0,0.0,1
Urban,10773,0,0,0,0.0,0.0,0.0,1
Urban,10774,0,0,0,0.0,0.0,0.0,1
Urban,10775,0,0,0,0.0,0.0,0.0,1
Urban,10776,0,0,0,0.0,0.0,0.0,1
Urban,10777,0,0,0,0.0,0.0,0.0,1
Urban,10778,0,0,0,0.0,0.0,0.0,1
Urban,10779,0,0,0,0.0,0.0,0.0,1
Urban,10780,0,0,0,0.0,0.0,0.0,1
Urban,10781,0,0,0,0.0,0.0,0.0,1
Urban,10782,0,0,0,0.0,0.0,0.0,1
Urban,10783,0,0,0,0.0,0.0,0.0,1
Urban,10784,0,0,0,0.0,0.0,0.0,1
Urban,10785,0,0,0,0.0,0.0,0.0,1
Urban,10786,0,0,0,0.0,0.0,0.0,1
Urban,10787,0,0,0,0.0,0.0,0.0,1
Urban,10788,0,0,0,0.0,0.0,0.0,1
Urban,10789,0,0,0,0.0,0.0,0.0,1
Urban,10790,0,0,0,0.0,0.0,0.0,1
Urban,10791,0,0,0,0.0,0.0,0.0,1
Urban,10792,0,0,0,0.0,0.0,0.0,1
Urban,10793,0,0,0,0.0,0.0,0.0,1
Urban,10794,0,0,0,0.0,0.0,0.0,1
Urban,10795,0,0,0,0.0,0.0,0.0,1
Urban,10796,0,0,0,0.0,0.0,0.0,1
Urban,10797,0,0,0,0.0,0.0,0.0,1
Urban,10798,0,0,0,0.0,0.0,0.0,1
Urban,10799,0,0,0,0.0,0.0,0.0,1
Urban,10800,0,0,0,0.0,0.0,0.0,1
Urban,10801,0,0,0,0.0,0.0,0.0,1
Urban,10802,0,0,0,0.0,0.0,0.0,1
Urban,10803,0,0,0,0.0,0.0,0.0,1
Urban,10804,0,0,0,0.0,0.0,0.0,1
Urban,10805,0,0,0,0.0,0.0,0.0,1
Urban,10806,0,0,0,0.0,0.0,0.0,1
Urban,10807,0,0,0,0.0,0.0,0.0,1
Urban,10808,0,0,0,0.0,0.0,0.0,1
Urban,10809,0,0,0,0.0,0.0,0.0,1
Urban,10810,0,0,0,0.0,0.0,0.0,1
Urban,10811,0,0,0,0.0,0.0,0.0,1
Urban,10812,0,0,0,0.0,0.0,0.0,1
Urban,10813,0,0,0,0.0,0.0,0.0,1
Urban,10814,0,0,0,0.0,0.0,0.0,1
Urban,10815,0,0,0,0.0,0.0,0.0,1
Urban,10816,0,0,0,0.0,0.0,0.0,1
Urban,10817,0,0,0,0.0,0.0,0.0,1
Urban,10818,0,0,0,0.0,0.0,0.0,1
Urban,10819,0,0,0,0.0,0.0,0.0,1
Urban,10820,0,0,0,0.0,0.0,0.0,1
Urban,10821,0,0,0,0.0,0.0,0.0,1
Urban,10822,0,0,0,0.0,0.0,0.0,1
Urban,10823,0,0,0,0.0,0.0,0.0,1
Urban,10824,0,0,0,0.0,0.0,0.0,1
Urban,10825,0,0,0,0.0,0.0,0.0,1
Urban,10826,0,0,0,0.0,0.0,0.0,1
Urban,10827,0,0,0,0.0,0.0,0.0,1
Urban,10828,0,0,0,0.0,0.0,0.0,1
Urban,10829,0,0,0,0.0,0.0,0.0,1
Urban,10830,0,0,0,0.0,0.0,0.0,1
Urban,10831,0,0,0,0.0,0.0,0.0,1
Urban,10832,0,0,0,0.0,0.0,0.0,1
Urban,10833,0,0,0,0.0,0.0,0.0,1
Urban,10834,0,0,0,0.0,0.0,0.0,1
Urban,10835,0,0,0,0.0,0.0,0.0,1
Urban,10836,0,0,0,0.0,0.0,0.0,1
Urban,10837,0,0,0,0.0,0.0,0.0,1
Urban,10838,0,0,0,0.0,0.0,0.0,1
Urban,10839,0,0,0,0.0,0.0,0.0,1
Urban,10840,0,0,0,0.0,0.0,0.0,1
Urban,10841,0,0,0,0.0,0.0,0.0,1
Urban,10842,0,0,0,0.0,0.0,0.0,1
Urban,10843,0,0,0,0.0,0.0,0.0,1
Urban,10844,0,0,0,0.0,0.0,0.0,1
Urban,10845,0,0,0,0.0,0.0,0.0,1
Urban,10846,0,0,0,0.0,0.0,0.0,1
Urban,10847,0,0,0,0.0,0.0,0.0,1
Urban,10848,0,0,0,0.0,0.0,0.0,1
Urban,10849,0,0,0,0.0,0.0,0.0,1
Urban,10850,0,0,0,0.0,0.0,0.0,1
Urban,10851,0,0,0,0.0,0.0,0.0,1
Urban,10852,0,0,0,0.0,0.0,0.0,1
Urban,10853,0,0,0,0.0,0.0,0.0,1
Urban,10854,0,0,0,0.0,0.0,0.0,1
Urban,10855,0,0,0,0.0,0.0,0.0,1
Urban,10856,0,0,0,0.0,0.0,0.0,1
Urban,10857,0,0,0,0.0,0.0,0.0,1
Urban,10858,0,0,0,0.0,0.0,0.0,1
Urban,10859,0,0,0,0.0,0.0,0.0,1
Urban,10860,0,0,0,0.0,0.0,0.0,1
Urban,10861,0,0,0,0.0,0.0,0.0,1
Urban,10862,0,0,0,0.0,0.0,0.0,1
Urban,10863,0,0,0,0.0,0.0,0.0,1
Urban,10864,0,0,0,0.0,0.0,0.0,1
Urban,10865,0,0,0,0.0,0.0,0.0,1
Urban,10866,0,0,0,0.0,0.0,0.0,1
Urban,10867,0,0,0,0.0,0.0,0.0,1
Urban,10868,0,0,0,0.0,0.0,0.0,1
Urban,10869,0,0,0,0.0,0.0,0.0,1
Urban,10870,0,0,0,0.0,0.0,0.0,1
Urban,10871,0,0,0,0.0,0.0,0.0,1
Urban,10872,0,0,0,0.0,0.0,0.0,1
Urban,10873,0,0,0,0.0,0.0,0.0,1
Urban,10874,0,0,0,0.0,0.0,0.0,1
Urban,10875,0,0,0,0.0,0.0,0.0,1
Urban,10876,0,0,0,0.0,0.0,0.0,1
Urban,10877,0,0,0,0.0,0.0,0.0,1
Urban,10878,0,0,0,0.0,0.0,0.0,1
Urban,10879,0,0,0,0.0,0.0,0.0,1
Urban,10880,0,0,0,0.0,0.0,0.0,1
Urban,10881,0,0,0,0.0,0.0,0.0,1
Urban,10882,0,0,0,0.0,0.0,0.0,1
Urban,10883,0,0,0,0.0,0.0,0.0,1
Urban,10884,0,0,0,0.0,0.0,0.0,1
Urban,10885,0,0,0,0.0,0.0,0.0,1
Urban,10886,0,0,0,0.0,0.0,0.0,1
Urban,10887,0,0,0,0.0,0.0,0.0,1
Urban,10888,0,0,0,0.0,0.0,0.0,1
Urban,10889,0,0,0,0.0,0.0,0.0,1
Urban,10890,0,0,0,0.0,0.0,0.0,1
Urban,10891,0,0,0,0.0,0.0,0.0,1
Urban,10892,0,0,0,0.0,0.0,0.0,1
Urban,10893,0,0,0,0.0,0.0,0.0,1
Urban,10894,0,0,0,0.0,0.0,0.0,1
Urban,10895,0,0,0,0.0,0.0,0.0,1
Urban,10896,0,0,0,0.0,0.0,0.0,1
Urban,10897,0,0,0,0.0,0.0,0.0,1
Urban,10898,0,0,0,0.0,0.0,0.0,1
Urban,10899,0,0,0,0.0,0.0,0.0,1
Urban,10900,0,0,0,0.0,0.0,0.0,1
Urban,10901,0,0,0,0.0,0.0,0.0,1
Urban,10902,0,0,0,0.0,0.0,0.0,1
Urban,10903,0,0,0,0.0,0.0,0.0,1
Urban,10904,0,0,0,0.0,0.0,0.0,1
Urban,10905,0,0,0,0.0,0.0,0.0,1
Urban,10906,0,0,0,0.0,0.0,0.0,1
Urban,10907,0,0,0,0.0,0.0,0.0,1
Urban,10908,0,0,0,0.0,0.0,0.0,1
Urban,10909,0,0,0,0.0,0.0,0.0,1
Urban,10910,0,0,0,0.0,0.0,0.0,1
Urban,10911,0,0,0,0.0,0.0,0.0,1
Urban,10912,0,0,0,0.0,0.0,0.0,1
Urban,10913,0,0,0,0.0,0.0,0.0,1
Urban,10914,0,0,0,0.0,0.0,0.0,1
Urban,10915,0,0,0,0.0,0.0,0.0,1
Urban,10916,0,0,0,0.0,0.0,0.0,1
Urban,10917,0,0,0,0.0,0.0,0.0,1
Urban,10918,0,0,0,0.0,0.0,0.0,1
Urban,10919,0,0,0,0.0,0.0,0.0,1
Urban,10920,0,0,0,0.0,0.0,0.0,1
Urban,10921,0,0,0,0.0,0.0,0.0,1
Urban,10922,0,0,0,0.0,0.0,0.0,1
Urban,10923,0,0,0,0.0,0.0,0.0,1
Urban,10924,0,0,0,0.0,0.0,0.0,1
Urban,10925,0,0,0,0.0,0.0,0.0,1
Urban,10926,0,0,0,0.0,0.0,0.0,1
Urban,10927,0,0,0,0.0,0.0,0.0,1
Urban,10928,0,0,0,0.0,0.0,0.0,1
Urban,10929,0,0,0,0.0,0.0,0.0,1
Urban,10930,0,0,0,0.0,0.0,0.0,1
Urban,10931,0,0,0,0.0,0.0,0.0,1
Urban,10932,0,0,0,0.0,0.0,0.0,1
Urban,10933,0,0,0,0.0,0.0,0.0,1
Urban,10934,0,0,0,0.0,0.0,0.0,1
Urban,10935,0,0,0,0.0,0.0,0.0,1
Urban,10936,0,0,0,0.0,0.0,0.0,1
Urban,10937,0,0,0,0.0,0.0,0.0,1
Urban,10938,0,0,0,0.0,0.0,0.0,1
Urban,10939,0,0,0,0.0,0.0,0.0,1
Urban,10940,0,0,0,0.0,0.0,0.0,1
Urban,10941,0,0,0,0.0,0.0,0.0,1
Urban,10942,0,0,0,0.0,0.0,0.0,1
Urban,10943,0,0,0,0.0,0.0,0.0,1
Urban,10944,0,0,0,0.0,0.0,0.0,1
Urban,10945,0,0,0,0.0,0.0,0.0,1
Urban,10946,0,0,0,0.0,0.0,0.0,1
Urban,10947,0,0,0,0.0,0.0,0.0,1
Urban,10948,0,0,0,0.0,0.0,0.0,1
Urban,10949,0,0,0,0.0,0.0,0.0,1
Urban,10950,0,0,0,0.0,0.0,0.0,1
Urban,10951,0,0,0,0.0,0.0,0.0,1
Urban,10952,0,0,0,0.0,0.0,0.0,1
Urban,10953,0,0,0,0.0,0.0,0.0,1
Urban,10954,0,0,0,0.0,0.0,0.0,1
Urban,10955,0,0,0,0.0,0.0,0.0,1
Urban,10956,0,0,0,0.0,0.0,0.0,1
Urban,10957,0,0,0,0.0,0.0,0.0,1
Urban,10958,0,0,0,0.0,0.0,0.0,1
Urban,10959,0,0,0,0.0,0.0,0.0,1
Urban,10960,0,0,0,0.0,0.0,0.0,1
Urban,10961,0,0,0,0.0,0.0,0.0,1
Urban,10962,0,0,0,0.0,0.0,0.0,1
Urban,10963,0,0,0,0.0,0.0,0.0,1
Urban,10964,0,0,0,0.0,0.0,0.0,1
Urban,10965,0,0,0,0.0,0.0,0.0,1
Urban,10966,0,0,0,0.0,0.0,0.0,1
Urban,10967,0,0,0,0.0,0.0,0.0,1
Urban,10968,0,0,0,0.0,0.0,0.0,1
Urban,10969,0,0,0,0.0,0.0,0.0,1
Urban,10970,0,0,0,0.0,0.0,0.0,1
Urban,10971,0,0,0,0.0,0.0,0.0,1
Urban,10972,0,0,0,0.0,0.0,0.0,1
Urban,10973,0,0,0,0.0,0.0,0.0,1
Urban,10974,0,0,0,0.0,0.0,0.0,1
Urban,10975,0,0,0,0.0,0.0,0.0,1
Urban,10976,0,0,0,0.0,0.0,0.0,1
Urban,10977,0,0,0,0.0,0.0,0.0,1
Urban,10978,0,0,0,0.0,0.0,0.0,1
Urban,10979,0,0,0,0.0,0.0,0.0,1
Urban,10980,0,0,0,0.0,0.0,0.0,1
Urban,10981,0,0,0,0.0,0.0,0.0,1
Urban,10982,0,0,0,0.0,0.0,0.0,1
Urban,10983,0,0,0,0.0,0.0,0.0,1
Urban,10984,0,0,0,0.0,0.0,0.0,1
Urban,10985,0,0,0,0.0,0.0,0.0,1
Urban,10986,0,0,0,0.0,0.0,0.0,1
Urban,10987,0,0,0,0.0,0.0,0.0,1
Urban,10988,0,0,0,0.0,0.0,0.0,1
Urban,10989,0,0,0,0.0,0.0,0.0,1
Urban,10990,0,0,0,0.0,0.0,0.0,1
Urban,10991,0,0,0,0.0,0.0,0.0,1
Urban,10992,0,0,0,0.0,0.0,0.0,1
Urban,10993,0,0,0,0.0,0.0,0.0,1
Urban,10994,0,0,0,0.0,0.0,0.0,1
Urban,10995,0,0,0,0.0,0.0,0.0,1
Urban,10996,0,0,0,0.0,0.0,0.0,1
Urban,10997,0,0,0,0.0,0.0,0.0,1
Urban,10998,0,0,0,0.0,0.0,0.0,1
Urban,10999,0,0,0,0.0,0.0,0.0,1
Urban,11000,0,0,0,0.0,0.0,0.0,1
Urban,11001,0,0,0,0.0,0.0,0.0,1
Urban,11002,0,0,0,0.0,0.0,0.0,1
Urban,11003,0,0,0,0.0,0.0,0.0,1
Urban,11004,0,0,0,0.0,0.0,0.0,1
Urban,11005,0,0,0,0.0,0.0,0.0,1
Urban,11006,0,0,0,0.0,0.0,0.0,1
Urban,11007,0,0,0,0.0,0.0,0.0,1
Urban,11008,0,0,0,0.0,0.0,0.0,1
Urban,11009,0,0,0,0.0,0.0,0.0,1
Urban,11010,0,0,0,0.0,0.0,0.0,1
Urban,11011,0,0,0,0.0,0.0,0.0,1
Urban,11012,0,0,0,0.0,0.0,0.0,1
Urban,11013,0,0,0,0.0,0.0,0.0,1
Urban,11014,0,0,0,0.0,0.0,0.0,1
Urban,11015,0,0,0,0.0,0.0,0.0,1
Urban,11016,0,0,0,0.0,0.0,0.0,1
Urban,11017,0,0,0,0.0,0.0,0.0,1
Urban,11018,0,0,0,0.0,0.0,0.0,1
Urban,11019,0,0,0,0.0,0.0,0.0,1
Urban,11020,0,0,0,0.0,0.0,0.0,1
Urban,11021,0,0,0,0.0,0.0,0.0,1
Urban,11022,0,0,0,0.0,0.0,0.0,1
Urban,11023,0,0,0,0.0,0.0,0.0,1
Urban,11024,0,0,0,0.0,0.0,0.0,1
Urban,11025,0,0,0,0.0,0.0,0.0,1
Urban,11026,0,0,0,0.0,0.0,0.0,1
Urban,11027,0,0,0,0.0,0.0,0.0,1
Urban,11028,0,0,0,0.0,0.0,0.0,1
Urban,11029,0,0,0,0.0,0.0,0.0,1
Urban,11030,0,0,0,0.0,0.0,0.0,1
Urban,11031,0,0,0,0.0,0.0,0.0,1
Urban,11032,0,0,0,0.0,0.0,0.0,1
Urban,11033,0,0,0,0.0,0.0,0.0,1
Urban,11034,0,0,0,0.0,0.0,0.0,1
Urban,11035,0,0,0,0.0,0.0,0.0,1
Urban,11036,0,0,0,0.0,0.0,0.0,1
Urban,11037,0,0,0,0.0,0.0,0.0,1
Urban,11038,0,0,0,0.0,0.0,0.0,1
Urban,11039,0,0,0,0.0,0.0,0.0,1
Urban,11040,0,0,0,0.0,0.0,0.0,1
Urban,11041,0,0,0,0.0,0.0,0.0,1
Urban,11042,0,0,0,0.0,0.0,0.0,1
Urban,11043,0,0,0,0.0,0.0,0.0,1
Urban,11044,0,0,0,0.0,0.0,0.0,1
Urban,11045,0,0,0,0.0,0.0,0.0,1
Urban,11046,0,0,0,0.0,0.0,0.0,1
Urban,11047,0,0,0,0.0,0.0,0.0,1
Urban,11048,0,0,0,0.0,0.0,0.0,1
Urban,11049,0,0,0,0.0,0.0,0.0,1
Urban,11050,0,0,0,0.0,0.0,0.0,1
Urban,11051,0,0,0,0.0,0.0,0.0,1
Urban,11052,0,0,0,0.0,0.0,0.0,1
Urban,11053,0,0,0,0.0,0.0,0.0,1
Urban,11054,0,0,0,0.0,0.0,0.0,1
Urban,11055,0,0,0,0.0,0.0,0.0,1
Urban,11056,0,0,0,0.0,0.0,0.0,1
Urban,11057,0,0,0,0.0,0.0,0.0,1
Urban,11058,0,0,0,0.0,0.0,0.0,1
Urban,11059,0,0,0,0.0,0.0,0.0,1
Urban,11060,0,0,0,0.0,0.0,0.0,1
Urban,11061,0,0,0,0.0,0.0,0.0,1
Urban,11062,0,0,0,0.0,0.0,0.0,1
Urban,11063,0,0,0,0.0,0.0,0.0,1
Urban,11064,0,0,0,0.0,0.0,0.0,1
Urban,11065,0,0,0,0.0,0.0,0.0,1
Urban,11066,0,0,0,0.0,0.0,0.0,1
Urban,11067,0,0,0,0.0,0.0,0.0,1
Urban,11068,0,0,0,0.0,0.0,0.0,1
Urban,11069,0,0,0,0.0,0.0,0.0,1
Urban,11070,0,0,0,0.0,0.0,0.0,1
Urban,11071,0,0,0,0.0,0.0,0.0,1
Urban,11072,0,0,0,0.0,0.0,0.0,1
Urban,11073,0,0,0,0.0,0.0,0.0,1
Urban,11074,0,0,0,0.0,0.0,0.0,1
Urban,11075,0,0,0,0.0,0.0,0.0,1
Urban,11076,0,0,0,0.0,0.0,0.0,1
Urban,11077,0,0,0,0.0,0.0,0.0,1
Urban,11078,0,0,0,0.0,0.0,0.0,1
Urban,11079,0,0,0,0.0,0.0,0.0,1
Urban,11080,0,0,0,0.0,0.0,0.0,1
Urban,11081,0,0,0,0.0,0.0,0.0,1
Urban,11082,0,0,0,0.0,0.0,0.0,1
Urban,11083,0,0,0,0.0,0.0,0.0,1
Urban,11084,0,0,0,0.0,0.0,0.0,1
Urban,11085,0,0,0,0.0,0.0,0.0,1
Urban,11086,0,0,0,0.0,0.0,0.0,1
Urban,11087,0,0,0,0.0,0.0,0.0,1
Urban,11088,0,0,0,0.0,0.0,0.0,1
Urban,11089,0,0,0,0.0,0.0,0.0,1
Urban,11090,0,0,0,0.0,0.0,0.0,1
Urban,11091,0,0,0,0.0,0.0,0.0,1
Urban,11092,0,0,0,0.0,0.0,0.0,1
Urban,11093,0,0,0,0.0,0.0,0.0,1
Urban,11094,0,0,0,0.0,0.0,0.0,1
Urban,11095,0,0,0,0.0,0.0,0.0,1
Urban,11096,0,0,0,0.0,0.0,0.0,1
Urban,11097,0,0,0,0.0,0.0,0.0,1
Urban,11098,0,0,0,0.0,0.0,0.0,1
Urban,11099,0,0,0,0.0,0.0,0.0,1
Urban,11100,0,0,0,0.0,0.0,0.0,1
Urban,11101,0,0,0,0.0,0.0,0.0,1
Urban,11102,0,0,0,0.0,0.0,0.0,1
Urban,11103,0,0,0,0.0,0.0,0.0,1
Urban,11104,0,0,0,0.0,0.0,0.0,1
Urban,11105,0,0,0,0.0,0.0,0.0,1
Urban,11106,0,0,0,0.0,0.0,0.0,1
Urban,11107,0,0,0,0.0,0.0,0.0,1
Urban,11108,0,0,0,0.0,0.0,0.0,1
Urban,11109,0,0,0,0.0,0.0,0.0,1
Urban,11110,0,0,0,0.0,0.0,0.0,1
Urban,11111,0,0,0,0.0,0.0,0.0,1
Urban,11112,0,0,0,0.0,0.0,0.0,1
Urban,11113,0,0,0,0.0,0.0,0.0,1
Urban,11114,0,0,0,0.0,0.0,0.0,1
Urban,11115,0,0,0,0.0,0.0,0.0,1
Urban,11116,0,0,0,0.0,0.0,0.0,1
Urban,11117,0,0,0,0.0,0.0,0.0,1
Urban,11118,0,0,0,0.0,0.0,0.0,1
Urban,11119,0,0,0,0.0,0.0,0.0,1
Urban,11120,0,0,0,0.0,0.0,0.0,1
Urban,11121,0,0,0,0.0,0.0,0.0,1
Urban,11122,0,0,0,0.0,0.0,0.0,1
Urban,11123,0,0,0,0.0,0.0,0.0,1
Urban,11124,0,0,0,0.0,0.0,0.0,1
Urban,11125,0,0,0,0.0,0.0,0.0,1
Urban,11126,0,0,0,0.0,0.0,0.0,1
Urban,11127,0,0,0,0.0,0.0,0.0,1
Urban,11128,0,0,0,0.0,0.0,0.0,1
Urban,11129,0,0,0,0.0,0.0,0.0,1
Urban,11130,0,0,0,0.0,0.0,0.0,1
Urban,11131,0,0,0,0.0,0.0,0.0,1
Urban,11132,0,0,0,0.0,0.0,0.0,1
Urban,11133,0,0,0,0.0,0.0,0.0,1
Urban,11134,0,0,0,0.0,0.0,0.0,1
Urban,11135,0,0,0,0.0,0.0,0.0,1
Urban,11136,0,0,0,0.0,0.0,0.0,1
Urban,11137,0,0,0,0.0,0.0,0.0,1
Urban,11138,0,0,0,0.0,0.0,0.0,1
Urban,11139,0,0,0,0.0,0.0,0.0,1
Urban,11140,0,0,0,0.0,0.0,0.0,1
Urban,11141,0,0,0,0.0,0.0,0.0,1
Urban,11142,0,0,0,0.0,0.0,0.0,1
Urban,11143,0,0,0,0.0,0.0,0.0,1
Urban,11144,0,0,0,0.0,0.0,0.0,1
Urban,11145,0,0,0,0.0,0.0,0.0,1
Urban,11146,0,0,0,0.0,0.0,0.0,1
Urban,11147,0,0,0,0.0,0.0,0.0,1
Urban,11148,0,0,0,0.0,0.0,0.0,1
Urban,11149,0,0,0,0.0,0.0,0.0,1
Urban,11150,0,0,0,0.0,0.0,0.0,1
Urban,11151,0,0,0,0.0,0.0,0.0,1
Urban,11152,0,0,0,0.0,0.0,0.0,1
Urban,11153,0,0,0,0.0,0.0,0.0,1
Urban,11154,0,0,0,0.0,0.0,0.0,1
Urban,11155,0,0,0,0.0,0.0,0.0,1
Urban,11156,0,0,0,0.0,0.0,0.0,1
Urban,11157,0,0,0,0.0,0.0,0.0,1
Urban,11158,0,0,0,0.0,0.0,0.0,1
Urban,11159,0,0,0,0.0,0.0,0.0,1
Urban,11160,0,0,0,0.0,0.0,0.0,1
Urban,11161,0,0,0,0.0,0.0,0.0,1
Urban,11162,0,0,0,0.0,0.0,0.0,1
Urban,11163,0,0,0,0.0,0.0,0.0,1
Urban,11164,0,0,0,0.0,0.0,0.0,1
Urban,11165,0,0,0,0.0,0.0,0.0,1
Urban,11166,0,0,0,0.0,0.0,0.0,1
Urban,11167,0,0,0,0.0,0.0,0.0,1
Urban,11168,0,0,0,0.0,0.0,0.0,1
Urban,11169,0,0,0,0.0,0.0,0.0,1
Urban,11170,0,0,0,0.0,0.0,0.0,1
Urban,11171,0,0,0,0.0,0.0,0.0,1
Urban,11172,0,0,0,0.0,0.0,0.0,1
Urban,11173,0,0,0,0.0,0.0,0.0,1
Urban,11174,0,0,0,0.0,0.0,0.0,1
Urban,11175,0,0,0,0.0,0.0,0.0,1
Urban,11176,0,0,0,0.0,0.0,0.0,1
Urban,11177,0,0,0,0.0,0.0,0.0,1
Urban,11178,0,0,0,0.0,0.0,0.0,1
Urban,11179,0,0,0,0.0,0.0,0.0,1
Urban,11180,0,0,0,0.0,0.0,0.0,1
Urban,11181,0,0,0,0.0,0.0,0.0,1
Urban,11182,0,0,0,0.0,0.0,0.0,1
Urban,11183,0,0,0,0.0,0.0,0.0,1
Urban,11184,0,0,0,0.0,0.0,0.0,1
Urban,11185,0,0,0,0.0,0.0,0.0,1
Urban,11186,0,0,0,0.0,0.0,0.0,1
Urban,11187,0,0,0,0.0,0.0,0.0,1
Urban,11188,0,0,0,0.0,0.0,0.0,1
Urban,11189,0,0,0,0.0,0.0,0.0,1
Urban,11190,0,0,0,0.0,0.0,0.0,1
Urban,11191,0,0,0,0.0,0.0,0.0,1
Urban,11192,0,0,0,0.0,0.0,0.0,1
Urban,11193,0,0,0,0.0,0.0,0.0,1
Urban,11194,0,0,0,0.0,0.0,0.0,1
Urban,11195,0,0,0,0.0,0.0,0.0,1
Urban,11196,0,0,0,0.0,0.0,0.0,1
Urban,11197,0,0,0,0.0,0.0,0.0,1
Urban,11198,0,0,0,0.0,0.0,0.0,1
Urban,11199,0,0,0,0.0,0.0,0.0,1
Urban,11200,0,0,0,0.0,0.0,0.0,1
Urban,11201,0,0,0,0.0,0.0,0.0,1
Urban,11202,0,0,0,0.0,0.0,0.0,1
Urban,11203,0,0,0,0.0,0.0,0.0,1
Urban,11204,0,0,0,0.0,0.0,0.0,1
Urban,11205,0,0,0,0.0,0.0,0.0,1
Urban,11206,0,0,0,0.0,0.0,0.0,1
Urban,11207,0,0,0,0.0,0.0,0.0,1
Urban,11208,0,0,0,0.0,0.0,0.0,1
Urban,11209,0,0,0,0.0,0.0,0.0,1
Urban,11210,0,0,0,0.0,0.0,0.0,1
Urban,11211,0,0,0,0.0,0.0,0.0,1
Urban,11212,0,0,0,0.0,0.0,0.0,1
Urban,11213,0,0,0,0.0,0.0,0.0,1
Urban,11214,0,0,0,0.0,0.0,0.0,1
Urban,11215,0,0,0,0.0,0.0,0.0,1
Urban,11216,0,0,0,0.0,0.0,0.0,1
Urban,11217,0,0,0,0.0,0.0,0.0,1
Urban,11218,0,0,0,0.0,0.0,0.0,1
Urban,11219,0,0,0,0.0,0.0,0.0,1
Urban,11220,0,0,0,0.0,0.0,0.0,1
Urban,11221,0,0,0,0.0,0.0,0.0,1
Urban,11222,0,0,0,0.0,0.0,0.0,1
Urban,11223,0,0,0,0.0,0.0,0.0,1
Urban,11224,0,0,0,0.0,0.0,0.0,1
Urban,11225,0,0,0,0.0,0.0,0.0,1
Urban,11226,0,0,0,0.0,0.0,0.0,1
Urban,11227,0,0,0,0.0,0.0,0.0,1
Urban,11228,0,0,0,0.0,0.0,0.0,1
Urban,11229,0,0,0,0.0,0.0,0.0,1
Urban,11230,0,0,0,0.0,0.0,0.0,1
Urban,11231,0,0,0,0.0,0.0,0.0,1
Urban,11232,0,0,0,0.0,0.0,0.0,1
Urban,11233,0,0,0,0.0,0.0,0.0,1
Urban,11234,0,0,0,0.0,0.0,0.0,1
Urban,11235,0,0,0,0.0,0.0,0.0,1
Urban,11236,0,0,0,0.0,0.0,0.0,1
Urban,11237,0,0,0,0.0,0.0,0.0,1
Urban,11238,0,0,0,0.0,0.0,0.0,1
Urban,11239,0,0,0,0.0,0.0,0.0,1
Urban,11240,0,0,0,0.0,0.0,0.0,1
Urban,11241,0,0,0,0.0,0.0,0.0,1
Urban,11242,0,0,0,0.0,0.0,0.0,1
Urban,11243,0,0,0,0.0,0.0,0.0,1
Urban,11244,0,0,0,0.0,0.0,0.0,1
Urban,11245,0,0,0,0.0,0.0,0.0,1
Urban,11246,0,0,0,0.0,0.0,0.0,1
Urban,11247,0,0,0,0.0,0.0,0.0,1
Urban,11248,0,0,0,0.0,0.0,0.0,1
Urban,11249,0,0,0,0.0,0.0,0.0,1
Urban,11250,0,0,0,0.0,0.0,0.0,1
Urban,11251,0,0,0,0.0,0.0,0.0,1
Urban,11252,0,0,0,0.0,0.0,0.0,1
Urban,11253,0,0,0,0.0,0.0,0.0,1
Urban,11254,0,0,0,0.0,0.0,0.0,1
Urban,11255,0,0,0,0.0,0.0,0.0,1
Urban,11256,0,0,0,0.0,0.0,0.0,1
Urban,11257,0,0,0,0.0,0.0,0.0,1
Urban,11258,0,0,0,0.0,0.0,0.0,1
Urban,11259,0,0,0,0.0,0.0,0.0,1
Urban,11260,0,0,0,0.0,0.0,0.0,1
Urban,11261,0,0,0,0.0,0.0,0.0,1
Urban,11262,0,0,0,0.0,0.0,0.0,1
Urban,11263,0,0,0,0.0,0.0,0.0,1
Urban,11264,0,0,0,0.0,0.0,0.0,1
Urban,11265,0,0,0,0.0,0.0,0.0,1
Urban,11266,0,0,0,0.0,0.0,0.0,1
Urban,11267,0,0,0,0.0,0.0,0.0,1
Urban,11268,0,0,0,0.0,0.0,0.0,1
Urban,11269,0,0,0,0.0,0.0,0.0,1
Urban,11270,0,0,0,0.0,0.0,0.0,1
Urban,11271,0,0,0,0.0,0.0,0.0,1
Urban,11272,0,0,0,0.0,0.0,0.0,1
Urban,11273,0,0,0,0.0,0.0,0.0,1
Urban,11274,0,0,0,0.0,0.0,0.0,1
Urban,11275,0,0,0,0.0,0.0,0.0,1
Urban,11276,0,0,0,0.0,0.0,0.0,1
Urban,11277,0,0,0,0.0,0.0,0.0,1
Urban,11278,0,0,0,0.0,0.0,0.0,1
Urban,11279,0,0,0,0.0,0.0,0.0,1
Urban,11280,0,0,0,0.0,0.0,0.0,1
Urban,11281,0,0,0,0.0,0.0,0.0,1
Urban,11282,0,0,0,0.0,0.0,0.0,1
Urban,11283,0,0,0,0.0,0.0,0.0,1
Urban,11284,0,0,0,0.0,0.0,0.0,1
Urban,11285,0,0,0,0.0,0.0,0.0,1
Urban,11286,0,0,0,0.0,0.0,0.0,1
Urban,11287,0,0,0,0.0,0.0,0.0,1
Urban,11288,0,0,0,0.0,0.0,0.0,1
Urban,11289,0,0,0,0.0,0.0,0.0,1
Urban,11290,0,0,0,0.0,0.0,0.0,1
Urban,11291,0,0,0,0.0,0.0,0.0,1
Urban,11292,0,0,0,0.0,0.0,0.0,1
Urban,11293,0,0,0,0.0,0.0,0.0,1
Urban,11294,0,0,0,0.0,0.0,0.0,1
Urban,11295,0,0,0,0.0,0.0,0.0,1
Urban,11296,0,0,0,0.0,0.0,0.0,1
Urban,11297,0,0,0,0.0,0.0,0.0,1
Urban,11298,0,0,0,0.0,0.0,0.0,1
Urban,11299,0,0,0,0.0,0.0,0.0,1
Urban,11300,0,0,0,0.0,0.0,0.0,1
Urban,11301,0,0,0,0.0,0.0,0.0,1
Urban,11302,0,0,0,0.0,0.0,0.0,1
Urban,11303,0,0,0,0.0,0.0,0.0,1
Urban,11304,0,0,0,0.0,0.0,0.0,1
Urban,11305,0,0,0,0.0,0.0,0.0,1
Urban,11306,0,0,0,0.0,0.0,0.0,1
Urban,11307,0,0,0,0.0,0.0,0.0,1
Urban,11308,0,0,0,0.0,0.0,0.0,1
Urban,11309,0,0,0,0.0,0.0,0.0,1
Urban,11310,0,0,0,0.0,0.0,0.0,1
Urban,11311,0,0,0,0.0,0.0,0.0,1
Urban,11312,0,0,0,0.0,0.0,0.0,1
Urban,11313,0,0,0,0.0,0.0,0.0,1
Urban,11314,0,0,0,0.0,0.0,0.0,1
Urban,11315,0,0,0,0.0,0.0,0.0,1
Urban,11316,0,0,0,0.0,0.0,0.0,1
Urban,11317,0,0,0,0.0,0.0,0.0,1
Urban,11318,0,0,0,0.0,0.0,0.0,1
Urban,11319,0,0,0,0.0,0.0,0.0,1
Urban,11320,0,0,0,0.0,0.0,0.0,1
Urban,11321,0,0,0,0.0,0.0,0.0,1
Urban,11322,0,0,0,0.0,0.0,0.0,1
Urban,11323,0,0,0,0.0,0.0,0.0,1
Urban,11324,0,0,0,0.0,0.0,0.0,1
Urban,11325,0,0,0,0.0,0.0,0.0,1
Urban,11326,0,0,0,0.0,0.0,0.0,1
Urban,11327,0,0,0,0.0,0.0,0.0,1
Urban,11328,0,0,0,0.0,0.0,0.0,1
Urban,11329,0,0,0,0.0,0.0,0.0,1
Urban,11330,0,0,0,0.0,0.0,0.0,1
Urban,11331,0,0,0,0.0,0.0,0.0,1
Urban,11332,0,0,0,0.0,0.0,0.0,1
Urban,11333,0,0,0,0.0,0.0,0.0,1
Urban,11334,0,0,0,0.0,0.0,0.0,1
Urban,11335,0,0,0,0.0,0.0,0.0,1
Urban,11336,0,0,0,0.0,0.0,0.0,1
Urban,11337,0,0,0,0.0,0.0,0.0,1
Urban,11338,0,0,0,0.0,0.0,0.0,1
Urban,11339,0,0,0,0.0,0.0,0.0,1
Urban,11340,0,0,0,0.0,0.0,0.0,1
Urban,11341,0,0,0,0.0,0.0,0.0,1
Urban,11342,0,0,0,0.0,0.0,0.0,1
Urban,11343,0,0,0,0.0,0.0,0.0,1
Urban,11344,0,0,0,0.0,0.0,0.0,1
Urban,11345,0,0,0,0.0,0.0,0.0,1
Urban,11346,0,0,0,0.0,0.0,0.0,1
Urban,11347,0,0,0,0.0,0.0,0.0,1
Urban,11348,0,0,0,0.0,0.0,0.0,1
Urban,11349,0,0,0,0.0,0.0,0.0,1
Urban,11350,0,0,0,0.0,0.0,0.0,1
Urban,11351,0,0,0,0.0,0.0,0.0,1
Urban,11352,0,0,0,0.0,0.0,0.0,1
Urban,11353,0,0,0,0.0,0.0,0.0,1
Urban,11354,0,0,0,0.0,0.0,0.0,1
Urban,11355,0,0,0,0.0,0.0,0.0,1
Urban,11356,0,0,0,0.0,0.0,0.0,1
Urban,11357,0,0,0,0.0,0.0,0.0,1
Urban,11358,0,0,0,0.0,0.0,0.0,1
Urban,11359,0,0,0,0.0,0.0,0.0,1
Urban,11360,0,0,0,0.0,0.0,0.0,1
Urban,11361,0,0,0,0.0,0.0,0.0,1
Urban,11362,0,0,0,0.0,0.0,0.0,1
Urban,11363,0,0,0,0.0,0.0,0.0,1
Urban,11364,0,0,0,0.0,0.0,0.0,1
Urban,11365,0,0,0,0.0,0.0,0.0,1
Urban,11366,0,0,0,0.0,0.0,0.0,1
Urban,11367,0,0,0,0.0,0.0,0.0,1
Urban,11368,0,0,0,0.0,0.0,0.0,1
Urban,11369,0,0,0,0.0,0.0,0.0,1
Urban,11370,0,0,0,0.0,0.0,0.0,1
Urban,11371,0,0,0,0.0,0.0,0.0,1
Urban,11372,0,0,0,0.0,0.0,0.0,1
Urban,11373,0,0,0,0.0,0.0,0.0,1
Urban,11374,0,0,0,0.0,0.0,0.0,1
Urban,11375,0,0,0,0.0,0.0,0.0,1
Urban,11376,0,0,0,0.0,0.0,0.0,1
Urban,11377,0,0,0,0.0,0.0,0.0,1
Urban,11378,0,0,0,0.0,0.0,0.0,1
Urban,11379,0,0,0,0.0,0.0,0.0,1
Urban,11380,0,0,0,0.0,0.0,0.0,1
Urban,11381,0,0,0,0.0,0.0,0.0,1
Urban,11382,0,0,0,0.0,0.0,0.0,1
Urban,11383,0,0,0,0.0,0.0,0.0,1
Urban,11384,0,0,0,0.0,0.0,0.0,1
Urban,11385,0,0,0,0.0,0.0,0.0,1
Urban,11386,0,0,0,0.0,0.0,0.0,1
Urban,11387,0,0,0,0.0,0.0,0.0,1
Urban,11388,0,0,0,0.0,0.0,0.0,1
Urban,11389,0,0,0,0.0,0.0,0.0,1
Urban,11390,0,0,0,0.0,0.0,0.0,1
Urban,11391,0,0,0,0.0,0.0,0.0,1
Urban,11392,0,0,0,0.0,0.0,0.0,1
Urban,11393,0,0,0,0.0,0.0,0.0,1
Urban,11394,0,0,0,0.0,0.0,0.0,1
Urban,11395,0,0,0,0.0,0.0,0.0,1
Urban,11396,0,0,0,0.0,0.0,0.0,1
Urban,11397,0,0,0,0.0,0.0,0.0,1
Urban,11398,0,0,0,0.0,0.0,0.0,1
Urban,11399,0,0,0,0.0,0.0,0.0,1
Urban,11400,0,0,0,0.0,0.0,0.0,1
Urban,11401,0,0,0,0.0,0.0,0.0,1
Urban,11402,0,0,0,0.0,0.0,0.0,1
Urban,11403,0,0,0,0.0,0.0,0.0,1
Urban,11404,0,0,0,0.0,0.0,0.0,1
Urban,11405,0,0,0,0.0,0.0,0.0,1
Urban,11406,0,0,0,0.0,0.0,0.0,1
Urban,11407,0,0,0,0.0,0.0,0.0,1
Urban,11408,0,0,0,0.0,0.0,0.0,1
Urban,11409,0,0,0,0.0,0.0,0.0,1
Urban,11410,0,0,0,0.0,0.0,0.0,1
Urban,11411,0,0,0,0.0,0.0,0.0,1
Urban,11412,0,0,0,0.0,0.0,0.0,1
Urban,11413,0,0,0,0.0,0.0,0.0,1
Urban,11414,0,0,0,0.0,0.0,0.0,1
Urban,11415,0,0,0,0.0,0.0,0.0,1
Urban,11416,0,0,0,0.0,0.0,0.0,1
Urban,11417,0,0,0,0.0,0.0,0.0,1
Urban,11418,0,0,0,0.0,0.0,0.0,1
Urban,11419,0,0,0,0.0,0.0,0.0,1
Urban,11420,0,0,0,0.0,0.0,0.0,1
Urban,11421,0,0,0,0.0,0.0,0.0,1
Urban,11422,0,0,0,0.0,0.0,0.0,1
Urban,11423,0,0,0,0.0,0.0,0.0,1
Urban,11424,0,0,0,0.0,0.0,0.0,1
Urban,11425,0,0,0,0.0,0.0,0.0,1
Urban,11426,0,0,0,0.0,0.0,0.0,1
Urban,11427,0,0,0,0.0,0.0,0.0,1
Urban,11428,0,0,0,0.0,0.0,0.0,1
Urban,11429,0,0,0,0.0,0.0,0.0,1
Urban,11430,0,0,0,0.0,0.0,0.0,1
Urban,11431,0,0,0,0.0,0.0,0.0,1
Urban,11432,0,0,0,0.0,0.0,0.0,1
Urban,11433,0,0,0,0.0,0.0,0.0,1
Urban,11434,0,0,0,0.0,0.0,0.0,1
Urban,11435,0,0,0,0.0,0.0,0.0,1
Urban,11436,0,0,0,0.0,0.0,0.0,1
Urban,11437,0,0,0,0.0,0.0,0.0,1
Urban,11438,0,0,0,0.0,0.0,0.0,1
Urban,11439,0,0,0,0.0,0.0,0.0,1
Urban,11440,0,0,0,0.0,0.0,0.0,1
Urban,11441,0,0,0,0.0,0.0,0.0,1
Urban,11442,0,0,0,0.0,0.0,0.0,1
Urban,11443,0,0,0,0.0,0.0,0.0,1
Urban,11444,0,0,0,0.0,0.0,0.0,1
Urban,11445,0,0,0,0.0,0.0,0.0,1
Urban,11446,0,0,0,0.0,0.0,0.0,1
Urban,11447,0,0,0,0.0,0.0,0.0,1
Urban,11448,0,0,0,0.0,0.0,0.0,1
Urban,11449,0,0,0,0.0,0.0,0.0,1
Urban,11450,0,0,0,0.0,0.0,0.0,1
Urban,11451,0,0,0,0.0,0.0,0.0,1
Urban,11452,0,0,0,0.0,0.0,0.0,1
Urban,11453,0,0,0,0.0,0.0,0.0,1
Urban,11454,0,0,0,0.0,0.0,0.0,1
Urban,11455,0,0,0,0.0,0.0,0.0,1
Urban,11456,0,0,0,0.0,0.0,0.0,1
Urban,11457,0,0,0,0.0,0.0,0.0,1
Urban,11458,0,0,0,0.0,0.0,0.0,1
Urban,11459,0,0,0,0.0,0.0,0.0,1
Urban,11460,0,0,0,0.0,0.0,0.0,1
Urban,11461,0,0,0,0.0,0.0,0.0,1
Urban,11462,0,0,0,0.0,0.0,0.0,1
Urban,11463,0,0,0,0.0,0.0,0.0,1
Urban,11464,0,0,0,0.0,0.0,0.0,1
Urban,11465,0,0,0,0.0,0.0,0.0,1
Urban,11466,0,0,0,0.0,0.0,0.0,1
Urban,11467,0,0,0,0.0,0.0,0.0,1
Urban,11468,0,0,0,0.0,0.0,0.0,1
Urban,11469,0,0,0,0.0,0.0,0.0,1
Urban,11470,0,0,0,0.0,0.0,0.0,1
Urban,11471,0,0,0,0.0,0.0,0.0,1
Urban,11472,0,0,0,0.0,0.0,0.0,1
Urban,11473,0,0,0,0.0,0.0,0.0,1
Urban,11474,0,0,0,0.0,0.0,0.0,1
Urban,11475,0,0,0,0.0,0.0,0.0,1
Urban,11476,0,0,0,0.0,0.0,0.0,1
Urban,11477,0,0,0,0.0,0.0,0.0,1
Urban,11478,0,0,0,0.0,0.0,0.0,1
Urban,11479,0,0,0,0.0,0.0,0.0,1
Urban,11480,0,0,0,0.0,0.0,0.0,1
Urban,11481,0,0,0,0.0,0.0,0.0,1
Urban,11482,0,0,0,0.0,0.0,0.0,1
Urban,11483,0,0,0,0.0,0.0,0.0,1
Urban,11484,0,0,0,0.0,0.0,0.0,1
Urban,11485,0,0,0,0.0,0.0,0.0,1
Urban,11486,0,0,0,0.0,0.0,0.0,1
Urban,11487,0,0,0,0.0,0.0,0.0,1
Urban,11488,0,0,0,0.0,0.0,0.0,1
Urban,11489,0,0,0,0.0,0.0,0.0,1
Urban,11490,0,0,0,0.0,0.0,0.0,1
Urban,11491,0,0,0,0.0,0.0,0.0,1
Urban,11492,0,0,0,0.0,0.0,0.0,1
Urban,11493,0,0,0,0.0,0.0,0.0,1
Urban,11494,0,0,0,0.0,0.0,0.0,1
Urban,11495,0,0,0,0.0,0.0,0.0,1
Urban,11496,0,0,0,0.0,0.0,0.0,1
Urban,11497,0,0,0,0.0,0.0,0.0,1
Urban,11498,0,0,0,0.0,0.0,0.0,1
Urban,11499,0,0,0,0.0,0.0,0.0,1
Urban,11500,0,0,0,0.0,0.0,0.0,1
Urban,11501,0,0,0,0.0,0.0,0.0,1
Urban,11502,0,0,0,0.0,0.0,0.0,1
Urban,11503,0,0,0,0.0,0.0,0.0,1
Urban,11504,0,0,0,0.0,0.0,0.0,1
Urban,11505,0,0,0,0.0,0.0,0.0,1
Urban,11506,0,0,0,0.0,0.0,0.0,1
Urban,11507,0,0,0,0.0,0.0,0.0,1
Urban,11508,0,0,0,0.0,0.0,0.0,1
Urban,11509,0,0,0,0.0,0.0,0.0,1
Urban,11510,0,0,0,0.0,0.0,0.0,1
Urban,11511,0,0,0,0.0,0.0,0.0,1
Urban,11512,0,0,0,0.0,0.0,0.0,1
Urban,11513,0,0,0,0.0,0.0,0.0,1
Urban,11514,0,0,0,0.0,0.0,0.0,1
Urban,11515,0,0,0,0.0,0.0,0.0,1
Urban,11516,0,0,0,0.0,0.0,0.0,1
Urban,11517,0,0,0,0.0,0.0,0.0,1
Urban,11518,0,0,0,0.0,0.0,0.0,1
Urban,11519,0,0,0,0.0,0.0,0.0,1
Urban,11520,0,0,0,0.0,0.0,0.0,1
Urban,11521,0,0,0,0.0,0.0,0.0,1
Urban,11522,0,0,0,0.0,0.0,0.0,1
Urban,11523,0,0,0,0.0,0.0,0.0,1
Urban,11524,0,0,0,0.0,0.0,0.0,1
Urban,11525,0,0,0,0.0,0.0,0.0,1
Urban,11526,0,0,0,0.0,0.0,0.0,1
Urban,11527,0,0,0,0.0,0.0,0.0,1
Urban,11528,0,0,0,0.0,0.0,0.0,1
Urban,11529,0,0,0,0.0,0.0,0.0,1
Urban,11530,0,0,0,0.0,0.0,0.0,1
Urban,11531,0,0,0,0.0,0.0,0.0,1
Urban,11532,0,0,0,0.0,0.0,0.0,1
Urban,11533,0,0,0,0.0,0.0,0.0,1
Urban,11534,0,0,0,0.0,0.0,0.0,1
Urban,11535,0,0,0,0.0,0.0,0.0,1
Urban,11536,0,0,0,0.0,0.0,0.0,1
Urban,11537,0,0,0,0.0,0.0,0.0,1
Urban,11538,0,0,0,0.0,0.0,0.0,1
Urban,11539,0,0,0,0.0,0.0,0.0,1
Urban,11540,0,0,0,0.0,0.0,0.0,1
Urban,11541,0,0,0,0.0,0.0,0.0,1
Urban,11542,0,0,0,0.0,0.0,0.0,1
Urban,11543,0,0,0,0.0,0.0,0.0,1
Urban,11544,0,0,0,0.0,0.0,0.0,1
Urban,11545,0,0,0,0.0,0.0,0.0,1
Urban,11546,0,0,0,0.0,0.0,0.0,1
Urban,11547,0,0,0,0.0,0.0,0.0,1
Urban,11548,0,0,0,0.0,0.0,0.0,1
Urban,11549,0,0,0,0.0,0.0,0.0,1
Urban,11550,0,0,0,0.0,0.0,0.0,1
Urban,11551,0,0,0,0.0,0.0,0.0,1
Urban,11552,0,0,0,0.0,0.0,0.0,1
Urban,11553,0,0,0,0.0,0.0,0.0,1
Urban,11554,0,0,0,0.0,0.0,0.0,1
Urban,11555,0,0,0,0.0,0.0,0.0,1
Urban,11556,0,0,0,0.0,0.0,0.0,1
Urban,11557,0,0,0,0.0,0.0,0.0,1
Urban,11558,0,0,0,0.0,0.0,0.0,1
Urban,11559,0,0,0,0.0,0.0,0.0,1
Urban,11560,0,0,0,0.0,0.0,0.0,1
Urban,11561,0,0,0,0.0,0.0,0.0,1
Urban,11562,0,0,0,0.0,0.0,0.0,1
Urban,11563,0,0,0,0.0,0.0,0.0,1
Urban,11564,0,0,0,0.0,0.0,0.0,1
Urban,11565,0,0,0,0.0,0.0,0.0,1
Urban,11566,0,0,0,0.0,0.0,0.0,1
Urban,11567,0,0,0,0.0,0.0,0.0,1
Urban,11568,0,0,0,0.0,0.0,0.0,1
Urban,11569,0,0,0,0.0,0.0,0.0,1
Urban,11570,0,0,0,0.0,0.0,0.0,1
Urban,11571,0,0,0,0.0,0.0,0.0,1
Urban,11572,0,0,0,0.0,0.0,0.0,1
Urban,11573,0,0,0,0.0,0.0,0.0,1
Urban,11574,0,0,0,0.0,0.0,0.0,1
Urban,11575,0,0,0,0.0,0.0,0.0,1
Urban,11576,0,0,0,0.0,0.0,0.0,1
Urban,11577,0,0,0,0.0,0.0,0.0,1
Urban,11578,0,0,0,0.0,0.0,0.0,1
Urban,11579,0,0,0,0.0,0.0,0.0,1
Urban,11580,0,0,0,0.0,0.0,0.0,1
Urban,11581,0,0,0,0.0,0.0,0.0,1
Urban,11582,0,0,0,0.0,0.0,0.0,1
Urban,11583,0,0,0,0.0,0.0,0.0,1
Urban,11584,0,0,0,0.0,0.0,0.0,1
Urban,11585,0,0,0,0.0,0.0,0.0,1
Urban,11586,0,0,0,0.0,0.0,0.0,1
Urban,11587,0,0,0,0.0,0.0,0.0,1
Urban,11588,0,0,0,0.0,0.0,0.0,1
Urban,11589,0,0,0,0.0,0.0,0.0,1
Urban,11590,0,0,0,0.0,0.0,0.0,1
Urban,11591,0,0,0,0.0,0.0,0.0,1
Urban,11592,0,0,0,0.0,0.0,0.0,1
Urban,11593,0,0,0,0.0,0.0,0.0,1
Urban,11594,0,0,0,0.0,0.0,0.0,1
Urban,11595,0,0,0,0.0,0.0,0.0,1
Urban,11596,0,0,0,0.0,0.0,0.0,1
Urban,11597,0,0,0,0.0,0.0,0.0,1
Urban,11598,0,0,0,0.0,0.0,0.0,1
Urban,11599,0,0,0,0.0,0.0,0.0,1
Urban,11600,0,0,0,0.0,0.0,0.0,1
Urban,11601,0,0,0,0.0,0.0,0.0,1
Urban,11602,0,0,0,0.0,0.0,0.0,1
Urban,11603,0,0,0,0.0,0.0,0.0,1
Urban,11604,0,0,0,0.0,0.0,0.0,1
Urban,11605,0,0,0,0.0,0.0,0.0,1
Urban,11606,0,0,0,0.0,0.0,0.0,1
Urban,11607,0,0,0,0.0,0.0,0.0,1
Urban,11608,0,0,0,0.0,0.0,0.0,1
Urban,11609,0,0,0,0.0,0.0,0.0,1
Urban,11610,0,0,0,0.0,0.0,0.0,1
Urban,11611,0,0,0,0.0,0.0,0.0,1
Urban,11612,0,0,0,0.0,0.0,0.0,1
Urban,11613,0,0,0,0.0,0.0,0.0,1
Urban,11614,0,0,0,0.0,0.0,0.0,1
Urban,11615,0,0,0,0.0,0.0,0.0,1
Urban,11616,0,0,0,0.0,0.0,0.0,1
Urban,11617,0,0,0,0.0,0.0,0.0,1
Urban,11618,0,0,0,0.0,0.0,0.0,1
Urban,11619,0,0,0,0.0,0.0,0.0,1
Urban,11620,0,0,0,0.0,0.0,0.0,1
Urban,11621,0,0,0,0.0,0.0,0.0,1
Urban,11622,0,0,0,0.0,0.0,0.0,1
Urban,11623,0,0,0,0.0,0.0,0.0,1
Urban,11624,0,0,0,0.0,0.0,0.0,1
Urban,11625,0,0,0,0.0,0.0,0.0,1
Urban,11626,0,0,0,0.0,0.0,0.0,1
Urban,11627,0,0,0,0.0,0.0,0.0,1
Urban,11628,0,0,0,0.0,0.0,0.0,1
Urban,11629,0,0,0,0.0,0.0,0.0,1
Urban,11630,0,0,0,0.0,0.0,0.0,1
Urban,11631,0,0,0,0.0,0.0,0.0,1
Urban,11632,0,0,0,0.0,0.0,0.0,1
Urban,11633,0,0,0,0.0,0.0,0.0,1
Urban,11634,0,0,0,0.0,0.0,0.0,1
Urban,11635,0,0,0,0.0,0.0,0.0,1
Urban,11636,0,0,0,0.0,0.0,0.0,1
Urban,11637,0,0,0,0.0,0.0,0.0,1
Urban,11638,0,0,0,0.0,0.0,0.0,1
Urban,11639,0,0,0,0.0,0.0,0.0,1
Urban,11640,0,0,0,0.0,0.0,0.0,1
Urban,11641,0,0,0,0.0,0.0,0.0,1
Urban,11642,0,0,0,0.0,0.0,0.0,1
Urban,11643,0,0,0,0.0,0.0,0.0,1
Urban,11644,0,0,0,0.0,0.0,0.0,1
Urban,11645,0,0,0,0.0,0.0,0.0,1
Urban,11646,0,0,0,0.0,0.0,0.0,1
Urban,11647,0,0,0,0.0,0.0,0.0,1
Urban,11648,0,0,0,0.0,0.0,0.0,1
Urban,11649,0,0,0,0.0,0.0,0.0,1
Urban,11650,0,0,0,0.0,0.0,0.0,1
Urban,11651,0,0,0,0.0,0.0,0.0,1
Urban,11652,0,0,0,0.0,0.0,0.0,1
Urban,11653,0,0,0,0.0,0.0,0.0,1
Urban,11654,0,0,0,0.0,0.0,0.0,1
Urban,11655,0,0,0,0.0,0.0,0.0,1
Urban,11656,0,0,0,0.0,0.0,0.0,1
Urban,11657,0,0,0,0.0,0.0,0.0,1
Urban,11658,0,0,0,0.0,0.0,0.0,1
Urban,11659,0,0,0,0.0,0.0,0.0,1
Urban,11660,0,0,0,0.0,0.0,0.0,1
Urban,11661,0,0,0,0.0,0.0,0.0,1
Urban,11662,0,0,0,0.0,0.0,0.0,1
Urban,11663,0,0,0,0.0,0.0,0.0,1
Urban,11664,0,0,0,0.0,0.0,0.0,1
Urban,11665,0,0,0,0.0,0.0,0.0,1
Urban,11666,0,0,0,0.0,0.0,0.0,1
Urban,11667,0,0,0,0.0,0.0,0.0,1
Urban,11668,0,0,0,0.0,0.0,0.0,1
Urban,11669,0,0,0,0.0,0.0,0.0,1
Urban,11670,0,0,0,0.0,0.0,0.0,1
Urban,11671,0,0,0,0.0,0.0,0.0,1
Urban,11672,0,0,0,0.0,0.0,0.0,1
Urban,11673,0,0,0,0.0,0.0,0.0,1
Urban,11674,0,0,0,0.0,0.0,0.0,1
Urban,11675,0,0,0,0.0,0.0,0.0,1
Urban,11676,0,0,0,0.0,0.0,0.0,1
Urban,11677,0,0,0,0.0,0.0,0.0,1
Urban,11678,0,0,0,0.0,0.0,0.0,1
Urban,11679,0,0,0,0.0,0.0,0.0,1
Urban,11680,0,0,0,0.0,0.0,0.0,1
Urban,11681,0,0,0,0.0,0.0,0.0,1
Urban,11682,0,0,0,0.0,0.0,0.0,1
Urban,11683,0,0,0,0.0,0.0,0.0,1
Urban,11684,0,0,0,0.0,0.0,0.0,1
Urban,11685,0,0,0,0.0,0.0,0.0,1
Urban,11686,0,0,0,0.0,0.0,0.0,1
Urban,11687,0,0,0,0.0,0.0,0.0,1
Urban,11688,0,0,0,0.0,0.0,0.0,1
Urban,11689,0,0,0,0.0,0.0,0.0,1
Urban,11690,0,0,0,0.0,0.0,0.0,1
Urban,11691,0,0,0,0.0,0.0,0.0,1
Urban,11692,0,0,0,0.0,0.0,0.0,1
Urban,11693,0,0,0,0.0,0.0,0.0,1
Urban,11694,0,0,0,0.0,0.0,0.0,1
Urban,11695,0,0,0,0.0,0.0,0.0,1
Urban,11696,0,0,0,0.0,0.0,0.0,1
Urban,11697,0,0,0,0.0,0.0,0.0,1
Urban,11698,0,0,0,0.0,0.0,0.0,1
Urban,11699,0,0,0,0.0,0.0,0.0,1
Urban,11700,0,0,0,0.0,0.0,0.0,1
Urban,11701,0,0,0,0.0,0.0,0.0,1
Urban,11702,0,0,0,0.0,0.0,0.0,1
Urban,11703,0,0,0,0.0,0.0,0.0,1
Urban,11704,0,0,0,0.0,0.0,0.0,1
Urban,11705,0,0,0,0.0,0.0,0.0,1
Urban,11706,0,0,0,0.0,0.0,0.0,1
Urban,11707,0,0,0,0.0,0.0,0.0,1
Urban,11708,0,0,0,0.0,0.0,0.0,1
Urban,11709,0,0,0,0.0,0.0,0.0,1
Urban,11710,0,0,0,0.0,0.0,0.0,1
Urban,11711,0,0,0,0.0,0.0,0.0,1
Urban,11712,0,0,0,0.0,0.0,0.0,1
Urban,11713,0,0,0,0.0,0.0,0.0,1
Urban,11714,0,0,0,0.0,0.0,0.0,1
Urban,11715,0,0,0,0.0,0.0,0.0,1
Urban,11716,0,0,0,0.0,0.0,0.0,1
Urban,11717,0,0,0,0.0,0.0,0.0,1
Urban,11718,0,0,0,0.0,0.0,0.0,1
Urban,11719,0,0,0,0.0,0.0,0.0,1
Urban,11720,0,0,0,0.0,0.0,0.0,1
Urban,11721,0,0,0,0.0,0.0,0.0,1
Urban,11722,0,0,0,0.0,0.0,0.0,1
Urban,11723,0,0,0,0.0,0.0,0.0,1
Urban,11724,0,0,0,0.0,0.0,0.0,1
Urban,11725,0,0,0,0.0,0.0,0.0,1
Urban,11726,0,0,0,0.0,0.0,0.0,1
Urban,11727,0,0,0,0.0,0.0,0.0,1
Urban,11728,0,0,0,0.0,0.0,0.0,1
Urban,11729,0,0,0,0.0,0.0,0.0,1
Urban,11730,0,0,0,0.0,0.0,0.0,1
Urban,11731,0,0,0,0.0,0.0,0.0,1
Urban,11732,0,0,0,0.0,0.0,0.0,1
Urban,11733,0,0,0,0.0,0.0,0.0,1
Urban,11734,0,0,0,0.0,0.0,0.0,1
Urban,11735,0,0,0,0.0,0.0,0.0,1
Urban,11736,0,0,0,0.0,0.0,0.0,1
Urban,11737,0,0,0,0.0,0.0,0.0,1
Urban,11738,0,0,0,0.0,0.0,0.0,1
Urban,11739,0,0,0,0.0,0.0,0.0,1
Urban,11740,0,0,0,0.0,0.0,0.0,1
Urban,11741,0,0,0,0.0,0.0,0.0,1
Urban,11742,0,0,0,0.0,0.0,0.0,1
Urban,11743,0,0,0,0.0,0.0,0.0,1
Urban,11744,0,0,0,0.0,0.0,0.0,1
Urban,11745,0,0,0,0.0,0.0,0.0,1
Urban,11746,0,0,0,0.0,0.0,0.0,1
Urban,11747,0,0,0,0.0,0.0,0.0,1
Urban,11748,0,0,0,0.0,0.0,0.0,1
Urban,11749,0,0,0,0.0,0.0,0.0,1
Urban,11750,0,0,0,0.0,0.0,0.0,1
Urban,11751,0,0,0,0.0,0.0,0.0,1
Urban,11752,0,0,0,0.0,0.0,0.0,1
Urban,11753,0,0,0,0.0,0.0,0.0,1
Urban,11754,0,0,0,0.0,0.0,0.0,1
Urban,11755,0,0,0,0.0,0.0,0.0,1
Urban,11756,0,0,0,0.0,0.0,0.0,1
Urban,11757,0,0,0,0.0,0.0,0.0,1
Urban,11758,0,0,0,0.0,0.0,0.0,1
Urban,11759,0,0,0,0.0,0.0,0.0,1
Urban,11760,0,0,0,0.0,0.0,0.0,1
Urban,11761,0,0,0,0.0,0.0,0.0,1
Urban,11762,0,0,0,0.0,0.0,0.0,1
Urban,11763,0,0,0,0.0,0.0,0.0,1
Urban,11764,0,0,0,0.0,0.0,0.0,1
Urban,11765,0,0,0,0.0,0.0,0.0,1
Urban,11766,0,0,0,0.0,0.0,0.0,1
Urban,11767,0,0,0,0.0,0.0,0.0,1
Urban,11768,0,0,0,0.0,0.0,0.0,1
Urban,11769,0,0,0,0.0,0.0,0.0,1
Urban,11770,0,0,0,0.0,0.0,0.0,1
Urban,11771,0,0,0,0.0,0.0,0.0,1
Urban,11772,0,0,0,0.0,0.0,0.0,1
Urban,11773,0,0,0,0.0,0.0,0.0,1
Urban,11774,0,0,0,0.0,0.0,0.0,1
Urban,11775,0,0,0,0.0,0.0,0.0,1
Urban,11776,0,0,0,0.0,0.0,0.0,1
Urban,11777,0,0,0,0.0,0.0,0.0,1
Urban,11778,0,0,0,0.0,0.0,0.0,1
Urban,11779,0,0,0,0.0,0.0,0.0,1
Urban,11780,0,0,0,0.0,0.0,0.0,1
Urban,11781,0,0,0,0.0,0.0,0.0,1
Urban,11782,0,0,0,0.0,0.0,0.0,1
Urban,11783,0,0,0,0.0,0.0,0.0,1
Urban,11784,0,0,0,0.0,0.0,0.0,1
Urban,11785,0,0,0,0.0,0.0,0.0,1
Urban,11786,0,0,0,0.0,0.0,0.0,1
Urban,11787,0,0,0,0.0,0.0,0.0,1
Urban,11788,0,0,0,0.0,0.0,0.0,1
Urban,11789,0,0,0,0.0,0.0,0.0,1
Urban,11790,0,0,0,0.0,0.0,0.0,1
Urban,11791,0,0,0,0.0,0.0,0.0,1
Urban,11792,0,0,0,0.0,0.0,0.0,1
Urban,11793,0,0,0,0.0,0.0,0.0,1
Urban,11794,0,0,0,0.0,0.0,0.0,1
Urban,11795,0,0,0,0.0,0.0,0.0,1
Urban,11796,0,0,0,0.0,0.0,0.0,1
Urban,11797,0,0,0,0.0,0.0,0.0,1
Urban,11798,0,0,0,0.0,0.0,0.0,1
Urban,11799,0,0,0,0.0,0.0,0.0,1
Urban,11800,0,0,0,0.0,0.0,0.0,1
Urban,11801,0,0,0,0.0,0.0,0.0,1
Urban,11802,0,0,0,0.0,0.0,0.0,1
Urban,11803,0,0,0,0.0,0.0,0.0,1
Urban,11804,0,0,0,0.0,0.0,0.0,1
Urban,11805,0,0,0,0.0,0.0,0.0,1
Urban,11806,0,0,0,0.0,0.0,0.0,1
Urban,11807,0,0,0,0.0,0.0,0.0,1
Urban,11808,0,0,0,0.0,0.0,0.0,1
Urban,11809,0,0,0,0.0,0.0,0.0,1
Urban,11810,0,0,0,0.0,0.0,0.0,1
Urban,11811,0,0,0,0.0,0.0,0.0,1
Urban,11812,0,0,0,0.0,0.0,0.0,1
Urban,11813,0,0,0,0.0,0.0,0.0,1
Urban,11814,0,0,0,0.0,0.0,0.0,1
Urban,11815,0,0,0,0.0,0.0,0.0,1
Urban,11816,0,0,0,0.0,0.0,0.0,1
Urban,11817,0,0,0,0.0,0.0,0.0,1
Urban,11818,0,0,0,0.0,0.0,0.0,1
Urban,11819,0,0,0,0.0,0.0,0.0,1
Urban,11820,0,0,0,0.0,0.0,0.0,1
Urban,11821,0,0,0,0.0,0.0,0.0,1
Urban,11822,0,0,0,0.0,0.0,0.0,1
Urban,11823,0,0,0,0.0,0.0,0.0,1
Urban,11824,0,0,0,0.0,0.0,0.0,1
Urban,11825,0,0,0,0.0,0.0,0.0,1
Urban,11826,0,0,0,0.0,0.0,0.0,1
Urban,11827,0,0,0,0.0,0.0,0.0,1
Urban,11828,0,0,0,0.0,0.0,0.0,1
Urban,11829,0,0,0,0.0,0.0,0.0,1
Urban,11830,0,0,0,0.0,0.0,0.0,1
Urban,11831,0,0,0,0.0,0.0,0.0,1
Urban,11832,0,0,0,0.0,0.0,0.0,1
Urban,11833,0,0,0,0.0,0.0,0.0,1
Urban,11834,0,0,0,0.0,0.0,0.0,1
Urban,11835,0,0,0,0.0,0.0,0.0,1
Urban,11836,0,0,0,0.0,0.0,0.0,1
Urban,11837,0,0,0,0.0,0.0,0.0,1
Urban,11838,0,0,0,0.0,0.0,0.0,1
Urban,11839,0,0,0,0.0,0.0,0.0,1
Urban,11840,0,0,0,0.0,0.0,0.0,1
Urban,11841,0,0,0,0.0,0.0,0.0,1
Urban,11842,0,0,0,0.0,0.0,0.0,1
Urban,11843,0,0,0,0.0,0.0,0.0,1
Urban,11844,0,0,0,0.0,0.0,0.0,1
Urban,11845,0,0,0,0.0,0.0,0.0,1
Urban,11846,0,0,0,0.0,0.0,0.0,1
Urban,11847,0,0,0,0.0,0.0,0.0,1
Urban,11848,0,0,0,0.0,0.0,0.0,1
Urban,11849,0,0,0,0.0,0.0,0.0,1
Urban,11850,0,0,0,0.0,0.0,0.0,1
Urban,11851,0,0,0,0.0,0.0,0.0,1
Urban,11852,0,0,0,0.0,0.0,0.0,1
Urban,11853,0,0,0,0.0,0.0,0.0,1
Urban,11854,0,0,0,0.0,0.0,0.0,1
Urban,11855,0,0,0,0.0,0.0,0.0,1
Urban,11856,0,0,0,0.0,0.0,0.0,1
Urban,11857,0,0,0,0.0,0.0,0.0,1
Urban,11858,0,0,0,0.0,0.0,0.0,1
Urban,11859,0,0,0,0.0,0.0,0.0,1
Urban,11860,0,0,0,0.0,0.0,0.0,1
Urban,11861,0,0,0,0.0,0.0,0.0,1
Urban,11862,0,0,0,0.0,0.0,0.0,1
Urban,11863,0,0,0,0.0,0.0,0.0,1
Urban,11864,0,0,0,0.0,0.0,0.0,1
Urban,11865,0,0,0,0.0,0.0,0.0,1
Urban,11866,0,0,0,0.0,0.0,0.0,1
Urban,11867,0,0,0,0.0,0.0,0.0,1
Urban,11868,0,0,0,0.0,0.0,0.0,1
Urban,11869,0,0,0,0.0,0.0,0.0,1
Urban,11870,0,0,0,0.0,0.0,0.0,1
Urban,11871,0,0,0,0.0,0.0,0.0,1
Urban,11872,0,0,0,0.0,0.0,0.0,1
Urban,11873,0,0,0,0.0,0.0,0.0,1
Urban,11874,0,0,0,0.0,0.0,0.0,1
Urban,11875,0,0,0,0.0,0.0,0.0,1
Urban,11876,0,0,0,0.0,0.0,0.0,1
Urban,11877,0,0,0,0.0,0.0,0.0,1
Urban,11878,0,0,0,0.0,0.0,0.0,1
Urban,11879,0,0,0,0.0,0.0,0.0,1
Urban,11880,0,0,0,0.0,0.0,0.0,1
Urban,11881,0,0,0,0.0,0.0,0.0,1
Urban,11882,0,0,0,0.0,0.0,0.0,1
Urban,11883,0,0,0,0.0,0.0,0.0,1
Urban,11884,0,0,0,0.0,0.0,0.0,1
Urban,11885,0,0,0,0.0,0.0,0.0,1
Urban,11886,0,0,0,0.0,0.0,0.0,1
Urban,11887,0,0,0,0.0,0.0,0.0,1
Urban,11888,0,0,0,0.0,0.0,0.0,1
Urban,11889,0,0,0,0.0,0.0,0.0,1
Urban,11890,0,0,0,0.0,0.0,0.0,1
Urban,11891,0,0,0,0.0,0.0,0.0,1
Urban,11892,0,0,0,0.0,0.0,0.0,1
Urban,11893,0,0,0,0.0,0.0,0.0,1
Urban,11894,0,0,0,0.0,0.0,0.0,1
Urban,11895,0,0,0,0.0,0.0,0.0,1
Urban,11896,0,0,0,0.0,0.0,0.0,1
Urban,11897,0,0,0,0.0,0.0,0.0,1
Urban,11898,0,0,0,0.0,0.0,0.0,1
Urban,11899,0,0,0,0.0,0.0,0.0,1
Urban,11900,0,0,0,0.0,0.0,0.0,1
Urban,11901,0,0,0,0.0,0.0,0.0,1
Urban,11902,0,0,0,0.0,0.0,0.0,1
Urban,11903,0,0,0,0.0,0.0,0.0,1
Urban,11904,0,0,0,0.0,0.0,0.0,1
Urban,11905,0,0,0,0.0,0.0,0.0,1
Urban,11906,0,0,0,0.0,0.0,0.0,1
Urban,11907,0,0,0,0.0,0.0,0.0,1
Urban,11908,0,0,0,0.0,0.0,0.0,1
Urban,11909,0,0,0,0.0,0.0,0.0,1
Urban,11910,0,0,0,0.0,0.0,0.0,1
Urban,11911,0,0,0,0.0,0.0,0.0,1
Urban,11912,0,0,0,0.0,0.0,0.0,1
Urban,11913,0,0,0,0.0,0.0,0.0,1
Urban,11914,0,0,0,0.0,0.0,0.0,1
Urban,11915,0,0,0,0.0,0.0,0.0,1
Urban,11916,0,0,0,0.0,0.0,0.0,1
Urban,11917,0,0,0,0.0,0.0,0.0,1
Urban,11918,0,0,0,0.0,0.0,0.0,1
Urban,11919,0,0,0,0.0,0.0,0.0,1
Urban,11920,0,0,0,0.0,0.0,0.0,1
Urban,11921,0,0,0,0.0,0.0,0.0,1
Urban,11922,0,0,0,0.0,0.0,0.0,1
Urban,11923,0,0,0,0.0,0.0,0.0,1
Urban,11924,0,0,0,0.0,0.0,0.0,1
Urban,11925,0,0,0,0.0,0.0,0.0,1
Urban,11926,0,0,0,0.0,0.0,0.0,1
Urban,11927,0,0,0,0.0,0.0,0.0,1
Urban,11928,0,0,0,0.0,0.0,0.0,1
Urban,11929,0,0,0,0.0,0.0,0.0,1
Urban,11930,0,0,0,0.0,0.0,0.0,1
Urban,11931,0,0,0,0.0,0.0,0.0,1
Urban,11932,0,0,0,0.0,0.0,0.0,1
Urban,11933,0,0,0,0.0,0.0,0.0,1
Urban,11934,0,0,0,0.0,0.0,0.0,1
Urban,11935,0,0,0,0.0,0.0,0.0,1
Urban,11936,0,0,0,0.0,0.0,0.0,1
Urban,11937,0,0,0,0.0,0.0,0.0,1
Urban,11938,0,0,0,0.0,0.0,0.0,1
Urban,11939,0,0,0,0.0,0.0,0.0,1
Urban,11940,0,0,0,0.0,0.0,0.0,1
Urban,11941,0,0,0,0.0,0.0,0.0,1
Urban,11942,0,0,0,0.0,0.0,0.0,1
Urban,11943,0,0,0,0.0,0.0,0.0,1
Urban,11944,0,0,0,0.0,0.0,0.0,1
Urban,11945,0,0,0,0.0,0.0,0.0,1
Urban,11946,0,0,0,0.0,0.0,0.0,1
Urban,11947,0,0,0,0.0,0.0,0.0,1
Urban,11948,0,0,0,0.0,0.0,0.0,1
Urban,11949,0,0,0,0.0,0.0,0.0,1
Urban,11950,0,0,0,0.0,0.0,0.0,1
Urban,11951,0,0,0,0.0,0.0,0.0,1
Urban,11952,0,0,0,0.0,0.0,0.0,1
Urban,11953,0,0,0,0.0,0.0,0.0,1
Urban,11954,0,0,0,0.0,0.0,0.0,1
Urban,11955,0,0,0,0.0,0.0,0.0,1
Urban,11956,0,0,0,0.0,0.0,0.0,1
Urban,11957,0,0,0,0.0,0.0,0.0,1
Urban,11958,0,0,0,0.0,0.0,0.0,1
Urban,11959,0,0,0,0.0,0.0,0.0,1
Urban,11960,0,0,0,0.0,0.0,0.0,1
Urban,11961,0,0,0,0.0,0.0,0.0,1
Urban,11962,0,0,0,0.0,0.0,0.0,1
Urban,11963,0,0,0,0.0,0.0,0.0,1
Urban,11964,0,0,0,0.0,0.0,0.0,1
Urban,11965,0,0,0,0.0,0.0,0.0,1
Urban,11966,0,0,0,0.0,0.0,0.0,1
Urban,11967,0,0,0,0.0,0.0,0.0,1
Urban,11968,0,0,0,0.0,0.0,0.0,1
Urban,11969,0,0,0,0.0,0.0,0.0,1
Urban,11970,0,0,0,0.0,0.0,0.0,1
Urban,11971,0,0,0,0.0,0.0,0.0,1
Urban,11972,0,0,0,0.0,0.0,0.0,1
Urban,11973,0,0,0,0.0,0.0,0.0,1
Urban,11974,0,0,0,0.0,0.0,0.0,1
Urban,11975,0,0,0,0.0,0.0,0.0,1
Urban,11976,0,0,0,0.0,0.0,0.0,1
Urban,11977,0,0,0,0.0,0.0,0.0,1
Urban,11978,0,0,0,0.0,0.0,0.0,1
Urban,11979,0,0,0,0.0,0.0,0.0,1
Urban,11980,0,0,0,0.0,0.0,0.0,1
Urban,11981,0,0,0,0.0,0.0,0.0,1
Urban,11982,0,0,0,0.0,0.0,0.0,1
Urban,11983,0,0,0,0.0,0.0,0.0,1
Urban,11984,0,0,0,0.0,0.0,0.0,1
Urban,11985,0,0,0,0.0,0.0,0.0,1
Urban,11986,0,0,0,0.0,0.0,0.0,1
Urban,11987,0,0,0,0.0,0.0,0.0,1
Urban,11988,0,0,0,0.0,0.0,0.0,1
Urban,11989,0,0,0,0.0,0.0,0.0,1
Urban,11990,0,0,0,0.0,0.0,0.0,1
Urban,11991,0,0,0,0.0,0.0,0.0,1
Urban,11992,0,0,0,0.0,0.0,0.0,1
Urban,11993,0,0,0,0.0,0.0,0.0,1
Urban,11994,0,0,0,0.0,0.0,0.0,1
Urban,11995,0,0,0,0.0,0.0,0.0,1
Urban,11996,0,0,0,0.0,0.0,0.0,1
Urban,11997,0,0,0,0.0,0.0,0.0,1
Urban,11998,0,0,0,0.0,0.0,0.0,1
Urban,11999,0,0,0,0.0,0.0,0.0,1
Urban,12000,0,0,0,0.0,0.0,0.0,1
Urban,12001,0,0,0,0.0,0.0,0.0,1
Urban,12002,0,0,0,0.0,0.0,0.0,1
Urban,12003,0,0,0,0.0,0.0,0.0,1
Urban,12004,0,0,0,0.0,0.0,0.0,1
Urban,12005,0,0,0,0.0,0.0,0.0,1
Urban,12006,0,0,0,0.0,0.0,0.0,1
Urban,12007,0,0,0,0.0,0.0,0.0,1
Urban,12008,0,0,0,0.0,0.0,0.0,1
Urban,12009,0,0,0,0.0,0.0,0.0,1
Urban,12010,0,0,0,0.0,0.0,0.0,1
Urban,12011,0,0,0,0.0,0.0,0.0,1
Urban,12012,0,0,0,0.0,0.0,0.0,1
Urban,12013,0,0,0,0.0,0.0,0.0,1
Urban,12014,0,0,0,0.0,0.0,0.0,1
Urban,12015,0,0,0,0.0,0.0,0.0,1
Urban,12016,0,0,0,0.0,0.0,0.0,1
Urban,12017,0,0,0,0.0,0.0,0.0,1
Urban,12018,0,0,0,0.0,0.0,0.0,1
Urban,12019,0,0,0,0.0,0.0,0.0,1
Urban,12020,0,0,0,0.0,0.0,0.0,1
Urban,12021,0,0,0,0.0,0.0,0.0,1
Urban,12022,0,0,0,0.0,0.0,0.0,1
Urban,12023,0,0,0,0.0,0.0,0.0,1
Urban,12024,0,0,0,0.0,0.0,0.0,1
Urban,12025,0,0,0,0.0,0.0,0.0,1
Urban,12026,0,0,0,0.0,0.0,0.0,1
Urban,12027,0,0,0,0.0,0.0,0.0,1
Urban,12028,0,0,0,0.0,0.0,0.0,1
Urban,12029,0,0,0,0.0,0.0,0.0,1
Urban,12030,0,0,0,0.0,0.0,0.0,1
Urban,12031,0,0,0,0.0,0.0,0.0,1
Urban,12032,0,0,0,0.0,0.0,0.0,1
Urban,12033,0,0,0,0.0,0.0,0.0,1
Urban,12034,0,0,0,0.0,0.0,0.0,1
Urban,12035,0,0,0,0.0,0.0,0.0,1
Urban,12036,0,0,0,0.0,0.0,0.0,1
Urban,12037,0,0,0,0.0,0.0,0.0,1
Urban,12038,0,0,0,0.0,0.0,0.0,1
Urban,12039,0,0,0,0.0,0.0,0.0,1
Urban,12040,0,0,0,0.0,0.0,0.0,1
Urban,12041,0,0,0,0.0,0.0,0.0,1
Urban,12042,0,0,0,0.0,0.0,0.0,1
Urban,12043,0,0,0,0.0,0.0,0.0,1
Urban,12044,0,0,0,0.0,0.0,0.0,1
Urban,12045,0,0,0,0.0,0.0,0.0,1
Urban,12046,0,0,0,0.0,0.0,0.0,1
Urban,12047,0,0,0,0.0,0.0,0.0,1
Urban,12048,0,0,0,0.0,0.0,0.0,1
Urban,12049,0,0,0,0.0,0.0,0.0,1
Urban,12050,0,0,0,0.0,0.0,0.0,1
Urban,12051,0,0,0,0.0,0.0,0.0,1
Urban,12052,0,0,0,0.0,0.0,0.0,1
Urban,12053,0,0,0,0.0,0.0,0.0,1
Urban,12054,0,0,0,0.0,0.0,0.0,1
Urban,12055,0,0,0,0.0,0.0,0.0,1
Urban,12056,0,0,0,0.0,0.0,0.0,1
Urban,12057,0,0,0,0.0,0.0,0.0,1
Urban,12058,0,0,0,0.0,0.0,0.0,1
Urban,12059,0,0,0,0.0,0.0,0.0,1
Urban,12060,0,0,0,0.0,0.0,0.0,1
Urban,12061,0,0,0,0.0,0.0,0.0,1
Urban,12062,0,0,0,0.0,0.0,0.0,1
Urban,12063,0,0,0,0.0,0.0,0.0,1
Urban,12064,0,0,0,0.0,0.0,0.0,1
Urban,12065,0,0,0,0.0,0.0,0.0,1
Urban,12066,0,0,0,0.0,0.0,0.0,1
Urban,12067,0,0,0,0.0,0.0,0.0,1
Urban,12068,0,0,0,0.0,0.0,0.0,1
Urban,12069,0,0,0,0.0,0.0,0.0,1
Urban,12070,0,0,0,0.0,0.0,0.0,1
Urban,12071,0,0,0,0.0,0.0,0.0,1
Urban,12072,0,0,0,0.0,0.0,0.0,1
Urban,12073,0,0,0,0.0,0.0,0.0,1
Urban,12074,0,0,0,0.0,0.0,0.0,1
Urban,12075,0,0,0,0.0,0.0,0.0,1
Urban,12076,0,0,0,0.0,0.0,0.0,1
Urban,12077,0,0,0,0.0,0.0,0.0,1
Urban,12078,0,0,0,0.0,0.0,0.0,1
Urban,12079,0,0,0,0.0,0.0,0.0,1
Urban,12080,0,0,0,0.0,0.0,0.0,1
Urban,12081,0,0,0,0.0,0.0,0.0,1
Urban,12082,0,0,0,0.0,0.0,0.0,1
Urban,12083,0,0,0,0.0,0.0,0.0,1
Urban,12084,0,0,0,0.0,0.0,0.0,1
Urban,12085,0,0,0,0.0,0.0,0.0,1
Urban,12086,0,0,0,0.0,0.0,0.0,1
Urban,12087,0,0,0,0.0,0.0,0.0,1
Urban,12088,0,0,0,0.0,0.0,0.0,1
Urban,12089,0,0,0,0.0,0.0,0.0,1
Urban,12090,0,0,0,0.0,0.0,0.0,1
Urban,12091,0,0,0,0.0,0.0,0.0,1
Urban,12092,0,0,0,0.0,0.0,0.0,1
Urban,12093,0,0,0,0.0,0.0,0.0,1
Urban,12094,0,0,0,0.0,0.0,0.0,1
Urban,12095,0,0,0,0.0,0.0,0.0,1
Urban,12096,0,0,0,0.0,0.0,0.0,1
Urban,12097,0,0,0,0.0,0.0,0.0,1
Urban,12098,0,0,0,0.0,0.0,0.0,1
Urban,12099,0,0,0,0.0,0.0,0.0,1
Urban,12100,0,0,0,0.0,0.0,0.0,1
Urban,12101,0,0,0,0.0,0.0,0.0,1
Urban,12102,0,0,0,0.0,0.0,0.0,1
Urban,12103,0,0,0,0.0,0.0,0.0,1
Urban,12104,0,0,0,0.0,0.0,0.0,1
Urban,12105,0,0,0,0.0,0.0,0.0,1
Urban,12106,0,0,0,0.0,0.0,0.0,1
Urban,12107,0,0,0,0.0,0.0,0.0,1
Urban,12108,0,0,0,0.0,0.0,0.0,1
Urban,12109,0,0,0,0.0,0.0,0.0,1
Urban,12110,0,0,0,0.0,0.0,0.0,1
Urban,12111,0,0,0,0.0,0.0,0.0,1
Urban,12112,0,0,0,0.0,0.0,0.0,1
Urban,12113,0,0,0,0.0,0.0,0.0,1
Urban,12114,0,0,0,0.0,0.0,0.0,1
Urban,12115,0,0,0,0.0,0.0,0.0,1
Urban,12116,0,0,0,0.0,0.0,0.0,1
Urban,12117,0,0,0,0.0,0.0,0.0,1
Urban,12118,0,0,0,0.0,0.0,0.0,1
Urban,12119,0,0,0,0.0,0.0,0.0,1
Urban,12120,0,0,0,0.0,0.0,0.0,1
Urban,12121,0,0,0,0.0,0.0,0.0,1
Urban,12122,0,0,0,0.0,0.0,0.0,1
Urban,12123,0,0,0,0.0,0.0,0.0,1
Urban,12124,0,0,0,0.0,0.0,0.0,1
Urban,12125,0,0,0,0.0,0.0,0.0,1
Urban,12126,0,0,0,0.0,0.0,0.0,1
Urban,12127,0,0,0,0.0,0.0,0.0,1
Urban,12128,0,0,0,0.0,0.0,0.0,1
Urban,12129,0,0,0,0.0,0.0,0.0,1
Urban,12130,0,0,0,0.0,0.0,0.0,1
Urban,12131,0,0,0,0.0,0.0,0.0,1
Urban,12132,0,0,0,0.0,0.0,0.0,1
Urban,12133,0,0,0,0.0,0.0,0.0,1
Urban,12134,0,0,0,0.0,0.0,0.0,1
Urban,12135,0,0,0,0.0,0.0,0.0,1
Urban,12136,0,0,0,0.0,0.0,0.0,1
Urban,12137,0,0,0,0.0,0.0,0.0,1
Urban,12138,0,0,0,0.0,0.0,0.0,1
Urban,12139,0,0,0,0.0,0.0,0.0,1
Urban,12140,0,0,0,0.0,0.0,0.0,1
Urban,12141,0,0,0,0.0,0.0,0.0,1
Urban,12142,0,0,0,0.0,0.0,0.0,1
Urban,12143,0,0,0,0.0,0.0,0.0,1
Urban,12144,0,0,0,0.0,0.0,0.0,1
Urban,12145,0,0,0,0.0,0.0,0.0,1
Urban,12146,0,0,0,0.0,0.0,0.0,1
Urban,12147,0,0,0,0.0,0.0,0.0,1
Urban,12148,0,0,0,0.0,0.0,0.0,1
Urban,12149,0,0,0,0.0,0.0,0.0,1
Urban,12150,0,0,0,0.0,0.0,0.0,1
Urban,12151,0,0,0,0.0,0.0,0.0,1
Urban,12152,0,0,0,0.0,0.0,0.0,1
Urban,12153,0,0,0,0.0,0.0,0.0,1
Urban,12154,0,0,0,0.0,0.0,0.0,1
Urban,12155,0,0,0,0.0,0.0,0.0,1
Urban,12156,0,0,0,0.0,0.0,0.0,1
Urban,12157,0,0,0,0.0,0.0,0.0,1
Urban,12158,0,0,0,0.0,0.0,0.0,1
Urban,12159,0,0,0,0.0,0.0,0.0,1
Urban,12160,0,0,0,0.0,0.0,0.0,1
Urban,12161,0,0,0,0.0,0.0,0.0,1
Urban,12162,0,0,0,0.0,0.0,0.0,1
Urban,12163,0,0,0,0.0,0.0,0.0,1
Urban,12164,0,0,0,0.0,0.0,0.0,1
Urban,12165,0,0,0,0.0,0.0,0.0,1
Urban,12166,0,0,0,0.0,0.0,0.0,1
Urban,12167,0,0,0,0.0,0.0,0.0,1
Urban,12168,0,0,0,0.0,0.0,0.0,1
Urban,12169,0,0,0,0.0,0.0,0.0,1
Urban,12170,0,0,0,0.0,0.0,0.0,1
Urban,12171,0,0,0,0.0,0.0,0.0,1
Urban,12172,0,0,0,0.0,0.0,0.0,1
Urban,12173,0,0,0,0.0,0.0,0.0,1
Urban,12174,0,0,0,0.0,0.0,0.0,1
Urban,12175,0,0,0,0.0,0.0,0.0,1
Urban,12176,0,0,0,0.0,0.0,0.0,1
Urban,12177,0,0,0,0.0,0.0,0.0,1
Urban,12178,0,0,0,0.0,0.0,0.0,1
Urban,12179,0,0,0,0.0,0.0,0.0,1
Urban,12180,0,0,0,0.0,0.0,0.0,1
Urban,12181,0,0,0,0.0,0.0,0.0,1
Urban,12182,0,0,0,0.0,0.0,0.0,1
Urban,12183,0,0,0,0.0,0.0,0.0,1
Urban,12184,0,0,0,0.0,0.0,0.0,1
Urban,12185,0,0,0,0.0,0.0,0.0,1
Urban,12186,0,0,0,0.0,0.0,0.0,1
Urban,12187,0,0,0,0.0,0.0,0.0,1
Urban,12188,0,0,0,0.0,0.0,0.0,1
Urban,12189,0,0,0,0.0,0.0,0.0,1
Urban,12190,0,0,0,0.0,0.0,0.0,1
Urban,12191,0,0,0,0.0,0.0,0.0,1
Urban,12192,0,0,0,0.0,0.0,0.0,1
Urban,12193,0,0,0,0.0,0.0,0.0,1
Urban,12194,0,0,0,0.0,0.0,0.0,1
Urban,12195,0,0,0,0.0,0.0,0.0,1
Urban,12196,0,0,0,0.0,0.0,0.0,1
Urban,12197,0,0,0,0.0,0.0,0.0,1
Urban,12198,0,0,0,0.0,0.0,0.0,1
Urban,12199,0,0,0,0.0,0.0,0.0,1
Urban,12200,0,0,0,0.0,0.0,0.0,1
Urban,12201,0,0,0,0.0,0.0,0.0,1
Urban,12202,0,0,0,0.0,0.0,0.0,1
Urban,12203,0,0,0,0.0,0.0,0.0,1
Urban,12204,0,0,0,0.0,0.0,0.0,1
Urban,12205,0,0,0,0.0,0.0,0.0,1
Urban,12206,0,0,0,0.0,0.0,0.0,1
Urban,12207,0,0,0,0.0,0.0,0.0,1
Urban,12208,0,0,0,0.0,0.0,0.0,1
Urban,12209,0,0,0,0.0,0.0,0.0,1
Urban,12210,0,0,0,0.0,0.0,0.0,1
Urban,12211,0,0,0,0.0,0.0,0.0,1
Urban,12212,0,0,0,0.0,0.0,0.0,1
Urban,12213,0,0,0,0.0,0.0,0.0,1
Urban,12214,0,0,0,0.0,0.0,0.0,1
Urban,12215,0,0,0,0.0,0.0,0.0,1
Urban,12216,0,0,0,0.0,0.0,0.0,1
Urban,12217,0,0,0,0.0,0.0,0.0,1
Urban,12218,0,0,0,0.0,0.0,0.0,1
Urban,12219,0,0,0,0.0,0.0,0.0,1
Urban,12220,0,0,0,0.0,0.0,0.0,1
Urban,12221,0,0,0,0.0,0.0,0.0,1
Urban,12222,0,0,0,0.0,0.0,0.0,1
Urban,12223,0,0,0,0.0,0.0,0.0,1
Urban,12224,0,0,0,0.0,0.0,0.0,1
Urban,12225,0,0,0,0.0,0.0,0.0,1
Urban,12226,0,0,0,0.0,0.0,0.0,1
Urban,12227,0,0,0,0.0,0.0,0.0,1
Urban,12228,0,0,0,0.0,0.0,0.0,1
Urban,12229,0,0,0,0.0,0.0,0.0,1
Urban,12230,0,0,0,0.0,0.0,0.0,1
Urban,12231,0,0,0,0.0,0.0,0.0,1
Urban,12232,0,0,0,0.0,0.0,0.0,1
Urban,12233,0,0,0,0.0,0.0,0.0,1
Urban,12234,0,0,0,0.0,0.0,0.0,1
Urban,12235,0,0,0,0.0,0.0,0.0,1
Urban,12236,0,0,0,0.0,0.0,0.0,1
Urban,12237,0,0,0,0.0,0.0,0.0,1
Urban,12238,0,0,0,0.0,0.0,0.0,1
Urban,12239,0,0,0,0.0,0.0,0.0,1
Urban,12240,0,0,0,0.0,0.0,0.0,1
Urban,12241,0,0,0,0.0,0.0,0.0,1
Urban,12242,0,0,0,0.0,0.0,0.0,1
Urban,12243,0,0,0,0.0,0.0,0.0,1
Urban,12244,0,0,0,0.0,0.0,0.0,1
Urban,12245,0,0,0,0.0,0.0,0.0,1
Urban,12246,0,0,0,0.0,0.0,0.0,1
Urban,12247,0,0,0,0.0,0.0,0.0,1
Urban,12248,0,0,0,0.0,0.0,0.0,1
Urban,12249,0,0,0,0.0,0.0,0.0,1
Urban,12250,0,0,0,0.0,0.0,0.0,1
Urban,12251,0,0,0,0.0,0.0,0.0,1
Urban,12252,0,0,0,0.0,0.0,0.0,1
Urban,12253,0,0,0,0.0,0.0,0.0,1
Urban,12254,0,0,0,0.0,0.0,0.0,1
Urban,12255,0,0,0,0.0,0.0,0.0,1
Urban,12256,0,0,0,0.0,0.0,0.0,1
Urban,12257,0,0,0,0.0,0.0,0.0,1
Urban,12258,0,0,0,0.0,0.0,0.0,1
Urban,12259,0,0,0,0.0,0.0,0.0,1
Urban,12260,0,0,0,0.0,0.0,0.0,1
Urban,12261,0,0,0,0.0,0.0,0.0,1
Urban,12262,0,0,0,0.0,0.0,0.0,1
Urban,12263,0,0,0,0.0,0.0,0.0,1
Urban,12264,0,0,0,0.0,0.0,0.0,1
Urban,12265,0,0,0,0.0,0.0,0.0,1
Urban,12266,0,0,0,0.0,0.0,0.0,1
Urban,12267,0,0,0,0.0,0.0,0.0,1
Urban,12268,0,0,0,0.0,0.0,0.0,1
Urban,12269,0,0,0,0.0,0.0,0.0,1
Urban,12270,0,0,0,0.0,0.0,0.0,1
Urban,12271,0,0,0,0.0,0.0,0.0,1
Urban,12272,0,0,0,0.0,0.0,0.0,1
Urban,12273,0,0,0,0.0,0.0,0.0,1
Urban,12274,0,0,0,0.0,0.0,0.0,1
Urban,12275,0,0,0,0.0,0.0,0.0,1
Urban,12276,0,0,0,0.0,0.0,0.0,1
Urban,12277,0,0,0,0.0,0.0,0.0,1
Urban,12278,0,0,0,0.0,0.0,0.0,1
Urban,12279,0,0,0,0.0,0.0,0.0,1
Urban,12280,0,0,0,0.0,0.0,0.0,1
Urban,12281,0,0,0,0.0,0.0,0.0,1
Urban,12282,0,0,0,0.0,0.0,0.0,1
Urban,12283,0,0,0,0.0,0.0,0.0,1
Urban,12284,0,0,0,0.0,0.0,0.0,1
Urban,12285,0,0,0,0.0,0.0,0.0,1
Urban,12286,0,0,0,0.0,0.0,0.0,1
Urban,12287,0,0,0,0.0,0.0,0.0,1
Urban,12288,0,0,0,0.0,0.0,0.0,1
Urban,12289,0,0,0,0.0,0.0,0.0,1
Urban,12290,0,0,0,0.0,0.0,0.0,1
Urban,12291,0,0,0,0.0,0.0,0.0,1
Urban,12292,0,0,0,0.0,0.0,0.0,1
Urban,12293,0,0,0,0.0,0.0,0.0,1
Urban,12294,0,0,0,0.0,0.0,0.0,1
Urban,12295,0,0,0,0.0,0.0,0.0,1
Urban,12296,0,0,0,0.0,0.0,0.0,1
Urban,12297,0,0,0,0.0,0.0,0.0,1
Urban,12298,0,0,0,0.0,0.0,0.0,1
Urban,12299,0,0,0,0.0,0.0,0.0,1
Urban,12300,0,0,0,0.0,0.0,0.0,1
Urban,12301,0,0,0,0.0,0.0,0.0,1
Urban,12302,0,0,0,0.0,0.0,0.0,1
Urban,12303,0,0,0,0.0,0.0,0.0,1
Urban,12304,0,0,0,0.0,0.0,0.0,1
Urban,12305,0,0,0,0.0,0.0,0.0,1
Urban,12306,0,0,0,0.0,0.0,0.0,1
Urban,12307,0,0,0,0.0,0.0,0.0,1
Urban,12308,0,0,0,0.0,0.0,0.0,1
Urban,12309,0,0,0,0.0,0.0,0.0,1
Urban,12310,0,0,0,0.0,0.0,0.0,1
Urban,12311,0,0,0,0.0,0.0,0.0,1
Urban,12312,0,0,0,0.0,0.0,0.0,1
Urban,12313,0,0,0,0.0,0.0,0.0,1
Urban,12314,0,0,0,0.0,0.0,0.0,1
Urban,12315,0,0,0,0.0,0.0,0.0,1
Urban,12316,0,0,0,0.0,0.0,0.0,1
Urban,12317,0,0,0,0.0,0.0,0.0,1
Urban,12318,0,0,0,0.0,0.0,0.0,1
Urban,12319,0,0,0,0.0,0.0,0.0,1
Urban,12320,0,0,0,0.0,0.0,0.0,1
Urban,12321,0,0,0,0.0,0.0,0.0,1
Urban,12322,0,0,0,0.0,0.0,0.0,1
Urban,12323,0,0,0,0.0,0.0,0.0,1
Urban,12324,0,0,0,0.0,0.0,0.0,1
Urban,12325,0,0,0,0.0,0.0,0.0,1
Urban,12326,0,0,0,0.0,0.0,0.0,1
Urban,12327,0,0,0,0.0,0.0,0.0,1
Urban,12328,0,0,0,0.0,0.0,0.0,1
Urban,12329,0,0,0,0.0,0.0,0.0,1
Urban,12330,0,0,0,0.0,0.0,0.0,1
Urban,12331,0,0,0,0.0,0.0,0.0,1
Urban,12332,0,0,0,0.0,0.0,0.0,1
Urban,12333,0,0,0,0.0,0.0,0.0,1
Urban,12334,0,0,0,0.0,0.0,0.0,1
Urban,12335,0,0,0,0.0,0.0,0.0,1
Urban,12336,0,0,0,0.0,0.0,0.0,1
Urban,12337,0,0,0,0.0,0.0,0.0,1
Urban,12338,0,0,0,0.0,0.0,0.0,1
Urban,12339,0,0,0,0.0,0.0,0.0,1
Urban,12340,0,0,0,0.0,0.0,0.0,1
Urban,12341,0,0,0,0.0,0.0,0.0,1
Urban,12342,0,0,0,0.0,0.0,0.0,1
Urban,12343,0,0,0,0.0,0.0,0.0,1
Urban,12344,0,0,0,0.0,0.0,0.0,1
Urban,12345,0,0,0,0.0,0.0,0.0,1
Urban,12346,0,0,0,0.0,0.0,0.0,1
Urban,12347,0,0,0,0.0,0.0,0.0,1
Urban,12348,0,0,0,0.0,0.0,0.0,1
Urban,12349,0,0,0,0.0,0.0,0.0,1
Urban,12350,0,0,0,0.0,0.0,0.0,1
Urban,12351,0,0,0,0.0,0.0,0.0,1
Urban,12352,0,0,0,0.0,0.0,0.0,1
Urban,12353,0,0,0,0.0,0.0,0.0,1
Urban,12354,0,0,0,0.0,0.0,0.0,1
Urban,12355,0,0,0,0.0,0.0,0.0,1
Urban,12356,0,0,0,0.0,0.0,0.0,1
Urban,12357,0,0,0,0.0,0.0,0.0,1
Urban,12358,0,0,0,0.0,0.0,0.0,1
Urban,12359,0,0,0,0.0,0.0,0.0,1
Urban,12360,0,0,0,0.0,0.0,0.0,1
Urban,12361,0,0,0,0.0,0.0,0.0,1
Urban,12362,0,0,0,0.0,0.0,0.0,1
Urban,12363,0,0,0,0.0,0.0,0.0,1
Urban,12364,0,0,0,0.0,0.0,0.0,1
Urban,12365,0,0,0,0.0,0.0,0.0,1
Urban,12366,0,0,0,0.0,0.0,0.0,1
Urban,12367,0,0,0,0.0,0.0,0.0,1
Urban,12368,0,0,0,0.0,0.0,0.0,1
Urban,12369,0,0,0,0.0,0.0,0.0,1
Urban,12370,0,0,0,0.0,0.0,0.0,1
Urban,12371,0,0,0,0.0,0.0,0.0,1
Urban,12372,0,0,0,0.0,0.0,0.0,1
Urban,12373,0,0,0,0.0,0.0,0.0,1
Urban,12374,0,0,0,0.0,0.0,0.0,1
Urban,12375,0,0,0,0.0,0.0,0.0,1
Urban,12376,0,0,0,0.0,0.0,0.0,1
Urban,12377,0,0,0,0.0,0.0,0.0,1
Urban,12378,0,0,0,0.0,0.0,0.0,1
Urban,12379,0,0,0,0.0,0.0,0.0,1
Urban,12380,0,0,0,0.0,0.0,0.0,1
Urban,12381,0,0,0,0.0,0.0,0.0,1
Urban,12382,0,0,0,0.0,0.0,0.0,1
Urban,12383,0,0,0,0.0,0.0,0.0,1
Urban,12384,0,0,0,0.0,0.0,0.0,1
Urban,12385,0,0,0,0.0,0.0,0.0,1
Urban,12386,0,0,0,0.0,0.0,0.0,1
Urban,12387,0,0,0,0.0,0.0,0.0,1
Urban,12388,0,0,0,0.0,0.0,0.0,1
Urban,12389,0,0,0,0.0,0.0,0.0,1
Urban,12390,0,0,0,0.0,0.0,0.0,1
Urban,12391,0,0,0,0.0,0.0,0.0,1
Urban,12392,0,0,0,0.0,0.0,0.0,1
Urban,12393,0,0,0,0.0,0.0,0.0,1
Urban,12394,0,0,0,0.0,0.0,0.0,1
Urban,12395,0,0,0,0.0,0.0,0.0,1
Urban,12396,0,0,0,0.0,0.0,0.0,1
Urban,12397,0,0,0,0.0,0.0,0.0,1
Urban,12398,0,0,0,0.0,0.0,0.0,1
Urban,12399,0,0,0,0.0,0.0,0.0,1
Urban,12400,0,0,0,0.0,0.0,0.0,1
Urban,12401,0,0,0,0.0,0.0,0.0,1
Urban,12402,0,0,0,0.0,0.0,0.0,1
Urban,12403,0,0,0,0.0,0.0,0.0,1
Urban,12404,0,0,0,0.0,0.0,0.0,1
Urban,12405,0,0,0,0.0,0.0,0.0,1
Urban,12406,0,0,0,0.0,0.0,0.0,1
Urban,12407,0,0,0,0.0,0.0,0.0,1
Urban,12408,0,0,0,0.0,0.0,0.0,1
Urban,12409,0,0,0,0.0,0.0,0.0,1
Urban,12410,0,0,0,0.0,0.0,0.0,1
Urban,12411,0,0,0,0.0,0.0,0.0,1
Urban,12412,0,0,0,0.0,0.0,0.0,1
Urban,12413,0,0,0,0.0,0.0,0.0,1
Urban,12414,0,0,0,0.0,0.0,0.0,1
Urban,12415,0,0,0,0.0,0.0,0.0,1
Urban,12416,0,0,0,0.0,0.0,0.0,1
Urban,12417,0,0,0,0.0,0.0,0.0,1
Urban,12418,0,0,0,0.0,0.0,0.0,1
Urban,12419,0,0,0,0.0,0.0,0.0,1
Urban,12420,0,0,0,0.0,0.0,0.0,1
Urban,12421,0,0,0,0.0,0.0,0.0,1
Urban,12422,0,0,0,0.0,0.0,0.0,1
Urban,12423,0,0,0,0.0,0.0,0.0,1
Urban,12424,0,0,0,0.0,0.0,0.0,1
Urban,12425,0,0,0,0.0,0.0,0.0,1
Urban,12426,0,0,0,0.0,0.0,0.0,1
Urban,12427,0,0,0,0.0,0.0,0.0,1
Urban,12428,0,0,0,0.0,0.0,0.0,1
Urban,12429,0,0,0,0.0,0.0,0.0,1
Urban,12430,0,0,0,0.0,0.0,0.0,1
Urban,12431,0,0,0,0.0,0.0,0.0,1
Urban,12432,0,0,0,0.0,0.0,0.0,1
Urban,12433,0,0,0,0.0,0.0,0.0,1
Urban,12434,0,0,0,0.0,0.0,0.0,1
Urban,12435,0,0,0,0.0,0.0,0.0,1
Urban,12436,0,0,0,0.0,0.0,0.0,1
Urban,12437,0,0,0,0.0,0.0,0.0,1
Urban,12438,0,0,0,0.0,0.0,0.0,1
Urban,12439,0,0,0,0.0,0.0,0.0,1
Urban,12440,0,0,0,0.0,0.0,0.0,1
Urban,12441,0,0,0,0.0,0.0,0.0,1
Urban,12442,0,0,0,0.0,0.0,0.0,1
Urban,12443,0,0,0,0.0,0.0,0.0,1
Urban,12444,0,0,0,0.0,0.0,0.0,1
Urban,12445,0,0,0,0.0,0.0,0.0,1
Urban,12446,0,0,0,0.0,0.0,0.0,1
Urban,12447,0,0,0,0.0,0.0,0.0,1
Urban,12448,0,0,0,0.0,0.0,0.0,1
Urban,12449,0,0,0,0.0,0.0,0.0,1
Urban,12450,0,0,0,0.0,0.0,0.0,1
Urban,12451,0,0,0,0.0,0.0,0.0,1
Urban,12452,0,0,0,0.0,0.0,0.0,1
Urban,12453,0,0,0,0.0,0.0,0.0,1
Urban,12454,0,0,0,0.0,0.0,0.0,1
Urban,12455,0,0,0,0.0,0.0,0.0,1
Urban,12456,0,0,0,0.0,0.0,0.0,1
Urban,12457,0,0,0,0.0,0.0,0.0,1
Urban,12458,0,0,0,0.0,0.0,0.0,1
Urban,12459,0,0,0,0.0,0.0,0.0,1
Urban,12460,0,0,0,0.0,0.0,0.0,1
Urban,12461,0,0,0,0.0,0.0,0.0,1
Urban,12462,0,0,0,0.0,0.0,0.0,1
Urban,12463,0,0,0,0.0,0.0,0.0,1
Urban,12464,0,0,0,0.0,0.0,0.0,1
Urban,12465,0,0,0,0.0,0.0,0.0,1
Urban,12466,0,0,0,0.0,0.0,0.0,1
Urban,12467,0,0,0,0.0,0.0,0.0,1
Urban,12468,0,0,0,0.0,0.0,0.0,1
Urban,12469,0,0,0,0.0,0.0,0.0,1
Urban,12470,0,0,0,0.0,0.0,0.0,1
Urban,12471,0,0,0,0.0,0.0,0.0,1
Urban,12472,0,0,0,0.0,0.0,0.0,1
Urban,12473,0,0,0,0.0,0.0,0.0,1
Urban,12474,0,0,0,0.0,0.0,0.0,1
Urban,12475,0,0,0,0.0,0.0,0.0,1
Urban,12476,0,0,0,0.0,0.0,0.0,1
Urban,12477,0,0,0,0.0,0.0,0.0,1
Urban,12478,0,0,0,0.0,0.0,0.0,1
Urban,12479,0,0,0,0.0,0.0,0.0,1
Urban,12480,0,0,0,0.0,0.0,0.0,1
Urban,12481,0,0,0,0.0,0.0,0.0,1
Urban,12482,0,0,0,0.0,0.0,0.0,1
Urban,12483,0,0,0,0.0,0.0,0.0,1
Urban,12484,0,0,0,0.0,0.0,0.0,1
Urban,12485,0,0,0,0.0,0.0,0.0,1
Urban,12486,0,0,0,0.0,0.0,0.0,1
Urban,12487,0,0,0,0.0,0.0,0.0,1
Urban,12488,0,0,0,0.0,0.0,0.0,1
Urban,12489,0,0,0,0.0,0.0,0.0,1
Urban,12490,0,0,0,0.0,0.0,0.0,1
Urban,12491,0,0,0,0.0,0.0,0.0,1
Urban,12492,0,0,0,0.0,0.0,0.0,1
Urban,12493,0,0,0,0.0,0.0,0.0,1
Urban,12494,0,0,0,0.0,0.0,0.0,1
Urban,12495,0,0,0,0.0,0.0,0.0,1
Urban,12496,0,0,0,0.0,0.0,0.0,1
Urban,12497,0,0,0,0.0,0.0,0.0,1
Urban,12498,0,0,0,0.0,0.0,0.0,1
Urban,12499,0,0,0,0.0,0.0,0.0,1
Urban,12500,0,0,0,0.0,0.0,0.0,1
Urban,12501,0,0,0,0.0,0.0,0.0,1
Urban,12502,0,0,0,0.0,0.0,0.0,1
Urban,12503,0,0,0,0.0,0.0,0.0,1
Urban,12504,0,0,0,0.0,0.0,0.0,1
Urban,12505,0,0,0,0.0,0.0,0.0,1
Urban,12506,0,0,0,0.0,0.0,0.0,1
Urban,12507,0,0,0,0.0,0.0,0.0,1
Urban,12508,0,0,0,0.0,0.0,0.0,1
Urban,12509,0,0,0,0.0,0.0,0.0,1
Urban,12510,0,0,0,0.0,0.0,0.0,1
Urban,12511,0,0,0,0.0,0.0,0.0,1
Urban,12512,0,0,0,0.0,0.0,0.0,1
Urban,12513,0,0,0,0.0,0.0,0.0,1
Urban,12514,0,0,0,0.0,0.0,0.0,1
Urban,12515,0,0,0,0.0,0.0,0.0,1
Urban,12516,0,0,0,0.0,0.0,0.0,1
Urban,12517,0,0,0,0.0,0.0,0.0,1
Urban,12518,0,0,0,0.0,0.0,0.0,1
Urban,12519,0,0,0,0.0,0.0,0.0,1
Urban,12520,0,0,0,0.0,0.0,0.0,1
Urban,12521,0,0,0,0.0,0.0,0.0,1
Urban,12522,0,0,0,0.0,0.0,0.0,1
Urban,12523,0,0,0,0.0,0.0,0.0,1
Urban,12524,0,0,0,0.0,0.0,0.0,1
Urban,12525,0,0,0,0.0,0.0,0.0,1
Urban,12526,0,0,0,0.0,0.0,0.0,1
Urban,12527,0,0,0,0.0,0.0,0.0,1
Urban,12528,0,0,0,0.0,0.0,0.0,1
Urban,12529,0,0,0,0.0,0.0,0.0,1
Urban,12530,0,0,0,0.0,0.0,0.0,1
Urban,12531,0,0,0,0.0,0.0,0.0,1
Urban,12532,0,0,0,0.0,0.0,0.0,1
Urban,12533,0,0,0,0.0,0.0,0.0,1
Urban,12534,0,0,0,0.0,0.0,0.0,1
Urban,12535,0,0,0,0.0,0.0,0.0,1
Urban,12536,0,0,0,0.0,0.0,0.0,1
Urban,12537,0,0,0,0.0,0.0,0.0,1
Urban,12538,0,0,0,0.0,0.0,0.0,1
Urban,12539,0,0,0,0.0,0.0,0.0,1
Urban,12540,0,0,0,0.0,0.0,0.0,1
Urban,12541,0,0,0,0.0,0.0,0.0,1
Urban,12542,0,0,0,0.0,0.0,0.0,1
Urban,12543,0,0,0,0.0,0.0,0.0,1
Urban,12544,0,0,0,0.0,0.0,0.0,1
Urban,12545,0,0,0,0.0,0.0,0.0,1
Urban,12546,0,0,0,0.0,0.0,0.0,1
Urban,12547,0,0,0,0.0,0.0,0.0,1
Urban,12548,0,0,0,0.0,0.0,0.0,1
Urban,12549,0,0,0,0.0,0.0,0.0,1
Urban,12550,0,0,0,0.0,0.0,0.0,1
Urban,12551,0,0,0,0.0,0.0,0.0,1
Urban,12552,0,0,0,0.0,0.0,0.0,1
Urban,12553,0,0,0,0.0,0.0,0.0,1
Urban,12554,0,0,0,0.0,0.0,0.0,1
Urban,12555,0,0,0,0.0,0.0,0.0,1
Urban,12556,0,0,0,0.0,0.0,0.0,1
Urban,12557,0,0,0,0.0,0.0,0.0,1
Urban,12558,0,0,0,0.0,0.0,0.0,1
Urban,12559,0,0,0,0.0,0.0,0.0,1
Urban,12560,0,0,0,0.0,0.0,0.0,1
Urban,12561,0,0,0,0.0,0.0,0.0,1
Urban,12562,0,0,0,0.0,0.0,0.0,1
Urban,12563,0,0,0,0.0,0.0,0.0,1
Urban,12564,0,0,0,0.0,0.0,0.0,1
Urban,12565,0,0,0,0.0,0.0,0.0,1
Urban,12566,0,0,0,0.0,0.0,0.0,1
Urban,12567,0,0,0,0.0,0.0,0.0,1
Urban,12568,0,0,0,0.0,0.0,0.0,1
Urban,12569,0,0,0,0.0,0.0,0.0,1
Urban,12570,0,0,0,0.0,0.0,0.0,1
Urban,12571,0,0,0,0.0,0.0,0.0,1
Urban,12572,0,0,0,0.0,0.0,0.0,1
Urban,12573,0,0,0,0.0,0.0,0.0,1
Urban,12574,0,0,0,0.0,0.0,0.0,1
Urban,12575,0,0,0,0.0,0.0,0.0,1
Urban,12576,0,0,0,0.0,0.0,0.0,1
Urban,12577,0,0,0,0.0,0.0,0.0,1
Urban,12578,0,0,0,0.0,0.0,0.0,1
Urban,12579,0,0,0,0.0,0.0,0.0,1
Urban,12580,0,0,0,0.0,0.0,0.0,1
Urban,12581,0,0,0,0.0,0.0,0.0,1
Urban,12582,0,0,0,0.0,0.0,0.0,1
Urban,12583,0,0,0,0.0,0.0,0.0,1
Urban,12584,0,0,0,0.0,0.0,0.0,1
Urban,12585,0,0,0,0.0,0.0,0.0,1
Urban,12586,0,0,0,0.0,0.0,0.0,1
Urban,12587,0,0,0,0.0,0.0,0.0,1
Urban,12588,0,0,0,0.0,0.0,0.0,1
Urban,12589,0,0,0,0.0,0.0,0.0,1
Urban,12590,0,0,0,0.0,0.0,0.0,1
Urban,12591,0,0,0,0.0,0.0,0.0,1
Urban,12592,0,0,0,0.0,0.0,0.0,1
Urban,12593,0,0,0,0.0,0.0,0.0,1
Urban,12594,0,0,0,0.0,0.0,0.0,1
Urban,12595,0,0,0,0.0,0.0,0.0,1
Urban,12596,0,0,0,0.0,0.0,0.0,1
Urban,12597,0,0,0,0.0,0.0,0.0,1
Urban,12598,0,0,0,0.0,0.0,0.0,1
Urban,12599,0,0,0,0.0,0.0,0.0,1
Urban,12600,0,0,0,0.0,0.0,0.0,1
Urban,12601,0,0,0,0.0,0.0,0.0,1
Urban,12602,0,0,0,0.0,0.0,0.0,1
Urban,12603,0,0,0,0.0,0.0,0.0,1
Urban,12604,0,0,0,0.0,0.0,0.0,1
Urban,12605,0,0,0,0.0,0.0,0.0,1
Urban,12606,0,0,0,0.0,0.0,0.0,1
Urban,12607,0,0,0,0.0,0.0,0.0,1
Urban,12608,0,0,0,0.0,0.0,0.0,1
Urban,12609,0,0,0,0.0,0.0,0.0,1
Urban,12610,0,0,0,0.0,0.0,0.0,1
Urban,12611,0,0,0,0.0,0.0,0.0,1
Urban,12612,0,0,0,0.0,0.0,0.0,1
Urban,12613,0,0,0,0.0,0.0,0.0,1
Urban,12614,0,0,0,0.0,0.0,0.0,1
Urban,12615,0,0,0,0.0,0.0,0.0,1
Urban,12616,0,0,0,0.0,0.0,0.0,1
Urban,12617,0,0,0,0.0,0.0,0.0,1
Urban,12618,0,0,0,0.0,0.0,0.0,1
Urban,12619,0,0,0,0.0,0.0,0.0,1
Urban,12620,0,0,0,0.0,0.0,0.0,1
Urban,12621,0,0,0,0.0,0.0,0.0,1
Urban,12622,0,0,0,0.0,0.0,0.0,1
Urban,12623,0,0,0,0.0,0.0,0.0,1
Urban,12624,0,0,0,0.0,0.0,0.0,1
Urban,12625,0,0,0,0.0,0.0,0.0,1
Urban,12626,0,0,0,0.0,0.0,0.0,1
Urban,12627,0,0,0,0.0,0.0,0.0,1
Urban,12628,0,0,0,0.0,0.0,0.0,1
Urban,12629,0,0,0,0.0,0.0,0.0,1
Urban,12630,0,0,0,0.0,0.0,0.0,1
Urban,12631,0,0,0,0.0,0.0,0.0,1
Urban,12632,0,0,0,0.0,0.0,0.0,1
Urban,12633,0,0,0,0.0,0.0,0.0,1
Urban,12634,0,0,0,0.0,0.0,0.0,1
Urban,12635,0,0,0,0.0,0.0,0.0,1
Urban,12636,0,0,0,0.0,0.0,0.0,1
Urban,12637,0,0,0,0.0,0.0,0.0,1
Urban,12638,0,0,0,0.0,0.0,0.0,1
Urban,12639,0,0,0,0.0,0.0,0.0,1
Urban,12640,0,0,0,0.0,0.0,0.0,1
Urban,12641,0,0,0,0.0,0.0,0.0,1
Urban,12642,0,0,0,0.0,0.0,0.0,1
Urban,12643,0,0,0,0.0,0.0,0.0,1
Urban,12644,0,0,0,0.0,0.0,0.0,1
Urban,12645,0,0,0,0.0,0.0,0.0,1
Urban,12646,0,0,0,0.0,0.0,0.0,1
Urban,12647,0,0,0,0.0,0.0,0.0,1
Urban,12648,0,0,0,0.0,0.0,0.0,1
Urban,12649,0,0,0,0.0,0.0,0.0,1
Urban,12650,0,0,0,0.0,0.0,0.0,1
Urban,12651,0,0,0,0.0,0.0,0.0,1
Urban,12652,0,0,0,0.0,0.0,0.0,1
Urban,12653,0,0,0,0.0,0.0,0.0,1
Urban,12654,0,0,0,0.0,0.0,0.0,1
Urban,12655,0,0,0,0.0,0.0,0.0,1
Urban,12656,0,0,0,0.0,0.0,0.0,1
Urban,12657,0,0,0,0.0,0.0,0.0,1
Urban,12658,0,0,0,0.0,0.0,0.0,1
Urban,12659,0,0,0,0.0,0.0,0.0,1
Urban,12660,0,0,0,0.0,0.0,0.0,1
Urban,12661,0,0,0,0.0,0.0,0.0,1
Urban,12662,0,0,0,0.0,0.0,0.0,1
Urban,12663,0,0,0,0.0,0.0,0.0,1
Urban,12664,0,0,0,0.0,0.0,0.0,1
Urban,12665,0,0,0,0.0,0.0,0.0,1
Urban,12666,0,0,0,0.0,0.0,0.0,1
Urban,12667,0,0,0,0.0,0.0,0.0,1
Urban,12668,0,0,0,0.0,0.0,0.0,1
Urban,12669,0,0,0,0.0,0.0,0.0,1
Urban,12670,0,0,0,0.0,0.0,0.0,1
Urban,12671,0,0,0,0.0,0.0,0.0,1
Urban,12672,0,0,0,0.0,0.0,0.0,1
Urban,12673,0,0,0,0.0,0.0,0.0,1
Urban,12674,0,0,0,0.0,0.0,0.0,1
Urban,12675,0,0,0,0.0,0.0,0.0,1
Urban,12676,0,0,0,0.0,0.0,0.0,1
Urban,12677,0,0,0,0.0,0.0,0.0,1
Urban,12678,0,0,0,0.0,0.0,0.0,1
Urban,12679,0,0,0,0.0,0.0,0.0,1
Urban,12680,0,0,0,0.0,0.0,0.0,1
Urban,12681,0,0,0,0.0,0.0,0.0,1
Urban,12682,0,0,0,0.0,0.0,0.0,1
Urban,12683,0,0,0,0.0,0.0,0.0,1
Urban,12684,0,0,0,0.0,0.0,0.0,1
Urban,12685,0,0,0,0.0,0.0,0.0,1
Urban,12686,0,0,0,0.0,0.0,0.0,1
Urban,12687,0,0,0,0.0,0.0,0.0,1
Urban,12688,0,0,0,0.0,0.0,0.0,1
Urban,12689,0,0,0,0.0,0.0,0.0,1
Urban,12690,0,0,0,0.0,0.0,0.0,1
Urban,12691,0,0,0,0.0,0.0,0.0,1
Urban,12692,0,0,0,0.0,0.0,0.0,1
Urban,12693,0,0,0,0.0,0.0,0.0,1
Urban,12694,0,0,0,0.0,0.0,0.0,1
Urban,12695,0,0,0,0.0,0.0,0.0,1
Urban,12696,0,0,0,0.0,0.0,0.0,1
Urban,12697,0,0,0,0.0,0.0,0.0,1
Urban,12698,0,0,0,0.0,0.0,0.0,1
Urban,12699,0,0,0,0.0,0.0,0.0,1
Urban,12700,0,0,0,0.0,0.0,0.0,1
Urban,12701,0,0,0,0.0,0.0,0.0,1
Urban,12702,0,0,0,0.0,0.0,0.0,1
Urban,12703,0,0,0,0.0,0.0,0.0,1
Urban,12704,0,0,0,0.0,0.0,0.0,1
Urban,12705,0,0,0,0.0,0.0,0.0,1
Urban,12706,0,0,0,0.0,0.0,0.0,1
Urban,12707,0,0,0,0.0,0.0,0.0,1
Urban,12708,0,0,0,0.0,0.0,0.0,1
Urban,12709,0,0,0,0.0,0.0,0.0,1
Urban,12710,0,0,0,0.0,0.0,0.0,1
Urban,12711,0,0,0,0.0,0.0,0.0,1
Urban,12712,0,0,0,0.0,0.0,0.0,1
Urban,12713,0,0,0,0.0,0.0,0.0,1
Urban,12714,0,0,0,0.0,0.0,0.0,1
Urban,12715,0,0,0,0.0,0.0,0.0,1
Urban,12716,0,0,0,0.0,0.0,0.0,1
Urban,12717,0,0,0,0.0,0.0,0.0,1
Urban,12718,0,0,0,0.0,0.0,0.0,1
Urban,12719,0,0,0,0.0,0.0,0.0,1
Urban,12720,0,0,0,0.0,0.0,0.0,1
Urban,12721,0,0,0,0.0,0.0,0.0,1
Urban,12722,0,0,0,0.0,0.0,0.0,1
Urban,12723,0,0,0,0.0,0.0,0.0,1
Urban,12724,0,0,0,0.0,0.0,0.0,1
Urban,12725,0,0,0,0.0,0.0,0.0,1
Urban,12726,0,0,0,0.0,0.0,0.0,1
Urban,12727,0,0,0,0.0,0.0,0.0,1
Urban,12728,0,0,0,0.0,0.0,0.0,1
Urban,12729,0,0,0,0.0,0.0,0.0,1
Urban,12730,0,0,0,0.0,0.0,0.0,1
Urban,12731,0,0,0,0.0,0.0,0.0,1
Urban,12732,0,0,0,0.0,0.0,0.0,1
Urban,12733,0,0,0,0.0,0.0,0.0,1
Urban,12734,0,0,0,0.0,0.0,0.0,1
Urban,12735,0,0,0,0.0,0.0,0.0,1
Urban,12736,0,0,0,0.0,0.0,0.0,1
Urban,12737,0,0,0,0.0,0.0,0.0,1
Urban,12738,0,0,0,0.0,0.0,0.0,1
Urban,12739,0,0,0,0.0,0.0,0.0,1
Urban,12740,0,0,0,0.0,0.0,0.0,1
Urban,12741,0,0,0,0.0,0.0,0.0,1
Urban,12742,0,0,0,0.0,0.0,0.0,1
Urban,12743,0,0,0,0.0,0.0,0.0,1
Urban,12744,0,0,0,0.0,0.0,0.0,1
Urban,12745,0,0,0,0.0,0.0,0.0,1
Urban,12746,0,0,0,0.0,0.0,0.0,1
Urban,12747,0,0,0,0.0,0.0,0.0,1
Urban,12748,0,0,0,0.0,0.0,0.0,1
Urban,12749,0,0,0,0.0,0.0,0.0,1
Urban,12750,0,0,0,0.0,0.0,0.0,1
Urban,12751,0,0,0,0.0,0.0,0.0,1
Urban,12752,0,0,0,0.0,0.0,0.0,1
Urban,12753,0,0,0,0.0,0.0,0.0,1
Urban,12754,0,0,0,0.0,0.0,0.0,1
Urban,12755,0,0,0,0.0,0.0,0.0,1
Urban,12756,0,0,0,0.0,0.0,0.0,1
Urban,12757,0,0,0,0.0,0.0,0.0,1
Urban,12758,0,0,0,0.0,0.0,0.0,1
Urban,12759,0,0,0,0.0,0.0,0.0,1
Urban,12760,0,0,0,0.0,0.0,0.0,1
Urban,12761,0,0,0,0.0,0.0,0.0,1
Urban,12762,0,0,0,0.0,0.0,0.0,1
Urban,12763,0,0,0,0.0,0.0,0.0,1
Urban,12764,0,0,0,0.0,0.0,0.0,1
Urban,12765,0,0,0,0.0,0.0,0.0,1
Urban,12766,0,0,0,0.0,0.0,0.0,1
Urban,12767,0,0,0,0.0,0.0,0.0,1
Urban,12768,0,0,0,0.0,0.0,0.0,1
Urban,12769,0,0,0,0.0,0.0,0.0,1
Urban,12770,0,0,0,0.0,0.0,0.0,1
Urban,12771,0,0,0,0.0,0.0,0.0,1
Urban,12772,0,0,0,0.0,0.0,0.0,1
Urban,12773,0,0,0,0.0,0.0,0.0,1
Urban,12774,0,0,0,0.0,0.0,0.0,1
Urban,12775,0,0,0,0.0,0.0,0.0,1
Urban,12776,0,0,0,0.0,0.0,0.0,1
Urban,12777,0,0,0,0.0,0.0,0.0,1
Urban,12778,0,0,0,0.0,0.0,0.0,1
Urban,12779,0,0,0,0.0,0.0,0.0,1
Urban,12780,0,0,0,0.0,0.0,0.0,1
Urban,12781,0,0,0,0.0,0.0,0.0,1
Urban,12782,0,0,0,0.0,0.0,0.0,1
Urban,12783,0,0,0,0.0,0.0,0.0,1
Urban,12784,0,0,0,0.0,0.0,0.0,1
Urban,12785,0,0,0,0.0,0.0,0.0,1
Urban,12786,0,0,0,0.0,0.0,0.0,1
Urban,12787,0,0,0,0.0,0.0,0.0,1
Urban,12788,0,0,0,0.0,0.0,0.0,1
Urban,12789,0,0,0,0.0,0.0,0.0,1
Urban,12790,0,0,0,0.0,0.0,0.0,1
Urban,12791,0,0,0,0.0,0.0,0.0,1
Urban,12792,0,0,0,0.0,0.0,0.0,1
Urban,12793,0,0,0,0.0,0.0,0.0,1
Urban,12794,0,0,0,0.0,0.0,0.0,1
Urban,12795,0,0,0,0.0,0.0,0.0,1
Urban,12796,0,0,0,0.0,0.0,0.0,1
Urban,12797,0,0,0,0.0,0.0,0.0,1
Urban,12798,0,0,0,0.0,0.0,0.0,1
Urban,12799,0,0,0,0.0,0.0,0.0,1
Urban,12800,0,0,0,0.0,0.0,0.0,1
Urban,12801,0,0,0,0.0,0.0,0.0,1
Urban,12802,0,0,0,0.0,0.0,0.0,1
Urban,12803,0,0,0,0.0,0.0,0.0,1
Urban,12804,0,0,0,0.0,0.0,0.0,1
Urban,12805,0,0,0,0.0,0.0,0.0,1
Urban,12806,0,0,0,0.0,0.0,0.0,1
Urban,12807,0,0,0,0.0,0.0,0.0,1
Urban,12808,0,0,0,0.0,0.0,0.0,1
Urban,12809,0,0,0,0.0,0.0,0.0,1
Urban,12810,0,0,0,0.0,0.0,0.0,1
Urban,12811,0,0,0,0.0,0.0,0.0,1
Urban,12812,0,0,0,0.0,0.0,0.0,1
Urban,12813,0,0,0,0.0,0.0,0.0,1
Urban,12814,0,0,0,0.0,0.0,0.0,1
Urban,12815,0,0,0,0.0,0.0,0.0,1
Urban,12816,0,0,0,0.0,0.0,0.0,1
Urban,12817,0,0,0,0.0,0.0,0.0,1
Urban,12818,0,0,0,0.0,0.0,0.0,1
Urban,12819,0,0,0,0.0,0.0,0.0,1
Urban,12820,0,0,0,0.0,0.0,0.0,1
Urban,12821,0,0,0,0.0,0.0,0.0,1
Urban,12822,0,0,0,0.0,0.0,0.0,1
Urban,12823,0,0,0,0.0,0.0,0.0,1
Urban,12824,0,0,0,0.0,0.0,0.0,1
Urban,12825,0,0,0,0.0,0.0,0.0,1
Urban,12826,0,0,0,0.0,0.0,0.0,1
Urban,12827,0,0,0,0.0,0.0,0.0,1
Urban,12828,0,0,0,0.0,0.0,0.0,1
Urban,12829,0,0,0,0.0,0.0,0.0,1
Urban,12830,0,0,0,0.0,0.0,0.0,1
Urban,12831,0,0,0,0.0,0.0,0.0,1
Urban,12832,0,0,0,0.0,0.0,0.0,1
Urban,12833,0,0,0,0.0,0.0,0.0,1
Urban,12834,0,0,0,0.0,0.0,0.0,1
Urban,12835,0,0,0,0.0,0.0,0.0,1
Urban,12836,0,0,0,0.0,0.0,0.0,1
Urban,12837,0,0,0,0.0,0.0,0.0,1
Urban,12838,0,0,0,0.0,0.0,0.0,1
Urban,12839,0,0,0,0.0,0.0,0.0,1
Urban,12840,0,0,0,0.0,0.0,0.0,1
Urban,12841,0,0,0,0.0,0.0,0.0,1
Urban,12842,0,0,0,0.0,0.0,0.0,1
Urban,12843,0,0,0,0.0,0.0,0.0,1
Urban,12844,0,0,0,0.0,0.0,0.0,1
Urban,12845,0,0,0,0.0,0.0,0.0,1
Urban,12846,0,0,0,0.0,0.0,0.0,1
Urban,12847,0,0,0,0.0,0.0,0.0,1
Urban,12848,0,0,0,0.0,0.0,0.0,1
Urban,12849,0,0,0,0.0,0.0,0.0,1
Urban,12850,0,0,0,0.0,0.0,0.0,1
Urban,12851,0,0,0,0.0,0.0,0.0,1
Urban,12852,0,0,0,0.0,0.0,0.0,1
Urban,12853,0,0,0,0.0,0.0,0.0,1
Urban,12854,0,0,0,0.0,0.0,0.0,1
Urban,12855,0,0,0,0.0,0.0,0.0,1
Urban,12856,0,0,0,0.0,0.0,0.0,1
Urban,12857,0,0,0,0.0,0.0,0.0,1
Urban,12858,0,0,0,0.0,0.0,0.0,1
Urban,12859,0,0,0,0.0,0.0,0.0,1
Urban,12860,0,0,0,0.0,0.0,0.0,1
Urban,12861,0,0,0,0.0,0.0,0.0,1
Urban,12862,0,0,0,0.0,0.0,0.0,1
Urban,12863,0,0,0,0.0,0.0,0.0,1
Urban,12864,0,0,0,0.0,0.0,0.0,1
Urban,12865,0,0,0,0.0,0.0,0.0,1
Urban,12866,0,0,0,0.0,0.0,0.0,1
Urban,12867,0,0,0,0.0,0.0,0.0,1
Urban,12868,0,0,0,0.0,0.0,0.0,1
Urban,12869,0,0,0,0.0,0.0,0.0,1
Urban,12870,0,0,0,0.0,0.0,0.0,1
Urban,12871,0,0,0,0.0,0.0,0.0,1
Urban,12872,0,0,0,0.0,0.0,0.0,1
Urban,12873,0,0,0,0.0,0.0,0.0,1
Urban,12874,0,0,0,0.0,0.0,0.0,1
Urban,12875,0,0,0,0.0,0.0,0.0,1
Urban,12876,0,0,0,0.0,0.0,0.0,1
Urban,12877,0,0,0,0.0,0.0,0.0,1
Urban,12878,0,0,0,0.0,0.0,0.0,1
Urban,12879,0,0,0,0.0,0.0,0.0,1
Urban,12880,0,0,0,0.0,0.0,0.0,1
Urban,12881,0,0,0,0.0,0.0,0.0,1
Urban,12882,0,0,0,0.0,0.0,0.0,1
Urban,12883,0,0,0,0.0,0.0,0.0,1
Urban,12884,0,0,0,0.0,0.0,0.0,1
Urban,12885,0,0,0,0.0,0.0,0.0,1
Urban,12886,0,0,0,0.0,0.0,0.0,1
Urban,12887,0,0,0,0.0,0.0,0.0,1
Urban,12888,0,0,0,0.0,0.0,0.0,1
Urban,12889,0,0,0,0.0,0.0,0.0,1
Urban,12890,0,0,0,0.0,0.0,0.0,1
Urban,12891,0,0,0,0.0,0.0,0.0,1
Urban,12892,0,0,0,0.0,0.0,0.0,1
Urban,12893,0,0,0,0.0,0.0,0.0,1
Urban,12894,0,0,0,0.0,0.0,0.0,1
Urban,12895,0,0,0,0.0,0.0,0.0,1
Urban,12896,0,0,0,0.0,0.0,0.0,1
Urban,12897,0,0,0,0.0,0.0,0.0,1
Urban,12898,0,0,0,0.0,0.0,0.0,1
Urban,12899,0,0,0,0.0,0.0,0.0,1
Urban,12900,0,0,0,0.0,0.0,0.0,1
Urban,12901,0,0,0,0.0,0.0,0.0,1
Urban,12902,0,0,0,0.0,0.0,0.0,1
Urban,12903,0,0,0,0.0,0.0,0.0,1
Urban,12904,0,0,0,0.0,0.0,0.0,1
Urban,12905,0,0,0,0.0,0.0,0.0,1
Urban,12906,0,0,0,0.0,0.0,0.0,1
Urban,12907,0,0,0,0.0,0.0,0.0,1
Urban,12908,0,0,0,0.0,0.0,0.0,1
Urban,12909,0,0,0,0.0,0.0,0.0,1
Urban,12910,0,0,0,0.0,0.0,0.0,1
Urban,12911,0,0,0,0.0,0.0,0.0,1
Urban,12912,0,0,0,0.0,0.0,0.0,1
Urban,12913,0,0,0,0.0,0.0,0.0,1
Urban,12914,0,0,0,0.0,0.0,0.0,1
Urban,12915,0,0,0,0.0,0.0,0.0,1
Urban,12916,0,0,0,0.0,0.0,0.0,1
Urban,12917,0,0,0,0.0,0.0,0.0,1
Urban,12918,0,0,0,0.0,0.0,0.0,1
Urban,12919,0,0,0,0.0,0.0,0.0,1
Urban,12920,0,0,0,0.0,0.0,0.0,1
Urban,12921,0,0,0,0.0,0.0,0.0,1
Urban,12922,0,0,0,0.0,0.0,0.0,1
Urban,12923,0,0,0,0.0,0.0,0.0,1
Urban,12924,0,0,0,0.0,0.0,0.0,1
Urban,12925,0,0,0,0.0,0.0,0.0,1
Urban,12926,0,0,0,0.0,0.0,0.0,1
Urban,12927,0,0,0,0.0,0.0,0.0,1
Urban,12928,0,0,0,0.0,0.0,0.0,1
Urban,12929,0,0,0,0.0,0.0,0.0,1
Urban,12930,0,0,0,0.0,0.0,0.0,1
Urban,12931,0,0,0,0.0,0.0,0.0,1
Urban,12932,0,0,0,0.0,0.0,0.0,1
Urban,12933,0,0,0,0.0,0.0,0.0,1
Urban,12934,0,0,0,0.0,0.0,0.0,1
Urban,12935,0,0,0,0.0,0.0,0.0,1
Urban,12936,0,0,0,0.0,0.0,0.0,1
Urban,12937,0,0,0,0.0,0.0,0.0,1
Urban,12938,0,0,0,0.0,0.0,0.0,1
Urban,12939,0,0,0,0.0,0.0,0.0,1
Urban,12940,0,0,0,0.0,0.0,0.0,1
Urban,12941,0,0,0,0.0,0.0,0.0,1
Urban,12942,0,0,0,0.0,0.0,0.0,1
Urban,12943,0,0,0,0.0,0.0,0.0,1
Urban,12944,0,0,0,0.0,0.0,0.0,1
Urban,12945,0,0,0,0.0,0.0,0.0,1
Urban,12946,0,0,0,0.0,0.0,0.0,1
Urban,12947,0,0,0,0.0,0.0,0.0,1
Urban,12948,0,0,0,0.0,0.0,0.0,1
Urban,12949,0,0,0,0.0,0.0,0.0,1
Urban,12950,0,0,0,0.0,0.0,0.0,1
Urban,12951,0,0,0,0.0,0.0,0.0,1
Urban,12952,0,0,0,0.0,0.0,0.0,1
Urban,12953,0,0,0,0.0,0.0,0.0,1
Urban,12954,0,0,0,0.0,0.0,0.0,1
Urban,12955,0,0,0,0.0,0.0,0.0,1
Urban,12956,0,0,0,0.0,0.0,0.0,1
Urban,12957,0,0,0,0.0,0.0,0.0,1
Urban,12958,0,0,0,0.0,0.0,0.0,1
Urban,12959,0,0,0,0.0,0.0,0.0,1
Urban,12960,0,0,0,0.0,0.0,0.0,1
Urban,12961,0,0,0,0.0,0.0,0.0,1
Urban,12962,0,0,0,0.0,0.0,0.0,1
Urban,12963,0,0,0,0.0,0.0,0.0,1
Urban,12964,0,0,0,0.0,0.0,0.0,1
Urban,12965,0,0,0,0.0,0.0,0.0,1
Urban,12966,0,0,0,0.0,0.0,0.0,1
Urban,12967,0,0,0,0.0,0.0,0.0,1
Urban,12968,0,0,0,0.0,0.0,0.0,1
Urban,12969,0,0,0,0.0,0.0,0.0,1
Urban,12970,0,0,0,0.0,0.0,0.0,1
Urban,12971,0,0,0,0.0,0.0,0.0,1
Urban,12972,0,0,0,0.0,0.0,0.0,1
Urban,12973,0,0,0,0.0,0.0,0.0,1
Urban,12974,0,0,0,0.0,0.0,0.0,1
Urban,12975,0,0,0,0.0,0.0,0.0,1
Urban,12976,0,0,0,0.0,0.0,0.0,1
Urban,12977,0,0,0,0.0,0.0,0.0,1
Urban,12978,0,0,0,0.0,0.0,0.0,1
Urban,12979,0,0,0,0.0,0.0,0.0,1
Urban,12980,0,0,0,0.0,0.0,0.0,1
Urban,12981,0,0,0,0.0,0.0,0.0,1
Urban,12982,0,0,0,0.0,0.0,0.0,1
Urban,12983,0,0,0,0.0,0.0,0.0,1
Urban,12984,0,0,0,0.0,0.0,0.0,1
Urban,12985,0,0,0,0.0,0.0,0.0,1
Urban,12986,0,0,0,0.0,0.0,0.0,1
Urban,12987,0,0,0,0.0,0.0,0.0,1
Urban,12988,0,0,0,0.0,0.0,0.0,1
Urban,12989,0,0,0,0.0,0.0,0.0,1
Urban,12990,0,0,0,0.0,0.0,0.0,1
Urban,12991,0,0,0,0.0,0.0,0.0,1
Urban,12992,0,0,0,0.0,0.0,0.0,1
Urban,12993,0,0,0,0.0,0.0,0.0,1
Urban,12994,0,0,0,0.0,0.0,0.0,1
Urban,12995,0,0,0,0.0,0.0,0.0,1
Urban,12996,0,0,0,0.0,0.0,0.0,1
Urban,12997,0,0,0,0.0,0.0,0.0,1
Urban,12998,0,0,0,0.0,0.0,0.0,1
Urban,12999,0,0,0,0.0,0.0,0.0,1
Urban,13000,0,0,0,0.0,0.0,0.0,1
Urban,13001,0,0,0,0.0,0.0,0.0,1
Urban,13002,0,0,0,0.0,0.0,0.0,1
Urban,13003,0,0,0,0.0,0.0,0.0,1
Urban,13004,0,0,0,0.0,0.0,0.0,1
Urban,13005,0,0,0,0.0,0.0,0.0,1
Urban,13006,0,0,0,0.0,0.0,0.0,1
Urban,13007,0,0,0,0.0,0.0,0.0,1
Urban,13008,0,0,0,0.0,0.0,0.0,1
Urban,13009,0,0,0,0.0,0.0,0.0,1
Urban,13010,0,0,0,0.0,0.0,0.0,1
Urban,13011,0,0,0,0.0,0.0,0.0,1
Urban,13012,0,0,0,0.0,0.0,0.0,1
Urban,13013,0,0,0,0.0,0.0,0.0,1
Urban,13014,0,0,0,0.0,0.0,0.0,1
Urban,13015,0,0,0,0.0,0.0,0.0,1
Urban,13016,0,0,0,0.0,0.0,0.0,1
Urban,13017,0,0,0,0.0,0.0,0.0,1
Urban,13018,0,0,0,0.0,0.0,0.0,1
Urban,13019,0,0,0,0.0,0.0,0.0,1
Urban,13020,0,0,0,0.0,0.0,0.0,1
Urban,13021,0,0,0,0.0,0.0,0.0,1
Urban,13022,0,0,0,0.0,0.0,0.0,1
Urban,13023,0,0,0,0.0,0.0,0.0,1
Urban,13024,0,0,0,0.0,0.0,0.0,1
Urban,13025,0,0,0,0.0,0.0,0.0,1
Urban,13026,0,0,0,0.0,0.0,0.0,1
Urban,13027,0,0,0,0.0,0.0,0.0,1
Urban,13028,0,0,0,0.0,0.0,0.0,1
Urban,13029,0,0,0,0.0,0.0,0.0,1
Urban,13030,0,0,0,0.0,0.0,0.0,1
Urban,13031,0,0,0,0.0,0.0,0.0,1
Urban,13032,0,0,0,0.0,0.0,0.0,1
Urban,13033,0,0,0,0.0,0.0,0.0,1
Urban,13034,0,0,0,0.0,0.0,0.0,1
Urban,13035,0,0,0,0.0,0.0,0.0,1
Urban,13036,0,0,0,0.0,0.0,0.0,1
Urban,13037,0,0,0,0.0,0.0,0.0,1
Urban,13038,0,0,0,0.0,0.0,0.0,1
Urban,13039,0,0,0,0.0,0.0,0.0,1
Urban,13040,0,0,0,0.0,0.0,0.0,1
Urban,13041,0,0,0,0.0,0.0,0.0,1
Urban,13042,0,0,0,0.0,0.0,0.0,1
Urban,13043,0,0,0,0.0,0.0,0.0,1
Urban,13044,0,0,0,0.0,0.0,0.0,1
Urban,13045,0,0,0,0.0,0.0,0.0,1
Urban,13046,0,0,0,0.0,0.0,0.0,1
Urban,13047,0,0,0,0.0,0.0,0.0,1
Urban,13048,0,0,0,0.0,0.0,0.0,1
Urban,13049,0,0,0,0.0,0.0,0.0,1
Urban,13050,0,0,0,0.0,0.0,0.0,1
Urban,13051,0,0,0,0.0,0.0,0.0,1
Urban,13052,0,0,0,0.0,0.0,0.0,1
Urban,13053,0,0,0,0.0,0.0,0.0,1
Urban,13054,0,0,0,0.0,0.0,0.0,1
Urban,13055,0,0,0,0.0,0.0,0.0,1
Urban,13056,0,0,0,0.0,0.0,0.0,1
Urban,13057,0,0,0,0.0,0.0,0.0,1
Urban,13058,0,0,0,0.0,0.0,0.0,1
Urban,13059,0,0,0,0.0,0.0,0.0,1
Urban,13060,0,0,0,0.0,0.0,0.0,1
Urban,13061,0,0,0,0.0,0.0,0.0,1
Urban,13062,0,0,0,0.0,0.0,0.0,1
Urban,13063,0,0,0,0.0,0.0,0.0,1
Urban,13064,0,0,0,0.0,0.0,0.0,1
Urban,13065,0,0,0,0.0,0.0,0.0,1
Urban,13066,0,0,0,0.0,0.0,0.0,1
Urban,13067,0,0,0,0.0,0.0,0.0,1
Urban,13068,0,0,0,0.0,0.0,0.0,1
Urban,13069,0,0,0,0.0,0.0,0.0,1
Urban,13070,0,0,0,0.0,0.0,0.0,1
Urban,13071,0,0,0,0.0,0.0,0.0,1
Urban,13072,0,0,0,0.0,0.0,0.0,1
Urban,13073,0,0,0,0.0,0.0,0.0,1
Urban,13074,0,0,0,0.0,0.0,0.0,1
Urban,13075,0,0,0,0.0,0.0,0.0,1
Urban,13076,0,0,0,0.0,0.0,0.0,1
Urban,13077,0,0,0,0.0,0.0,0.0,1
Urban,13078,0,0,0,0.0,0.0,0.0,1
Urban,13079,0,0,0,0.0,0.0,0.0,1
Urban,13080,0,0,0,0.0,0.0,0.0,1
Urban,13081,0,0,0,0.0,0.0,0.0,1
Urban,13082,0,0,0,0.0,0.0,0.0,1
Urban,13083,0,0,0,0.0,0.0,0.0,1
Urban,13084,0,0,0,0.0,0.0,0.0,1
Urban,13085,0,0,0,0.0,0.0,0.0,1
Urban,13086,0,0,0,0.0,0.0,0.0,1
Urban,13087,0,0,0,0.0,0.0,0.0,1
Urban,13088,0,0,0,0.0,0.0,0.0,1
Urban,13089,0,0,0,0.0,0.0,0.0,1
Urban,13090,0,0,0,0.0,0.0,0.0,1
Urban,13091,0,0,0,0.0,0.0,0.0,1
Urban,13092,0,0,0,0.0,0.0,0.0,1
Urban,13093,0,0,0,0.0,0.0,0.0,1
Urban,13094,0,0,0,0.0,0.0,0.0,1
Urban,13095,0,0,0,0.0,0.0,0.0,1
Urban,13096,0,0,0,0.0,0.0,0.0,1
Urban,13097,0,0,0,0.0,0.0,0.0,1
Urban,13098,0,0,0,0.0,0.0,0.0,1
Urban,13099,0,0,0,0.0,0.0,0.0,1
Urban,13100,0,0,0,0.0,0.0,0.0,1
Urban,13101,0,0,0,0.0,0.0,0.0,1
Urban,13102,0,0,0,0.0,0.0,0.0,1
Urban,13103,0,0,0,0.0,0.0,0.0,1
Urban,13104,0,0,0,0.0,0.0,0.0,1
Urban,13105,0,0,0,0.0,0.0,0.0,1
Urban,13106,0,0,0,0.0,0.0,0.0,1
Urban,13107,0,0,0,0.0,0.0,0.0,1
Urban,13108,0,0,0,0.0,0.0,0.0,1
Urban,13109,0,0,0,0.0,0.0,0.0,1
Urban,13110,0,0,0,0.0,0.0,0.0,1
Urban,13111,0,0,0,0.0,0.0,0.0,1
Urban,13112,0,0,0,0.0,0.0,0.0,1
Urban,13113,0,0,0,0.0,0.0,0.0,1
Urban,13114,0,0,0,0.0,0.0,0.0,1
Urban,13115,0,0,0,0.0,0.0,0.0,1
Urban,13116,0,0,0,0.0,0.0,0.0,1
Urban,13117,0,0,0,0.0,0.0,0.0,1
Urban,13118,0,0,0,0.0,0.0,0.0,1
Urban,13119,0,0,0,0.0,0.0,0.0,1
Urban,13120,0,0,0,0.0,0.0,0.0,1
Urban,13121,0,0,0,0.0,0.0,0.0,1
Urban,13122,0,0,0,0.0,0.0,0.0,1
Urban,13123,0,0,0,0.0,0.0,0.0,1
Urban,13124,0,0,0,0.0,0.0,0.0,1
Urban,13125,0,0,0,0.0,0.0,0.0,1
Urban,13126,0,0,0,0.0,0.0,0.0,1
Urban,13127,0,0,0,0.0,0.0,0.0,1
Urban,13128,0,0,0,0.0,0.0,0.0,1
Urban,13129,0,0,0,0.0,0.0,0.0,1
Urban,13130,0,0,0,0.0,0.0,0.0,1
Urban,13131,0,0,0,0.0,0.0,0.0,1
Urban,13132,0,0,0,0.0,0.0,0.0,1
Urban,13133,0,0,0,0.0,0.0,0.0,1
Urban,13134,0,0,0,0.0,0.0,0.0,1
Urban,13135,0,0,0,0.0,0.0,0.0,1
Urban,13136,0,0,0,0.0,0.0,0.0,1
Urban,13137,0,0,0,0.0,0.0,0.0,1
Urban,13138,0,0,0,0.0,0.0,0.0,1
Urban,13139,0,0,0,0.0,0.0,0.0,1
Urban,13140,0,0,0,0.0,0.0,0.0,1
Urban,13141,0,0,0,0.0,0.0,0.0,1
Urban,13142,0,0,0,0.0,0.0,0.0,1
Urban,13143,0,0,0,0.0,0.0,0.0,1
Urban,13144,0,0,0,0.0,0.0,0.0,1
Urban,13145,0,0,0,0.0,0.0,0.0,1
Urban,13146,0,0,0,0.0,0.0,0.0,1
Urban,13147,0,0,0,0.0,0.0,0.0,1
Urban,13148,0,0,0,0.0,0.0,0.0,1
Urban,13149,0,0,0,0.0,0.0,0.0,1
Urban,13150,0,0,0,0.0,0.0,0.0,1
Urban,13151,0,0,0,0.0,0.0,0.0,1
Urban,13152,0,0,0,0.0,0.0,0.0,1
Urban,13153,0,0,0,0.0,0.0,0.0,1
Urban,13154,0,0,0,0.0,0.0,0.0,1
Urban,13155,0,0,0,0.0,0.0,0.0,1
Urban,13156,0,0,0,0.0,0.0,0.0,1
Urban,13157,0,0,0,0.0,0.0,0.0,1
Urban,13158,0,0,0,0.0,0.0,0.0,1
Urban,13159,0,0,0,0.0,0.0,0.0,1
Urban,13160,0,0,0,0.0,0.0,0.0,1
Urban,13161,0,0,0,0.0,0.0,0.0,1
Urban,13162,0,0,0,0.0,0.0,0.0,1
Urban,13163,0,0,0,0.0,0.0,0.0,1
Urban,13164,0,0,0,0.0,0.0,0.0,1
Urban,13165,0,0,0,0.0,0.0,0.0,1
Urban,13166,0,0,0,0.0,0.0,0.0,1
Urban,13167,0,0,0,0.0,0.0,0.0,1
Urban,13168,0,0,0,0.0,0.0,0.0,1
Urban,13169,0,0,0,0.0,0.0,0.0,1
Urban,13170,0,0,0,0.0,0.0,0.0,1
Urban,13171,0,0,0,0.0,0.0,0.0,1
Urban,13172,0,0,0,0.0,0.0,0.0,1
Urban,13173,0,0,0,0.0,0.0,0.0,1
Urban,13174,0,0,0,0.0,0.0,0.0,1
Urban,13175,0,0,0,0.0,0.0,0.0,1
Urban,13176,0,0,0,0.0,0.0,0.0,1
Urban,13177,0,0,0,0.0,0.0,0.0,1
Urban,13178,0,0,0,0.0,0.0,0.0,1
Urban,13179,0,0,0,0.0,0.0,0.0,1
Urban,13180,0,0,0,0.0,0.0,0.0,1
Urban,13181,0,0,0,0.0,0.0,0.0,1
Urban,13182,0,0,0,0.0,0.0,0.0,1
Urban,13183,0,0,0,0.0,0.0,0.0,1
Urban,13184,0,0,0,0.0,0.0,0.0,1
Urban,13185,0,0,0,0.0,0.0,0.0,1
Urban,13186,0,0,0,0.0,0.0,0.0,1
Urban,13187,0,0,0,0.0,0.0,0.0,1
Urban,13188,0,0,0,0.0,0.0,0.0,1
Urban,13189,0,0,0,0.0,0.0,0.0,1
Urban,13190,0,0,0,0.0,0.0,0.0,1
Urban,13191,0,0,0,0.0,0.0,0.0,1
Urban,13192,0,0,0,0.0,0.0,0.0,1
Urban,13193,0,0,0,0.0,0.0,0.0,1
Urban,13194,0,0,0,0.0,0.0,0.0,1
Urban,13195,0,0,0,0.0,0.0,0.0,1
Urban,13196,0,0,0,0.0,0.0,0.0,1
Urban,13197,0,0,0,0.0,0.0,0.0,1
Urban,13198,0,0,0,0.0,0.0,0.0,1
Urban,13199,0,0,0,0.0,0.0,0.0,1
Urban,13200,0,0,0,0.0,0.0,0.0,1
Urban,13201,0,0,0,0.0,0.0,0.0,1
Urban,13202,0,0,0,0.0,0.0,0.0,1
Urban,13203,0,0,0,0.0,0.0,0.0,1
Urban,13204,0,0,0,0.0,0.0,0.0,1
Urban,13205,0,0,0,0.0,0.0,0.0,1
Urban,13206,0,0,0,0.0,0.0,0.0,1
Urban,13207,0,0,0,0.0,0.0,0.0,1
Urban,13208,0,0,0,0.0,0.0,0.0,1
Urban,13209,0,0,0,0.0,0.0,0.0,1
Urban,13210,0,0,0,0.0,0.0,0.0,1
Urban,13211,0,0,0,0.0,0.0,0.0,1
Urban,13212,0,0,0,0.0,0.0,0.0,1
Urban,13213,0,0,0,0.0,0.0,0.0,1
Urban,13214,0,0,0,0.0,0.0,0.0,1
Urban,13215,0,0,0,0.0,0.0,0.0,1
Urban,13216,0,0,0,0.0,0.0,0.0,1
Urban,13217,0,0,0,0.0,0.0,0.0,1
Urban,13218,0,0,0,0.0,0.0,0.0,1
Urban,13219,0,0,0,0.0,0.0,0.0,1
Urban,13220,0,0,0,0.0,0.0,0.0,1
Urban,13221,0,0,0,0.0,0.0,0.0,1
Urban,13222,0,0,0,0.0,0.0,0.0,1
Urban,13223,0,0,0,0.0,0.0,0.0,1
Urban,13224,0,0,0,0.0,0.0,0.0,1
Urban,13225,0,0,0,0.0,0.0,0.0,1
Urban,13226,0,0,0,0.0,0.0,0.0,1
Urban,13227,0,0,0,0.0,0.0,0.0,1
Urban,13228,0,0,0,0.0,0.0,0.0,1
Urban,13229,0,0,0,0.0,0.0,0.0,1
Urban,13230,0,0,0,0.0,0.0,0.0,1
Urban,13231,0,0,0,0.0,0.0,0.0,1
Urban,13232,0,0,0,0.0,0.0,0.0,1
Urban,13233,0,0,0,0.0,0.0,0.0,1
Urban,13234,0,0,0,0.0,0.0,0.0,1
Urban,13235,0,0,0,0.0,0.0,0.0,1
Urban,13236,0,0,0,0.0,0.0,0.0,1
Urban,13237,0,0,0,0.0,0.0,0.0,1
Urban,13238,0,0,0,0.0,0.0,0.0,1
Urban,13239,0,0,0,0.0,0.0,0.0,1
Urban,13240,0,0,0,0.0,0.0,0.0,1
Urban,13241,0,0,0,0.0,0.0,0.0,1
Urban,13242,0,0,0,0.0,0.0,0.0,1
Urban,13243,0,0,0,0.0,0.0,0.0,1
Urban,13244,0,0,0,0.0,0.0,0.0,1
Urban,13245,0,0,0,0.0,0.0,0.0,1
Urban,13246,0,0,0,0.0,0.0,0.0,1
Urban,13247,0,0,0,0.0,0.0,0.0,1
Urban,13248,0,0,0,0.0,0.0,0.0,1
Urban,13249,0,0,0,0.0,0.0,0.0,1
Urban,13250,0,0,0,0.0,0.0,0.0,1
Urban,13251,0,0,0,0.0,0.0,0.0,1
Urban,13252,0,0,0,0.0,0.0,0.0,1
Urban,13253,0,0,0,0.0,0.0,0.0,1
Urban,13254,0,0,0,0.0,0.0,0.0,1
Urban,13255,0,0,0,0.0,0.0,0.0,1
Urban,13256,0,0,0,0.0,0.0,0.0,1
Urban,13257,0,0,0,0.0,0.0,0.0,1
Urban,13258,0,0,0,0.0,0.0,0.0,1
Urban,13259,0,0,0,0.0,0.0,0.0,1
Urban,13260,0,0,0,0.0,0.0,0.0,1
Urban,13261,0,0,0,0.0,0.0,0.0,1
Urban,13262,0,0,0,0.0,0.0,0.0,1
Urban,13263,0,0,0,0.0,0.0,0.0,1
Urban,13264,0,0,0,0.0,0.0,0.0,1
Urban,13265,0,0,0,0.0,0.0,0.0,1
Urban,13266,0,0,0,0.0,0.0,0.0,1
Urban,13267,0,0,0,0.0,0.0,0.0,1
Urban,13268,0,0,0,0.0,0.0,0.0,1
Urban,13269,0,0,0,0.0,0.0,0.0,1
Urban,13270,0,0,0,0.0,0.0,0.0,1
Urban,13271,0,0,0,0.0,0.0,0.0,1
Urban,13272,0,0,0,0.0,0.0,0.0,1
Urban,13273,0,0,0,0.0,0.0,0.0,1
Urban,13274,0,0,0,0.0,0.0,0.0,1
Urban,13275,0,0,0,0.0,0.0,0.0,1
Urban,13276,0,0,0,0.0,0.0,0.0,1
Urban,13277,0,0,0,0.0,0.0,0.0,1
Urban,13278,0,0,0,0.0,0.0,0.0,1
Urban,13279,0,0,0,0.0,0.0,0.0,1
Urban,13280,0,0,0,0.0,0.0,0.0,1
Urban,13281,0,0,0,0.0,0.0,0.0,1
Urban,13282,0,0,0,0.0,0.0,0.0,1
Urban,13283,0,0,0,0.0,0.0,0.0,1
Urban,13284,0,0,0,0.0,0.0,0.0,1
Urban,13285,0,0,0,0.0,0.0,0.0,1
Urban,13286,0,0,0,0.0,0.0,0.0,1
Urban,13287,0,0,0,0.0,0.0,0.0,1
Urban,13288,0,0,0,0.0,0.0,0.0,1
Urban,13289,0,0,0,0.0,0.0,0.0,1
Urban,13290,0,0,0,0.0,0.0,0.0,1
Urban,13291,0,0,0,0.0,0.0,0.0,1
Urban,13292,0,0,0,0.0,0.0,0.0,1
Urban,13293,0,0,0,0.0,0.0,0.0,1
Urban,13294,0,0,0,0.0,0.0,0.0,1
Urban,13295,0,0,0,0.0,0.0,0.0,1
Urban,13296,0,0,0,0.0,0.0,0.0,1
Urban,13297,0,0,0,0.0,0.0,0.0,1
Urban,13298,0,0,0,0.0,0.0,0.0,1
Urban,13299,0,0,0,0.0,0.0,0.0,1
Urban,13300,0,0,0,0.0,0.0,0.0,1
Urban,13301,0,0,0,0.0,0.0,0.0,1
Urban,13302,0,0,0,0.0,0.0,0.0,1
Urban,13303,0,0,0,0.0,0.0,0.0,1
Urban,13304,0,0,0,0.0,0.0,0.0,1
Urban,13305,0,0,0,0.0,0.0,0.0,1
Urban,13306,0,0,0,0.0,0.0,0.0,1
Urban,13307,0,0,0,0.0,0.0,0.0,1
Urban,13308,0,0,0,0.0,0.0,0.0,1
Urban,13309,0,0,0,0.0,0.0,0.0,1
Urban,13310,0,0,0,0.0,0.0,0.0,1
Urban,13311,0,0,0,0.0,0.0,0.0,1
Urban,13312,0,0,0,0.0,0.0,0.0,1
Urban,13313,0,0,0,0.0,0.0,0.0,1
Urban,13314,0,0,0,0.0,0.0,0.0,1
Urban,13315,0,0,0,0.0,0.0,0.0,1
Urban,13316,0,0,0,0.0,0.0,0.0,1
Urban,13317,0,0,0,0.0,0.0,0.0,1
Urban,13318,0,0,0,0.0,0.0,0.0,1
Urban,13319,0,0,0,0.0,0.0,0.0,1
Urban,13320,0,0,0,0.0,0.0,0.0,1
Urban,13321,0,0,0,0.0,0.0,0.0,1
Urban,13322,0,0,0,0.0,0.0,0.0,1
Urban,13323,0,0,0,0.0,0.0,0.0,1
Urban,13324,0,0,0,0.0,0.0,0.0,1
Urban,13325,0,0,0,0.0,0.0,0.0,1
Urban,13326,0,0,0,0.0,0.0,0.0,1
Urban,13327,0,0,0,0.0,0.0,0.0,1
Urban,13328,0,0,0,0.0,0.0,0.0,1
Urban,13329,0,0,0,0.0,0.0,0.0,1
Urban,13330,0,0,0,0.0,0.0,0.0,1
Urban,13331,0,0,0,0.0,0.0,0.0,1
Urban,13332,0,0,0,0.0,0.0,0.0,1
Urban,13333,0,0,0,0.0,0.0,0.0,1
Urban,13334,0,0,0,0.0,0.0,0.0,1
Urban,13335,0,0,0,0.0,0.0,0.0,1
Urban,13336,0,0,0,0.0,0.0,0.0,1
Urban,13337,0,0,0,0.0,0.0,0.0,1
Urban,13338,0,0,0,0.0,0.0,0.0,1
Urban,13339,0,0,0,0.0,0.0,0.0,1
Urban,13340,0,0,0,0.0,0.0,0.0,1
Urban,13341,0,0,0,0.0,0.0,0.0,1
Urban,13342,0,0,0,0.0,0.0,0.0,1
Urban,13343,0,0,0,0.0,0.0,0.0,1
Urban,13344,0,0,0,0.0,0.0,0.0,1
Urban,13345,0,0,0,0.0,0.0,0.0,1
Urban,13346,0,0,0,0.0,0.0,0.0,1
Urban,13347,0,0,0,0.0,0.0,0.0,1
Urban,13348,0,0,0,0.0,0.0,0.0,1
Urban,13349,0,0,0,0.0,0.0,0.0,1
Urban,13350,0,0,0,0.0,0.0,0.0,1
Urban,13351,0,0,0,0.0,0.0,0.0,1
Urban,13352,0,0,0,0.0,0.0,0.0,1
Urban,13353,0,0,0,0.0,0.0,0.0,1
Urban,13354,0,0,0,0.0,0.0,0.0,1
Urban,13355,0,0,0,0.0,0.0,0.0,1
Urban,13356,0,0,0,0.0,0.0,0.0,1
Urban,13357,0,0,0,0.0,0.0,0.0,1
Urban,13358,0,0,0,0.0,0.0,0.0,1
Urban,13359,0,0,0,0.0,0.0,0.0,1
Urban,13360,0,0,0,0.0,0.0,0.0,1
Urban,13361,0,0,0,0.0,0.0,0.0,1
Urban,13362,0,0,0,0.0,0.0,0.0,1
Urban,13363,0,0,0,0.0,0.0,0.0,1
Urban,13364,0,0,0,0.0,0.0,0.0,1
Urban,13365,0,0,0,0.0,0.0,0.0,1
Urban,13366,0,0,0,0.0,0.0,0.0,1
Urban,13367,0,0,0,0.0,0.0,0.0,1
Urban,13368,0,0,0,0.0,0.0,0.0,1
Urban,13369,0,0,0,0.0,0.0,0.0,1
Urban,13370,0,0,0,0.0,0.0,0.0,1
Urban,13371,0,0,0,0.0,0.0,0.0,1
Urban,13372,0,0,0,0.0,0.0,0.0,1
Urban,13373,0,0,0,0.0,0.0,0.0,1
Urban,13374,0,0,0,0.0,0.0,0.0,1
Urban,13375,0,0,0,0.0,0.0,0.0,1
Urban,13376,0,0,0,0.0,0.0,0.0,1
Urban,13377,0,0,0,0.0,0.0,0.0,1
Urban,13378,0,0,0,0.0,0.0,0.0,1
Urban,13379,0,0,0,0.0,0.0,0.0,1
Urban,13380,0,0,0,0.0,0.0,0.0,1
Urban,13381,0,0,0,0.0,0.0,0.0,1
Urban,13382,0,0,0,0.0,0.0,0.0,1
Urban,13383,0,0,0,0.0,0.0,0.0,1
Urban,13384,0,0,0,0.0,0.0,0.0,1
Urban,13385,0,0,0,0.0,0.0,0.0,1
Urban,13386,0,0,0,0.0,0.0,0.0,1
Urban,13387,0,0,0,0.0,0.0,0.0,1
Urban,13388,0,0,0,0.0,0.0,0.0,1
Urban,13389,0,0,0,0.0,0.0,0.0,1
Urban,13390,0,0,0,0.0,0.0,0.0,1
Urban,13391,0,0,0,0.0,0.0,0.0,1
Urban,13392,0,0,0,0.0,0.0,0.0,1
Urban,13393,0,0,0,0.0,0.0,0.0,1
Urban,13394,0,0,0,0.0,0.0,0.0,1
Urban,13395,0,0,0,0.0,0.0,0.0,1
Urban,13396,0,0,0,0.0,0.0,0.0,1
Urban,13397,0,0,0,0.0,0.0,0.0,1
Urban,13398,0,0,0,0.0,0.0,0.0,1
Urban,13399,0,0,0,0.0,0.0,0.0,1
Urban,13400,0,0,0,0.0,0.0,0.0,1
Urban,13401,0,0,0,0.0,0.0,0.0,1
Urban,13402,0,0,0,0.0,0.0,0.0,1
Urban,13403,0,0,0,0.0,0.0,0.0,1
Urban,13404,0,0,0,0.0,0.0,0.0,1
Urban,13405,0,0,0,0.0,0.0,0.0,1
Urban,13406,0,0,0,0.0,0.0,0.0,1
Urban,13407,0,0,0,0.0,0.0,0.0,1
Urban,13408,0,0,0,0.0,0.0,0.0,1
Urban,13409,0,0,0,0.0,0.0,0.0,1
Urban,13410,0,0,0,0.0,0.0,0.0,1
Urban,13411,0,0,0,0.0,0.0,0.0,1
Urban,13412,0,0,0,0.0,0.0,0.0,1
Urban,13413,0,0,0,0.0,0.0,0.0,1
Urban,13414,0,0,0,0.0,0.0,0.0,1
Urban,13415,0,0,0,0.0,0.0,0.0,1
Urban,13416,0,0,0,0.0,0.0,0.0,1
Urban,13417,0,0,0,0.0,0.0,0.0,1
Urban,13418,0,0,0,0.0,0.0,0.0,1
Urban,13419,0,0,0,0.0,0.0,0.0,1
Urban,13420,0,0,0,0.0,0.0,0.0,1
Urban,13421,0,0,0,0.0,0.0,0.0,1
Urban,13422,0,0,0,0.0,0.0,0.0,1
Urban,13423,0,0,0,0.0,0.0,0.0,1
Urban,13424,0,0,0,0.0,0.0,0.0,1
Urban,13425,0,0,0,0.0,0.0,0.0,1
Urban,13426,0,0,0,0.0,0.0,0.0,1
Urban,13427,0,0,0,0.0,0.0,0.0,1
Urban,13428,0,0,0,0.0,0.0,0.0,1
Urban,13429,0,0,0,0.0,0.0,0.0,1
Urban,13430,0,0,0,0.0,0.0,0.0,1
Urban,13431,0,0,0,0.0,0.0,0.0,1
Urban,13432,0,0,0,0.0,0.0,0.0,1
Urban,13433,0,0,0,0.0,0.0,0.0,1
Urban,13434,0,0,0,0.0,0.0,0.0,1
Urban,13435,0,0,0,0.0,0.0,0.0,1
Urban,13436,0,0,0,0.0,0.0,0.0,1
Urban,13437,0,0,0,0.0,0.0,0.0,1
Urban,13438,0,0,0,0.0,0.0,0.0,1
Urban,13439,0,0,0,0.0,0.0,0.0,1
Urban,13440,0,0,0,0.0,0.0,0.0,1
Urban,13441,0,0,0,0.0,0.0,0.0,1
Urban,13442,0,0,0,0.0,0.0,0.0,1
Urban,13443,0,0,0,0.0,0.0,0.0,1
Urban,13444,0,0,0,0.0,0.0,0.0,1
Urban,13445,0,0,0,0.0,0.0,0.0,1
Urban,13446,0,0,0,0.0,0.0,0.0,1
Urban,13447,0,0,0,0.0,0.0,0.0,1
Urban,13448,0,0,0,0.0,0.0,0.0,1
Urban,13449,0,0,0,0.0,0.0,0.0,1
Urban,13450,0,0,0,0.0,0.0,0.0,1
Urban,13451,0,0,0,0.0,0.0,0.0,1
Urban,13452,0,0,0,0.0,0.0,0.0,1
Urban,13453,0,0,0,0.0,0.0,0.0,1
Urban,13454,0,0,0,0.0,0.0,0.0,1
Urban,13455,0,0,0,0.0,0.0,0.0,1
Urban,13456,0,0,0,0.0,0.0,0.0,1
Urban,13457,0,0,0,0.0,0.0,0.0,1
Urban,13458,0,0,0,0.0,0.0,0.0,1
Urban,13459,0,0,0,0.0,0.0,0.0,1
Urban,13460,0,0,0,0.0,0.0,0.0,1
Urban,13461,0,0,0,0.0,0.0,0.0,1
Urban,13462,0,0,0,0.0,0.0,0.0,1
Urban,13463,0,0,0,0.0,0.0,0.0,1
Urban,13464,0,0,0,0.0,0.0,0.0,1
Urban,13465,0,0,0,0.0,0.0,0.0,1
Urban,13466,0,0,0,0.0,0.0,0.0,1
Urban,13467,0,0,0,0.0,0.0,0.0,1
Urban,13468,0,0,0,0.0,0.0,0.0,1
Urban,13469,0,0,0,0.0,0.0,0.0,1
Urban,13470,0,0,0,0.0,0.0,0.0,1
Urban,13471,0,0,0,0.0,0.0,0.0,1
Urban,13472,0,0,0,0.0,0.0,0.0,1
Urban,13473,0,0,0,0.0,0.0,0.0,1
Urban,13474,0,0,0,0.0,0.0,0.0,1
Urban,13475,0,0,0,0.0,0.0,0.0,1
Urban,13476,0,0,0,0.0,0.0,0.0,1
Urban,13477,0,0,0,0.0,0.0,0.0,1
Urban,13478,0,0,0,0.0,0.0,0.0,1
Urban,13479,0,0,0,0.0,0.0,0.0,1
Urban,13480,0,0,0,0.0,0.0,0.0,1
Urban,13481,0,0,0,0.0,0.0,0.0,1
Urban,13482,0,0,0,0.0,0.0,0.0,1
Urban,13483,0,0,0,0.0,0.0,0.0,1
Urban,13484,0,0,0,0.0,0.0,0.0,1
Urban,13485,0,0,0,0.0,0.0,0.0,1
Urban,13486,0,0,0,0.0,0.0,0.0,1
Urban,13487,0,0,0,0.0,0.0,0.0,1
Urban,13488,0,0,0,0.0,0.0,0.0,1
Urban,13489,0,0,0,0.0,0.0,0.0,1
Urban,13490,0,0,0,0.0,0.0,0.0,1
Urban,13491,0,0,0,0.0,0.0,0.0,1
Urban,13492,0,0,0,0.0,0.0,0.0,1
Urban,13493,0,0,0,0.0,0.0,0.0,1
Urban,13494,0,0,0,0.0,0.0,0.0,1
Urban,13495,0,0,0,0.0,0.0,0.0,1
Urban,13496,0,0,0,0.0,0.0,0.0,1
Urban,13497,0,0,0,0.0,0.0,0.0,1
Urban,13498,0,0,0,0.0,0.0,0.0,1
Urban,13499,0,0,0,0.0,0.0,0.0,1
Urban,13500,0,0,0,0.0,0.0,0.0,1
Urban,13501,0,0,0,0.0,0.0,0.0,1
Urban,13502,0,0,0,0.0,0.0,0.0,1
Urban,13503,0,0,0,0.0,0.0,0.0,1
Urban,13504,0,0,0,0.0,0.0,0.0,1
Urban,13505,0,0,0,0.0,0.0,0.0,1
Urban,13506,0,0,0,0.0,0.0,0.0,1
Urban,13507,0,0,0,0.0,0.0,0.0,1
Urban,13508,0,0,0,0.0,0.0,0.0,1
Urban,13509,0,0,0,0.0,0.0,0.0,1
Urban,13510,0,0,0,0.0,0.0,0.0,1
Urban,13511,0,0,0,0.0,0.0,0.0,1
Urban,13512,0,0,0,0.0,0.0,0.0,1
Urban,13513,0,0,0,0.0,0.0,0.0,1
Urban,13514,0,0,0,0.0,0.0,0.0,1
Urban,13515,0,0,0,0.0,0.0,0.0,1
Urban,13516,0,0,0,0.0,0.0,0.0,1
Urban,13517,0,0,0,0.0,0.0,0.0,1
Urban,13518,0,0,0,0.0,0.0,0.0,1
Urban,13519,0,0,0,0.0,0.0,0.0,1
Urban,13520,0,0,0,0.0,0.0,0.0,1
Urban,13521,0,0,0,0.0,0.0,0.0,1
Urban,13522,0,0,0,0.0,0.0,0.0,1
Urban,13523,0,0,0,0.0,0.0,0.0,1
Urban,13524,0,0,0,0.0,0.0,0.0,1
Urban,13525,0,0,0,0.0,0.0,0.0,1
Urban,13526,0,0,0,0.0,0.0,0.0,1
Urban,13527,0,0,0,0.0,0.0,0.0,1
Urban,13528,0,0,0,0.0,0.0,0.0,1
Urban,13529,0,0,0,0.0,0.0,0.0,1
Urban,13530,0,0,0,0.0,0.0,0.0,1
Urban,13531,0,0,0,0.0,0.0,0.0,1
Urban,13532,0,0,0,0.0,0.0,0.0,1
Urban,13533,0,0,0,0.0,0.0,0.0,1
Urban,13534,0,0,0,0.0,0.0,0.0,1
Urban,13535,0,0,0,0.0,0.0,0.0,1
Urban,13536,0,0,0,0.0,0.0,0.0,1
Urban,13537,0,0,0,0.0,0.0,0.0,1
Urban,13538,0,0,0,0.0,0.0,0.0,1
Urban,13539,0,0,0,0.0,0.0,0.0,1
Urban,13540,0,0,0,0.0,0.0,0.0,1
Urban,13541,0,0,0,0.0,0.0,0.0,1
Urban,13542,0,0,0,0.0,0.0,0.0,1
Urban,13543,0,0,0,0.0,0.0,0.0,1
Urban,13544,0,0,0,0.0,0.0,0.0,1
Urban,13545,0,0,0,0.0,0.0,0.0,1
Urban,13546,0,0,0,0.0,0.0,0.0,1
Urban,13547,0,0,0,0.0,0.0,0.0,1
Urban,13548,0,0,0,0.0,0.0,0.0,1
Urban,13549,0,0,0,0.0,0.0,0.0,1
Urban,13550,0,0,0,0.0,0.0,0.0,1
Urban,13551,0,0,0,0.0,0.0,0.0,1
Urban,13552,0,0,0,0.0,0.0,0.0,1
Urban,13553,0,0,0,0.0,0.0,0.0,1
Urban,13554,0,0,0,0.0,0.0,0.0,1
Urban,13555,0,0,0,0.0,0.0,0.0,1
Urban,13556,0,0,0,0.0,0.0,0.0,1
Urban,13557,0,0,0,0.0,0.0,0.0,1
Urban,13558,0,0,0,0.0,0.0,0.0,1
Urban,13559,0,0,0,0.0,0.0,0.0,1
Urban,13560,0,0,0,0.0,0.0,0.0,1
Urban,13561,0,0,0,0.0,0.0,0.0,1
Urban,13562,0,0,0,0.0,0.0,0.0,1
Urban,13563,0,0,0,0.0,0.0,0.0,1
Urban,13564,0,0,0,0.0,0.0,0.0,1
Urban,13565,0,0,0,0.0,0.0,0.0,1
Urban,13566,0,0,0,0.0,0.0,0.0,1
Urban,13567,0,0,0,0.0,0.0,0.0,1
Urban,13568,0,0,0,0.0,0.0,0.0,1
Urban,13569,0,0,0,0.0,0.0,0.0,1
Urban,13570,0,0,0,0.0,0.0,0.0,1
Urban,13571,0,0,0,0.0,0.0,0.0,1
Urban,13572,0,0,0,0.0,0.0,0.0,1
Urban,13573,0,0,0,0.0,0.0,0.0,1
Urban,13574,0,0,0,0.0,0.0,0.0,1
Urban,13575,0,0,0,0.0,0.0,0.0,1
Urban,13576,0,0,0,0.0,0.0,0.0,1
Urban,13577,0,0,0,0.0,0.0,0.0,1
Urban,13578,0,0,0,0.0,0.0,0.0,1
Urban,13579,0,0,0,0.0,0.0,0.0,1
Urban,13580,0,0,0,0.0,0.0,0.0,1
Urban,13581,0,0,0,0.0,0.0,0.0,1
Urban,13582,0,0,0,0.0,0.0,0.0,1
Urban,13583,0,0,0,0.0,0.0,0.0,1
Urban,13584,0,0,0,0.0,0.0,0.0,1
Urban,13585,0,0,0,0.0,0.0,0.0,1
Urban,13586,0,0,0,0.0,0.0,0.0,1
Urban,13587,0,0,0,0.0,0.0,0.0,1
Urban,13588,0,0,0,0.0,0.0,0.0,1
Urban,13589,0,0,0,0.0,0.0,0.0,1
Urban,13590,0,0,0,0.0,0.0,0.0,1
Urban,13591,0,0,0,0.0,0.0,0.0,1
Urban,13592,0,0,0,0.0,0.0,0.0,1
Urban,13593,0,0,0,0.0,0.0,0.0,1
Urban,13594,0,0,0,0.0,0.0,0.0,1
Urban,13595,0,0,0,0.0,0.0,0.0,1
Urban,13596,0,0,0,0.0,0.0,0.0,1
Urban,13597,0,0,0,0.0,0.0,0.0,1
Urban,13598,0,0,0,0.0,0.0,0.0,1
Urban,13599,0,0,0,0.0,0.0,0.0,1
Urban,13600,0,0,0,0.0,0.0,0.0,1
Urban,13601,0,0,0,0.0,0.0,0.0,1
Urban,13602,0,0,0,0.0,0.0,0.0,1
Urban,13603,0,0,0,0.0,0.0,0.0,1
Urban,13604,0,0,0,0.0,0.0,0.0,1
Urban,13605,0,0,0,0.0,0.0,0.0,1
Urban,13606,0,0,0,0.0,0.0,0.0,1
Urban,13607,0,0,0,0.0,0.0,0.0,1
Urban,13608,0,0,0,0.0,0.0,0.0,1
Urban,13609,0,0,0,0.0,0.0,0.0,1
Urban,13610,0,0,0,0.0,0.0,0.0,1
Urban,13611,0,0,0,0.0,0.0,0.0,1
Urban,13612,0,0,0,0.0,0.0,0.0,1
Urban,13613,0,0,0,0.0,0.0,0.0,1
Urban,13614,0,0,0,0.0,0.0,0.0,1
Urban,13615,0,0,0,0.0,0.0,0.0,1
Urban,13616,0,0,0,0.0,0.0,0.0,1
Urban,13617,0,0,0,0.0,0.0,0.0,1
Urban,13618,0,0,0,0.0,0.0,0.0,1
Urban,13619,0,0,0,0.0,0.0,0.0,1
Urban,13620,0,0,0,0.0,0.0,0.0,1
Urban,13621,0,0,0,0.0,0.0,0.0,1
Urban,13622,0,0,0,0.0,0.0,0.0,1
Urban,13623,0,0,0,0.0,0.0,0.0,1
Urban,13624,0,0,0,0.0,0.0,0.0,1
Urban,13625,0,0,0,0.0,0.0,0.0,1
Urban,13626,0,0,0,0.0,0.0,0.0,1
Urban,13627,0,0,0,0.0,0.0,0.0,1
Urban,13628,0,0,0,0.0,0.0,0.0,1
Urban,13629,0,0,0,0.0,0.0,0.0,1
Urban,13630,0,0,0,0.0,0.0,0.0,1
Urban,13631,0,0,0,0.0,0.0,0.0,1
Urban,13632,0,0,0,0.0,0.0,0.0,1
Urban,13633,0,0,0,0.0,0.0,0.0,1
Urban,13634,0,0,0,0.0,0.0,0.0,1
Urban,13635,0,0,0,0.0,0.0,0.0,1
Urban,13636,0,0,0,0.0,0.0,0.0,1
Urban,13637,0,0,0,0.0,0.0,0.0,1
Urban,13638,0,0,0,0.0,0.0,0.0,1
Urban,13639,0,0,0,0.0,0.0,0.0,1
Urban,13640,0,0,0,0.0,0.0,0.0,1
Urban,13641,0,0,0,0.0,0.0,0.0,1
Urban,13642,0,0,0,0.0,0.0,0.0,1
Urban,13643,0,0,0,0.0,0.0,0.0,1
Urban,13644,0,0,0,0.0,0.0,0.0,1
Urban,13645,0,0,0,0.0,0.0,0.0,1
Urban,13646,0,0,0,0.0,0.0,0.0,1
Urban,13647,0,0,0,0.0,0.0,0.0,1
Urban,13648,0,0,0,0.0,0.0,0.0,1
Urban,13649,0,0,0,0.0,0.0,0.0,1
Rural,1,0,0,0,0.0,0.0,0.0,0
